_id,ID,Titulo del proyecto,Descripcion del proyecto,Objetivo de la operacion,Instrumento de inversion,Soberano / No Soberano,Estado,Pais,Ubicacion subnacional,Domicilio,Descripcion del cliente y contactos,Ejecutor o cliente,Sub-sectores,Sectores,Inversion repetida,Fecha de firma,Fecha de aprobacion,Fecha de actualizacion,Fecha de divulgacion,Monto aprobado,Monto desembolsado,Monto concesional,Descripcion monto concesional,Moneda,Costo total de la inversion,Tipo de fuente,Nombre de la fuente externa,Monto de la fuente externa,Movilizacion de recursos,Categoria E&S,Financiamiento climatico,Mitigacion/Adaptacion,Monto de financiamento climatico,Monto mitigacion,Monto adaptacion,Justificacion del financiamento climatico,Monto biodiversidad,Adicionalidad no financiera brindada por el BCIE,Adicionalidad no finaciera valorada por el cliente,Adicionalidad financiera brindada por el BCIE,Adicionalidad financiera valorada por el cliente,Descripcion de la adicionalidad aplicable,Documentos por operacion,Gestion y medicion de impacto,Contacto BCIE,URL IATI
1,500635,"LGC - Banco Avanz, S.A.","Los fondos podrán ser utilizados en operaciones que se enmarquen en los diferentes programas de intermediación financiera del BCIE, con énfasis en los programas de apoyo a la mipyme, facilidad de apoyo a las mipymes afectadas por el COVID-19 y a sectores productivos en general, impulsando la competitividad sostenible, así como emprendimientos innovadores como el Programa Regional de Financiamiento Empresarial para Mujeres (FEM).",N/A,Línea Global de Crédito,Garantía No Soberana,Cierre,Nicaragua,Nicaragua,Nicaragua,N/A,"Banco Avanz, S.A.",N/A,N/A,No,2021-06-18,2021-05-25,2026-09-11,2021-05-25,8000000.0,12000000,N/A,N/A,USD,N/A,Recursos Ordinarios,N/A,N/A,0,C,NO,N/A,N/A,N/A,N/A,N/A,N/A,N/A,N/A,N/A,N/A,N/A,https://www.bcie.org/proyectos/500635,https://datosabiertos.bcie.org/dataset/impacto-del-desarrollo/resource/75bed7b6-0842-4f86-9235-6c6fd851b0f9,https://www.bcie.org/contactenos,N/A
2,500437,Programa de Obras Estratégicas de Infraestructura Vial (Programa de Obras),"La operación consiste en la ampliación del monto y alcance del préstamo 2080 del CONAVI, mediante el cual se financia el Programa de Obras Estratégicas de Infraestructura Vial. El Programa de Obras consiste en un conjunto de obras de construcción, reconstrucción y rehabilitación de carreteras y puentes de la Red Vial Nacional que en resumen incluye: nuevas carreteras en zonas urbanas de San José, la conclusión del tramo norte del anillo periférico o Carretera de Circunvalación, además del acceso a obras portuarias, la ampliación y rehabilitación de tres puentes nacionales y cuatro pasos a desnivel nuevos.",N/A,Proyecto - Fondos Ordinarios,Garantía No Soberana,Ejecución,Costa Rica,"Diseño y construcción del corredor vial Circunvalación Norte, Ruta Nacional No. 39 Sección Uruca (Entronque Ruta Nacional No. 108) Carretera Braulio Carrillo - Entronque Ruta Nacional No. 32) Paso a desnivel en la intersección de las rutas Nacionales N° 39 y 215, Rotonda de las Garantías Sociales, Sector Zapote, Cantón San José, Provincia de San José. Paso a desnivel en la intersección de las rutas Nacionales N°. 39 y 202, Rutas de travesía 11508 11509 y 11510, Rotonda de la Bandera e intersección Facultad de Derecho UCR, Sector Bretaña, Cantón Montes de Oca, Provincia de San José. Paso a desnivel en la intersección de las Rutas Nacionales Nos. 39 y 218, Rotonda de Guadalupe, Sector “El Gallito”, Cantón Goicoechea, Provincia de San José. Construcción de acceso a la Terminal de Contenedores de Moín, Rutas Nacionales Nos. 32 a final de camino (entrada APM Terminals), Sector Moín, Provincia de Limón. Duplicación del puente sobre el Río Virilla en la Ruta Nacional No. 32, Carretera San José – Limón, Sector Estadio Saprissa, Provincia de San José. Duplicación del puente sobre el Río Virilla en la Ruta Nacional No. 147, Radial Santa Ana - Belén, Sector “La Cartonera”, Provincia de San José. Rehabilitación estructural del puente sobre el Río Virilla en la Ruta Nacional No. 1, Autopista General Cañas, Sección San José – Aeropuerto, Sector Colegio Castella, Provincia de San José. Unidad Funcional V, de Circunvalación Norte, desde la Ruta No. 32 carretera Braulio Carrillo, hasta Calle Blanco Ruta No. 109. Rehabilitación del puente sobre el Río Virilla en la ruta nacional 32.",Costa Rica,https://conavi.go.cr/,CONAVI,Transporte por carretera,Transporte y almacenamiento,Si,2020-11-16,2019-12-10,2026-09-11,2019-12-10,90055000,88554970.5,N/A,N/A,USD,N/A,Recursos Ordinarios,N/A,N/A,0,A,NO,N/A,N/A,N/A,N/A,N/A,N/A,N/A,N/A,N/A,N/A,N/A,https://www.bcie.org/proyectos/500437,https://datosabiertos.bcie.org/dataset/impacto-del-desarrollo/resource/75bed7b6-0842-4f86-9235-6c6fd851b0f9,https://www.bcie.org/contactenos,https://d-portal.iatistandard.org/ctrack.html?tongue=spa#view=act&aid=XM-DAC-46007-500437
3,500834,Ampliación y Rehabilitación de la Autopista Philip Goldson,"Financiar parcialmente la ampliación y rehabilitación, de una sección con una longitud de 25.75 kilómetros (16.0 millas), de la Autopista Philip Goldson la cual conecta la Ciudad de Belice con la frontera Sur de México, beneficiando el traslado de las exportaciones e importaciones, el empleo temporal durante la ejecución del proyecto y los ahorros de mantenimiento durante la operación del mismo.",N/A,Proyecto - Fondos Ordinarios,Garantía Soberana,Ejecución,Belice,"Carretera Philip Goldson entre las millas 8.5 y 24.5, distrito de Belice.",N/A,https://www.midh.gov.bz/,Ministry of Infrastructure Development and Housing,Transporte por carretera,Transporte y almacenamiento,N/A,2022-10-19,2022-04-26,2026-09-11,2022-04-26,24000000,2313520.0,N/A,N/A,USD,N/A,Recursos Ordinarios,N/A,N/A,N/A,A,NO,N/A,N/A,N/A,N/A,N/A,N/A,Acceso a Asistencia Técnica,N/A,"Tasa, Plazo, Monto, Días para aprobar proyecto, Días para desembolso, Disponibilidad ante emergencias, Período de gracia, Otros.","Días para aprobar proyecto, Prestigio del BCIE (Apertura para nuevas fuentes)","El BCIE agrega valor a la operación mediante la agilidad en los tiempos de aprobación de proyectos, permitiendo el acceso oportuno a los recursos, y gracias a su prestigio y sólido respaldo institucional, que facilitan la apertura y diversificación de nuevas fuentes de financiamiento para el cliente.",https://www.bcie.org/proyectos/500834,https://datosabiertos.bcie.org/dataset/impacto-del-desarrollo/resource/75bed7b6-0842-4f86-9235-6c6fd851b0f9,https://www.bcie.org/contactenos,https://d-portal.iatistandard.org/ctrack.html?tongue=spa#view=act&aid=XM-DAC-46007-500834
4,501080,"OPD para el apoyo a la acción climática, transición energética justa y fortalecimiento fiscal verde","El objetivo de esta OPD es apoyar a la República de Colombia en la acción climática, transición energética justa y fortalecimiento fiscal verde.",N/A,OPD - Fondos Ordinarios,Garantía Soberana,Cierre,Colombia,Colombia,N/A,https://www.minhacienda.gov.co/,Ministerio de Hacienda y Crédito Público,N/A,N/A,N/A,2024-04-25,2023-10-23,2026-09-11,2023-10-23,250000000,250000000,N/A,N/A,USD,N/A,Recursos Ordinarios,N/A,N/A,N/A,C,NO,N/A,N/A,N/A,N/A,N/A,N/A,N/A,N/A,N/A,N/A,N/A,https://www.bcie.org/proyectos/501080,https://datosabiertos.bcie.org/dataset/impacto-del-desarrollo/resource/75bed7b6-0842-4f86-9235-6c6fd851b0f9,https://www.bcie.org/contactenos,N/A
5,500218,Programa de Sostenibilidad del Sector Eléctrico de Nicaragua,"El programa consiste en el desarrollo de una serie de proyectos que permitirán, por una parte, la reducción de pérdidas de energía y, por otra parte, el mejoramiento de la infraestructura de la red de distribución de energía eléctrica lo que redundará en una mejora en la sostenibilidad del sector eléctrico de Nicaragua.",N/A,Proyecto - Fondos Ordinarios,Garantía Soberana,Ejecución,Nicaragua,"Boaco, Carazo, Chinandega, Chontales, Estelí, Granada, Jinotega, León, Madriz, Managua, Masaya, Matagalpa, Nueva Segovia, Rivas, Río San Juan",N/A,https://www.enatrel.gob.ni/,Empresa Nacional de Transmisión Eléctrica (ENATREL),Transmisión y distribución de energía eléctrica (redes centralizadas),Distribución de energía,N/A,2017-04-07,2016-09-28,2026-09-11,2016-09-28,163500000,103755873.16999999,N/A,N/A,USD,N/A,Recursos Ordinarios,N/A,N/A,N/A,C,NO,N/A,N/A,N/A,N/A,N/A,N/A,N/A,N/A,N/A,N/A,N/A,https://www.bcie.org/proyectos/500218,https://datosabiertos.bcie.org/dataset/impacto-del-desarrollo/resource/75bed7b6-0842-4f86-9235-6c6fd851b0f9,https://www.bcie.org/contactenos,https://d-portal.iatistandard.org/ctrack.html?tongue=spa#view=act&aid=XM-DAC-46007-500218
6,500749,X Programa de Ampliación y Mejoramiento de Carreteras,"El programa contempla la ejecución de cuatro grandes proyectos: (1) Litoral del Pacífico Sur, (2) Circunvalación de Corinto, (3) Carretera Wapí - El Tortuguero y (4) Módulos de Adoquinado Comunitario en la Calamidad. Mediante la ejecución de estos proyectos, el Banco contribuye a la intervención de 185.22 kilómetros (km) de tramos carreteros de dos carriles con diferentes estructuras de pavimento de asfalto con polímeros y adoquinado. Cabe señalar que de los 185.22 km a ampliar o mejorar, el 31.6% de la longitud será de nueva apertura de carretera, concentrada en la carretera de la Litoral Pacífico Sur Fase I.",N/A,Proyecto - Fondos Ordinarios,Garantía Soberana,Ejecución,Nicaragua,El ámbito de referencia incluye los municipios de San Juan del Sur y Tola en el departamento de Rivas; los municipios de Jinotepe y Diriamba en el departamento de Carazo; el municipio de San Rafael del Sur en el departamento de Managua; los municipios de El Realejo y Corinto en el departamento de Chinandega; los municipios de El Rama y El Tortuguero en la Región Autónoma de la Costa Caribe Sur (RACCS); y el municipio de Camoapa en el departamento de Boaco.,N/A,www.mti.gob.ni,MTI,"Transporte por carretera, Reducción del Riesgo de Desastres","Otros Multisectoriales, Transporte y almacenamiento",N/A,2022-06-30,2021-12-13,2026-09-11,2021-12-13,382580372.14,365745024.8799899,N/A,N/A,USD,N/A,Recursos Ordinarios,N/A,N/A,N/A,A,NO,N/A,N/A,N/A,N/A,N/A,N/A,N/A,N/A,N/A,N/A,N/A,https://www.bcie.org/proyectos/500749,https://datosabiertos.bcie.org/dataset/impacto-del-desarrollo/resource/75bed7b6-0842-4f86-9235-6c6fd851b0f9,https://www.bcie.org/contactenos,https://d-portal.iatistandard.org/ctrack.html?tongue=spa#view=act&aid=XM-DAC-46007-500749
7,500507,Programa Nacional de Construcción de Viviendas de Interés Social,"El programa tiene por finalidad facilitar el acceso a viviendas a un total de 18,660 familias, mediante la construcción de 7,000 viviendas para familias en extrema pobreza a través de un esquema de subsidios; y el acceso a financiamiento para la compra de vivienda a través de un esquema de crédito y subsidios complementarios para 11,660 viviendas para familias con ingresos menores o iguales a siete salarios mínimos en proyectos habitacionales desarrollados por desarrolladores privados o promovidos por Entidades Auxiliares como alcaldías.",N/A,"Proyecto - Fondos Ordinarios, Proyecto - PRPEES",Garantía Soberana,Ejecución,Nicaragua,"Departamento de Boaco (Municipios de: Boaco, Santa Lucia, Teustepe, San Lorenzo), Chontales ( Santo Tomás, San Pedro de Lovago, Villa Sandino, Acoyapa, Juigalpa, La Libertad, Comalapa, El Coral, Santo Domingo), Jinotega (Santa Maria de Pantasma, San Rafael del Norte, La Concordia, Jinotega, San Jose de Bocay), Madriz (La Sabanas, San José de Cusmapa, San Juan del Rio Coco, Somoto, Palacaguina, San Lucas, Totogalpa, Telpaneca, Yalaguina), Matagalpa (Rancho Grande, Rio Blanco, El Tuma - La Dalia, San Isidro, Sebaco, Matagalpa, San Ramón, Matiguas, Muy muy, Esquipulas, San Dionisio, Terrabona, Ciudad Darío), Nueva Segovia ( Jalapa, El Jicaro, San Fernando, Mozonte, Dipilto, Macuelizo, Santa María, Ocotal, Quilalí, Wiwilí Nueva Segovia), Rio San Juan (Morrito, San Miguelito, San Carlos, El Castillo, San Juan de Nicaragua, RACCS (Desembocadura del Rio Grande, Laguna de Perlas, El Rama, El Ayote, Kukra Hill, Corn Island, Bluefields, Nueva Guinea).",N/A,http://www.hacienda.gob.ni/glosario/invur,Instituto de la Vivienda Urbana y Rural de Nicaragua (INVUR),Vivienda de bajo costo,Otras Infraestructuras y Servicios Sociales,N/A,2020-09-08,2020-04-01,2026-09-11,2020-04-01,171653400,155580219.11999997,N/A,N/A,USD,N/A,Recursos Ordinarios,N/A,N/A,N/A,B,NO,N/A,N/A,N/A,N/A,N/A,N/A,N/A,N/A,N/A,N/A,N/A,https://www.bcie.org/proyectos/500507,https://datosabiertos.bcie.org/dataset/impacto-del-desarrollo/resource/75bed7b6-0842-4f86-9235-6c6fd851b0f9,https://www.bcie.org/contactenos,https://d-portal.iatistandard.org/ctrack.html?tongue=spa#view=act&aid=XM-DAC-46007-500507
8,500267,Programa de Alcantarillado y Control de Inundaciones para Limón,"El Programa de Alcantarillado y Control de Inundaciones para Limón, está compuesto por dos proyectos, cuyo objetivo conjunto es proveer a esa región del país con las condiciones de saneamiento básico necesarias que mejoren la calidad de vida de la población, estos son: a) Proyecto de Alcantarillado Sanitario para Limón y b) Proyecto del Sistema de Control de Inundaciones en el Área de Limoncito.",N/A,Proyecto - Fondos Ordinarios,Garantía Soberana,Ejecución,Costa Rica,"Distrito Limoncito, cantón Limón, provincia Limón.",N/A,https://www.aya.go.cr/; https://www.senara.or.cr/,AyA y SENARA,"Reducción del Riesgo de Desastres, Saneamiento - grandes sistemas","Abastecimiento de agua y saneamiento, Otros Multisectoriales",N/A,2019-06-27,2017-04-24,2026-09-11,2017-04-24,55080000,54220000,N/A,N/A,USD,N/A,Recursos Ordinarios,N/A,N/A,N/A,N/A,NO,N/A,N/A,N/A,N/A,N/A,N/A,N/A,N/A,N/A,N/A,N/A,https://www.bcie.org/proyectos/500267,https://datosabiertos.bcie.org/dataset/impacto-del-desarrollo/resource/75bed7b6-0842-4f86-9235-6c6fd851b0f9,https://www.bcie.org/contactenos,https://d-portal.iatistandard.org/ctrack.html?tongue=spa#view=act&aid=XM-DAC-46007-500267
9,500208,Programa de Saneamiento de los Distritos de Arraiján y La Chorrera,"El programa consiste en consiste en el financiamiento del diseño detallado y la construcción de los Sistemas de Alcantarillado Sanitario de los Distritos de Arraiján y La Chorrera de la provincia de Panamá Oeste, que permitirá la recolección, conducción y tratamiento final de las aguas residuales generadas en esta zona, para disminuir los niveles de contaminación de los ríos, quebradas y la bahía de Panamá, y por ende mejorar la salud pública y calidad de vida de sus habitantes.",N/A,Proyecto - Fondos Ordinarios,Garantía Soberana,Ejecución,Panamá,"Los sectores de referencia para el proyecto se ubican en los distritos de Arraiján y La Chorrera, en la provincia de Panamá Oeste, colindantes al suroccidente con la ciudad de Panamá. Incluyen el corregimiento de Vista Alegre y Vacamonte en Arraiján, que abarcan principalmente áreas al sur de la autopista Panamá–La Chorrera y algunas al norte, así como zonas del distrito de La Chorrera situadas al sur de la misma autopista, limitando con urbanizaciones como Costa Verde, Colina del Mar, El Progreso y Playa Grande. El ámbito específico comprende el corregimiento de Puerto Caimito, delimitado por la autopista Arraiján–La Chorrera y el río Caimito al norte, el Océano Pacífico y Playa Leona al sur, el Océano Pacífico y el río Caimito al este, y el corregimiento Barrio Balboa al oeste. Además, se considera un alineamiento preliminar que se extiende desde La Chorrera entre la Vía Interamericana y áreas adyacentes por el norte y la autopista Panamá–La Chorrera por el sur, abarcando desde el Barrio Vega y el Parque Ferial de La Chorrera hasta la Calle 45 Sur de la barriada San Antonio.",N/A,https://www.saneamientodepanama.gob.pa/,Unidad Coordinadora para el Programa Saneamiento de Panamá,Saneamiento - grandes sistemas,Abastecimiento de agua y saneamiento,N/A,2017-09-05,2016-10-26,2026-09-11,2016-10-26,100000000,13639182,N/A,N/A,USD,N/A,Recursos Ordinarios,N/A,N/A,N/A,A,NO,N/A,N/A,N/A,N/A,N/A,N/A,N/A,N/A,N/A,N/A,N/A,https://www.bcie.org/proyectos/500208,https://datosabiertos.bcie.org/dataset/impacto-del-desarrollo/resource/75bed7b6-0842-4f86-9235-6c6fd851b0f9,https://www.bcie.org/contactenos,https://d-portal.iatistandard.org/ctrack.html?tongue=spa#view=act&aid=XM-DAC-46007-500208
10,500426,Programa de Mejora del Acceso y la Calidad Educativa,El objetivo general del Programa de Mejora del Acceso y la Calidad Educativa (PROMACE) es apoyar a mejorar la equidad y el acceso a una educación pertinente y de calidad a partir de la creación y fortalecimiento de establecimientos educativos y del mejoramiento y eficiencia de la gestión del sistema educativo de la provincia de Jujuy.,N/A,Proyecto - Fondos Ordinarios,Garantía Soberana,Ejecución,Argentina,Localidades dentro de la provincia de Jujuy:  Caimancito; Chalcan; Dique La Ciénaga; El Piquete; Huacalera; La Mendieta; Libertador Gral San Martin; Lozano; Monterrico; OLAROZ CHICO; Palma Sola; Palpalá; Pampa Blanca; Perico; Real de los Toros; S.S. de Jujuy; San Lucas; San Pedro; y Uquia,N/A,https://educacion.jujuy.gob.ar/,Ministerio de Educación de Jujuy,Instalaciones educativas y formación,Educación,N/A,2021-02-11,2019-04-24,2026-09-11,2019-04-24,67000000,58692812,N/A,N/A,USD,N/A,Recursos Ordinarios,N/A,N/A,N/A,C,NO,N/A,N/A,N/A,N/A,N/A,N/A,N/A,N/A,N/A,N/A,N/A,https://www.bcie.org/proyectos/500426,https://datosabiertos.bcie.org/dataset/impacto-del-desarrollo/resource/75bed7b6-0842-4f86-9235-6c6fd851b0f9,https://www.bcie.org/contactenos,https://d-portal.iatistandard.org/ctrack.html?tongue=spa#view=act&aid=XM-DAC-46007-500426
11,302411,Programa de Sostenibilidad del Sector Agua y Saneamiento Rural,"Ampliación del acceso a los servicios de Agua y Saneamiento en las zonas rurales del país, invirtiendo al mismo tiempo en el fortalecimiento de las capacidades tanto a nivel municipal como comunitario, lo que contribuye a garantizar la sostenibilidad de dichas inversiones.",N/A,Proyecto - Fondos Ordinarios,Garantía Soberana,Cierre,Nicaragua,"Boaco, Carazo, Chinandega, Chontales, Estelí, Granada, Jinotega, León, Madriz, Managua, Masaya, Matagalpa, Nueva Segovia, Rivas, Río San Juan",N/A,https://www.enacal.com.ni/,Empresa Nicaragüense de Acueductos y Alcantarillados(ENACAL),Abastecimiento básico de agua potable y saneamiento básico,Abastecimiento de agua y saneamiento,N/A,2015-02-03,2014-06-25,2026-09-11,2014-06-25,30000000,29960276.729999993,N/A,N/A,USD,N/A,Recursos Ordinarios,N/A,N/A,N/A,B,NO,N/A,N/A,N/A,N/A,N/A,N/A,N/A,N/A,N/A,N/A,N/A,https://www.bcie.org/proyectos/302411,https://datosabiertos.bcie.org/dataset/impacto-del-desarrollo/resource/75bed7b6-0842-4f86-9235-6c6fd851b0f9,https://www.bcie.org/contactenos,https://d-portal.iatistandard.org/ctrack.html?tongue=spa#view=act&aid=XM-DAC-46007-302411
12,500192,Proyecto de Gestión por Resultados en Salud para la Atención de Población Adulta Mayor en la Argentina (PROGERSA),"Con este Proyecto el gobierno argentino buscar el mejoramiento y fortalecimiento de las capacidades de gestión del INSSJP, en beneficio de más de 4.8 millones de personas, en su mayoría adultos mayores, que atiende a través de la implementación de un modelo de gestión por resultados en salud, así como el mejoramiento en los sistemas de información sobre el historial clínico de las personas y con el desarrollo de estudios para tener un mejor conocimiento de la situación de salud y las características sociales de grupos poblaciones de mayor vulnerabilidad, tales como la población centenaria y los veteranos de la guerra de Malvinas.",N/A,Proyecto - Fondos Ordinarios,Garantía Soberana,Cierre,Argentina,"El ámbito de referencia incluye la Ciudad de Ituzaingó, en el partido homónimo de la provincia de Buenos Aires; la Ciudad de Mar del Plata, en el partido de General Madariaga, provincia de Buenos Aires; y la Ciudad de Rosario, en la provincia de Santa Fe.",N/A,https://www.pami.org.ar/,Instituto Nacional de Servicios Sociales para Jubilados,"Protección social, Servicios médicos","Otras Infraestructuras y Servicios Sociales, Salud",N/A,2018-02-20,2016-12-14,2026-09-11,2016-12-14,30000000,22543993.1,N/A,N/A,USD,N/A,Recursos Ordinarios,N/A,N/A,N/A,B,NO,N/A,N/A,N/A,N/A,N/A,N/A,N/A,N/A,N/A,N/A,N/A,https://www.bcie.org/proyectos/500192,https://datosabiertos.bcie.org/dataset/impacto-del-desarrollo/resource/75bed7b6-0842-4f86-9235-6c6fd851b0f9,https://www.bcie.org/contactenos,https://d-portal.iatistandard.org/ctrack.html?tongue=spa#view=act&aid=XM-DAC-46007-500192
13,500212,Proyecto de Desarrollo Sostenible de los Medios de Vida de las Familias Rurales en el Corredor Seco de Nicaragua (NICAVIDA),"El proyecto NICAVIDA está dirigido a las familias rurales y pueblos indígenas que habitan en los municipios del corredor seco de Nicaragua y tiene la finalidad de promover mejoras en las condiciones de vida, ingresos, seguridad alimentaria y nutricional, mejorar el uso de los recursos naturales y fortalecer las capacidades de estas familias para adaptarse al cambio climático.",N/A,Proyecto - Fondos Ordinarios,Garantía Soberana,Cierre,Nicaragua,"37 municipios en los Departamentos de León, Chinandega, Managua, Boaco, Matagalpa, Estelí, Nueva Segovia y Madriz.",N/A,N/A,"Ministerio de Economía Familiar, Comunitaria, Cooperativa y Asociativa de Nicaragua (MEFCCA)",Desarrollo agropecuario,Agricultura,N/A,2018-11-15,2016-10-26,2026-09-11,2016-10-26,15000000,12654472.219999999,N/A,N/A,USD,N/A,Recursos Ordinarios,N/A,N/A,N/A,B,NO,N/A,N/A,N/A,N/A,N/A,N/A,N/A,N/A,N/A,N/A,N/A,https://www.bcie.org/proyectos/500212,https://datosabiertos.bcie.org/dataset/impacto-del-desarrollo/resource/75bed7b6-0842-4f86-9235-6c6fd851b0f9,https://www.bcie.org/contactenos,https://d-portal.iatistandard.org/ctrack.html?tongue=spa#view=act&aid=XM-DAC-46007-500212
14,500429,Proyecto de Mejoramiento y Ampliación de los Sistemas de Agua Potable y Saneamiento en 7 Ciudades,"El proyecto comprende el mejoramiento y ampliación de los sistemas de alcantarillado sanitario de las ciudades de Chichigalpa, Chinandega, El Viejo, León, Jinotepe y Ciudad Darío (incluyendo la comunidad adyacente de Las Calabazas); la construcción del sistema de alcantarillado sanitario de la ciudad de Telica; y el mejoramiento y ampliación de los sistemas de agua potable de las ciudades de León y Jinotepe. El proyecto contempla en el rubro de saneamiento 51,788 conexiones intradomiciliaries, 496.02 km en red de colectores, 8 plantas de tratamiento etc. En la parte de Agua potable 214.86 km de red de distribución, 11,968 conexiones nuevas, 13 tanques, 19 pozos nuevos etc.",N/A,Proyecto - Fondos Ordinarios,Garantía Soberana,Ejecución,Nicaragua,El ámbito de referencia incluye el municipio de Chichigalpa y el municipio de El Viejo en el departamento de Chinandega; el municipio de Chinandega en el mismo departamento; los municipios de León  y Telica en el departamento de León; los municipios de Jinotepe  en el departamento de Carazo; y el municipio de Ciudad Darío en el departamento de Matagalpa.,N/A,https://www.enacal.com.ni/,Empresa Nicaragüense de Acueductos y Alcantarillados Sanitarios (ENACAL),Abastecimiento de agua y saneamiento: grandes sistemas,Abastecimiento de agua y saneamiento,N/A,2019-11-19,2019-07-31,2026-09-11,2019-07-31,251470000,241151367.64999998,N/A,N/A,USD,N/A,Recursos Ordinarios,N/A,N/A,N/A,A,NO,N/A,N/A,N/A,N/A,N/A,N/A,N/A,N/A,N/A,N/A,N/A,https://www.bcie.org/proyectos/500429,https://datosabiertos.bcie.org/dataset/impacto-del-desarrollo/resource/75bed7b6-0842-4f86-9235-6c6fd851b0f9,https://www.bcie.org/contactenos,https://d-portal.iatistandard.org/ctrack.html?tongue=spa#view=act&aid=XM-DAC-46007-500429
15,501270,BE-Iniciativa Municipal de Resiliencia Climática en Belice,,N/A,,Garantía Soberana,En Preparación,Belice,Belice,N/A,N/A,,Desarrollo y gestión urbana; Reducción del Riesgo de Desastres,Otros Multisectoriales,N/A,N/A,,2026-09-11,2026-06-12,,0.0,N/A,N/A,USD,N/A,Recursos Ordinarios,N/A,N/A,N/A,B,NO,N/A,N/A,N/A,N/A,N/A,N/A,N/A,N/A,N/A,N/A,N/A,https://www.bcie.org/proyectos/501270,https://datosabiertos.bcie.org/dataset/impacto-del-desarrollo/resource/75bed7b6-0842-4f86-9235-6c6fd851b0f9,https://www.bcie.org/contactenos,https://d-portal.iatistandard.org/ctrack.html?tongue=spa#view=act&aid=XM-DAC-46007-501270
16,500270,Programa de Inversión en Infraestructura y Equipamiento Hospitalario,"El Programa de Inversión en Infraestructura y Equipamiento Hospitalario, consiste en el financiamiento para el diseño, construcción y equipamiento hospitalario para la reposición y/o recuperación de centros hospitalarios.",N/A,"Proyecto - Fondos Externos, Proyecto - Fondos Ordinarios",Garantía Soberana,Ejecución,Guatemala,"Jutiapa, Suchitepéquez, Alta Verapaz, Sololá, Chiquimula",N/A,https://www.mspas.gob.gt/,MSPAS,Infraestructura básica de salud,Salud,N/A,2020-05-04,2018-12-13,2026-09-11,2018-12-13,193200000,50401698.99999999,N/A,N/A,USD,N/A,Recursos Ordinarios,N/A,N/A,N/A,A,NO,N/A,N/A,N/A,N/A,N/A,N/A,N/A,N/A,N/A,N/A,N/A,https://www.bcie.org/proyectos/500270,https://datosabiertos.bcie.org/dataset/impacto-del-desarrollo/resource/75bed7b6-0842-4f86-9235-6c6fd851b0f9,https://www.bcie.org/contactenos,https://d-portal.iatistandard.org/ctrack.html?tongue=spa#view=act&aid=XM-DAC-46007-500270
17,500035,Programa de Fortalecimiento de las Capacidades de Investigación y Desarrollo (PROFOCAID),"El Programa consiste en la asignación y transferencia de recursos no reembolsables a instituciones de investigación científica y/o profesionales en investigación y desarrollo, para la realización de proyectos de investigación con el fin de ampliar la frontera de conocimiento.",N/A,Proyecto - Fondos Ordinarios,Garantía Soberana,Ejecución,Argentina,Bienes distribuidos en aprox. 50 centros de investigación distribuidos dentro de las 24 provincias del país.,N/A,https://www.argentina.gob.ar/ciencia,Ministerio de Ciencia y Tecnología e Innovación Productiva,"Instituciones científicas y de investigación, Educación/formación multisectorial",Otros Multisectoriales,N/A,2016-10-21,2015-07-29,2026-09-11,2015-07-29,50000000,29125000,N/A,N/A,USD,N/A,Recursos Ordinarios,N/A,N/A,N/A,C,NO,N/A,N/A,N/A,N/A,N/A,N/A,N/A,N/A,N/A,N/A,N/A,https://www.bcie.org/proyectos/500035,https://datosabiertos.bcie.org/dataset/impacto-del-desarrollo/resource/75bed7b6-0842-4f86-9235-6c6fd851b0f9,https://www.bcie.org/contactenos,https://d-portal.iatistandard.org/ctrack.html?tongue=spa#view=act&aid=XM-DAC-46007-500035
18,302441,Proyecto Reemplazo del Hospital Regional Nuevo Amanecer de la Región Autónoma del Atlántico Norte (RAAN),"Construcción y equipamiento de un hospital tipo regional que ofrecerá servicios especializados en las áreas de consultas externas, emergencias y hospital de día, asistencia en régimen de internamiento, procedimientos de diagnósticos y terapéuticos, docencia e investigación.",N/A,Proyecto - Fondos Ordinarios,Garantía Soberana,Ejecución,Nicaragua,"Municipio de Puerto Cabezas, de la Región Autónoma Costa Caribe Norte (RACCN)",N/A,https://www.minsa.gob.ni/,MINISTERIO DE SALUD,Servicios médicos,Salud,N/A,2015-11-11,2014-08-25,2026-09-11,2014-08-25,52971592,52472670.879999995,N/A,N/A,USD,N/A,Recursos Ordinarios,N/A,N/A,N/A,A,NO,N/A,N/A,N/A,N/A,N/A,N/A,N/A,N/A,N/A,N/A,N/A,https://www.bcie.org/proyectos/302441,https://datosabiertos.bcie.org/dataset/impacto-del-desarrollo/resource/75bed7b6-0842-4f86-9235-6c6fd851b0f9,https://www.bcie.org/contactenos,https://d-portal.iatistandard.org/ctrack.html?tongue=spa#view=act&aid=XM-DAC-46007-302441
19,302443,"Proyecto de Construcción, Equipamiento y Modernización de las Oficinas Centrales de la Fiscalía General de la República de El Salvador","Como parte del plan para fortalecer, mejorar y modernizar los servicios que presta la FGR se propone mejorar el equipamiento que utiliza la institución y la construcción de un nuevo edificio que permita centralizar en una sola área todas las actividades que ejecuta la FGR.",N/A,Proyecto - Fondos Ordinarios,Garantía Soberana,Cierre,El Salvador,"Avenida el Boquerón y calle Izalco, urbanización Santa Elena, Distrito de Antiguo Cuscatlán, municipio de La Libertad Este, departamento de La Libertad",N/A,N/A,Fiscalia General de la República,"Desarrollo jurídico y judicial, Poner fin a la violencia contra las mujeres y las niñas",Gobierno y Sociedad Civil,N/A,2015-04-30,2014-09-30,2026-09-11,2014-09-30,44887500,44887500,N/A,N/A,USD,N/A,Recursos Ordinarios,N/A,N/A,N/A,N/A,NO,N/A,N/A,N/A,N/A,N/A,N/A,N/A,N/A,N/A,N/A,N/A,https://www.bcie.org/proyectos/302443,https://datosabiertos.bcie.org/dataset/impacto-del-desarrollo/resource/75bed7b6-0842-4f86-9235-6c6fd851b0f9,https://www.bcie.org/contactenos,https://d-portal.iatistandard.org/ctrack.html?tongue=spa#view=act&aid=XM-DAC-46007-302443
20,501139,"Línea Global de Crédito - Banesco (Panamá), S.A.","La operación prevé que los recursos de la Línea Global de Crédito (LGC) se dispongan para el apoyo a las iniciativas de las micro, pequeñas y medianas empresas (MIPYME), incluyendo MIPYMES con enfoque de género, así como para el fomento de sectores productivos y de las iniciativas para la adaptación al cambio climático.","Impulsar el desarrollo a través del financiamiento del BCIE a sectores productivos, iniciativas para la adaptación del cambio climático, las mipymes y el emprendimiento con enfoque de género por medio de los programas de intermediación financiera del Banco.",Línea Global de Crédito,Garantía No Soberana,Aprobación,Panamá,Panamá,Panamá,www.banesco.com.pa,BANESCO,Intermediarios financieros del sector formal,Servicios Bancarios y Financieros,No,N/A,2025-08-12,2026-09-11,2025-08-12,20000000,0.0,N/A,N/A,USD,20000000.00,Recursos Ordinarios,N/A,N/A,0,C,NO,N/A,N/A,N/A,N/A,N/A,N/A,Acceso a Asistencia Técnica,N/A,"Tasa, Plazo, Monto, Días para aprobar proyecto, Días para desembolso, Disponibilidad ante emergencias, Período de gracia, Otros, Revolvencia","Tasa, plazo, monto, dias para desembolso, días para aprobar y período de gracia.","El BCIE agrega valor a la operación mediante una tasa competitiva, plazos y montos acordes a las necesidades del cliente, períodos de gracia favorables y procesos ágiles para la aprobación de proyectos y el desembolso de recursos. Estas condiciones facilitan el acceso oportuno al financiamiento, fortalecen la flexibilidad financiera y contribuyen al cumplimiento eficiente de los objetivos de inversión y desarrollo de la institución.",https://www.bcie.org/proyectos/501139,https://datosabiertos.bcie.org/dataset/impacto-del-desarrollo/resource/75bed7b6-0842-4f86-9235-6c6fd851b0f9,https://www.bcie.org/contactenos,https://d-portal.iatistandard.org/ctrack.html?tongue=spa#view=act&aid=XM-DAC-46007-501139
21,500948,Programa de Ecoviviendas,"El Programa de Ecoviviendas está dirigido a reducir la vulnerabilidad de al menos 3,300 hogares en extrema pobreza a través de la construcción y equipamiento de igual número de viviendas que se desarrollarán, tentativamente, en proyectos en las 32 provincias de República Dominicana.",N/A,"Proyecto - Fondos No Reembolsables, Proyecto - Fondos Ordinarios",Garantía Soberana,Aprobación,República Dominicana,República Dominicana,N/A,https://minpre.gob.do/,Ministerio de la Presidencia (MINPRE),N/A,N/A,N/A,N/A,2023-03-28,2026-09-11,2023-03-28,250300000,0.0,N/A,N/A,USD,N/A,Recursos Ordinarios,N/A,N/A,N/A,A,NO,N/A,N/A,N/A,N/A,N/A,N/A,N/A,N/A,N/A,N/A,N/A,https://www.bcie.org/proyectos/500948,https://datosabiertos.bcie.org/dataset/impacto-del-desarrollo/resource/75bed7b6-0842-4f86-9235-6c6fd851b0f9,https://www.bcie.org/contactenos,N/A
22,500451,Programa de Desarrollo Social,"Con este Programa se estaría financiando la construcción de infraestructura social que proporcione oportunidades de mejora de calidad de vida para la población de El Salvador, y que a la vez cuente con espacios y ambientes que propicien la convivencia pacífica ciudadana y prevengan la violencia social.",N/A,Proyecto - Fondos Ordinarios,Garantía Soberana,Ejecución,El Salvador,"El ámbito de referencia incluye el Barrio El Rosario, en la avenida Isaac Esquivel y calle vecinal en Nejapa, San Salvador Oeste; la Colonia 10 de Octubre, 1ª etapa, calle poniente en San Marcos, San Salvador Sur; la Urbanización Jardines de Zaragoza, Pasaje Victoria y Zona Verde en Zaragoza, La Libertad Este; la Colonia Ciudad Futura y la Colonia Costa Rica, en la Calle Santa Marta y final avenida Irazú, ambas en San Salvador Centro; el Barrio San Sebastián, en las avenidas Juan Bertis y 1 Sur, distrito de Ciudad Delgado, municipio de San Salvador Centro; el Distrito Italia, en la Calle La Guardería y Boulevard La Paz; Altavista Ilopango, en el Cantón San Bartolo y Boulevard Las Pavas, Ilopango, San Salvador Este; la calle vecinal en la comunidad Manantiales de La Esperanza, Cantón Chancuyo, departamento de Ahuachapán; y el Barrio Dolores, en la Calle Tercera Oriente, Chinameca, departamento de San Miguel.",N/A,https://www.mop.gob.sv/,Ministerio de Obras Públicas y de Transporte (MOPT),"Instalaciones educativas y formación, Desarrollo y gestión urbana, Recreación y deporte, Cultura","Educación, Otras Infraestructuras y Servicios Sociales, Otros Multisectoriales",N/A,2021-05-12,2019-09-04,2026-09-11,2019-09-04,91000000,18843963.64,N/A,N/A,USD,N/A,Recursos Ordinarios,N/A,N/A,N/A,A,NO,N/A,N/A,N/A,N/A,N/A,N/A,N/A,N/A,N/A,N/A,N/A,https://www.bcie.org/proyectos/500451,https://datosabiertos.bcie.org/dataset/impacto-del-desarrollo/resource/75bed7b6-0842-4f86-9235-6c6fd851b0f9,https://www.bcie.org/contactenos,https://d-portal.iatistandard.org/ctrack.html?tongue=spa#view=act&aid=XM-DAC-46007-500451
23,500701,Proyecto Apoyo para la Implementación del Plan de Despliegue de Vacunación y Atención de la COVID-19,"El Proyecto ""Apoyo para la Implementación del Plan de Despliegue de Vacunación y Atención de la COVID-19 en la República de Nicaragua"" está dirigido al financiamiento de la compra de vacunas y de los insumos necesarios para su aplicación a la población meta definida por el Ministerio de Salud (MINSA), en apoyo al Plan de Despliegue de Vacunación contra la COVID-19 de la República de Nicaragua, con el objeto de evitar la expansión del virus y reducir los niveles de infección y mortalidad asociados, lo cual contribuirá a mitigar los efectos negativos en la salud de la población y la economía del país.",N/A,Proyecto - Fondos Ordinarios,Garantía Soberana,Ejecución,Nicaragua,"Boaco, Carazo, Chinandega, Chontales, Estelí, Granada, Jinotega, León, Madriz, Managua, Masaya, Matagalpa, Nueva Segovia, Rivas, Río San Juan, Región Autónoma de la Costa Caribe Norte (RACCN), Región Autónoma de la Costa Caribe Sur (RACCS)",N/A,https://www.minsa.gob.ni/,MINSA,"Control de la COVID-19, Servicios médicos, Infraestructura básica de salud",Salud,N/A,2021-06-11,2021-04-27,2026-09-11,2021-04-27,100000000,35616873.900000006,N/A,N/A,USD,N/A,Recursos Ordinarios,N/A,N/A,N/A,C,NO,N/A,N/A,N/A,N/A,N/A,N/A,N/A,N/A,N/A,N/A,N/A,https://www.bcie.org/proyectos/500701,https://datosabiertos.bcie.org/dataset/impacto-del-desarrollo/resource/75bed7b6-0842-4f86-9235-6c6fd851b0f9,https://www.bcie.org/contactenos,https://d-portal.iatistandard.org/ctrack.html?tongue=spa#view=act&aid=XM-DAC-46007-500701
24,500316,VII Programa de Mejoramiento y Rehabilitación de Carreteras,"El programa contempla la pavimentación de 194.39 kilómetros, divididos en seis tramos carreteros, el primero de los cuales incluye dos ramales; con diferentes estructuras de pavimento de asfalto, concreto hidráulico del tipo de losas cortas y pavimento de adoquín de concreto. Cinco de los tramos principales cuentan con estudios y diseños finales para una vida útil de 20 años y un tramo principal, así como los dos ramales, cuentan con diseños conceptuales preparados por el MTI, también para una vida útil de 20 años.",N/A,Proyecto - Fondos Ordinarios,Garantía Soberana,Cierre,Nicaragua,"Managua, Tipitapa, Nindiri, Masaya, Siuna, Rosita,  Costa Caribe Norte Sahsa, (pertenece al municipio de Puerto Cabeza, Región Autónoma de la Costa Caribe Norte  (RACCN)),  Condega - San Sebastian de Yali, (pertence a los departamentos de Esteli y Jinotega), León - Kukrahill",N/A,www.mti.gob.ni,MTI,"Transporte por carretera, Reducción del Riesgo de Desastres","Otros Multisectoriales, Transporte y almacenamiento",N/A,2018-04-13,2017-11-28,2026-09-11,2017-11-28,238000000,235112371.64,N/A,N/A,USD,N/A,Recursos Ordinarios,N/A,N/A,N/A,A,NO,N/A,N/A,N/A,N/A,N/A,N/A,N/A,N/A,N/A,N/A,N/A,https://www.bcie.org/proyectos/500316,https://datosabiertos.bcie.org/dataset/impacto-del-desarrollo/resource/75bed7b6-0842-4f86-9235-6c6fd851b0f9,https://www.bcie.org/contactenos,https://d-portal.iatistandard.org/ctrack.html?tongue=spa#view=act&aid=XM-DAC-46007-500316
25,500765,"LGC - Financiera Consolidada, Sociedad Anónima","Esta línea permitirá que mipymes proveedoras de la CMI accedan a capital de trabajo, realicen el pago de obligaciones contraídas, implementen medidas de bioseguridad y consoliden o readecuen sus deudas; así como el desarrollo de proyectos inmobiliarios que contribuyan a superar la problemática del déficit habitacional del país.",N/A,Línea Global de Crédito,Garantía No Soberana,Ejecución,Guatemala,Guatemala,Guatemala,N/A,"Financiera Consolidada, S.A. (COFINSA)",N/A,N/A,Si,2022-06-02,2021-12-13,2026-09-11,2021-12-13,7000000.0,39933000,N/A,N/A,USD,N/A,Recursos Ordinarios,N/A,N/A,0,B,NO,N/A,N/A,N/A,N/A,N/A,N/A,N/A,N/A,N/A,N/A,N/A,https://www.bcie.org/proyectos/500765,https://datosabiertos.bcie.org/dataset/impacto-del-desarrollo/resource/75bed7b6-0842-4f86-9235-6c6fd851b0f9,https://www.bcie.org/contactenos,N/A
26,500248,Incremento Programa Nacional de Electrificación Sostenible y Energía Renovable para Nicaragua (PNESER) - Componente B,"Electrificación de 635 comunidades rurales que incluyen 20,193 viviendas a ser beneficiadas; y la normalización del servicio en 109 asentamientos con un estimado de 16,350 viviendas a ser beneficiadas.",N/A,Proyecto - Fondos Ordinarios,Garantía Soberana,Ejecución,Nicaragua,"Boaco, Carazo, Chinandega, Chontales, Estelí, Granada, Jinotega, León, Madriz, Managua, Masaya, Matagalpa, Nueva Segovia, RACCS, RACCN, Rivas, Río San Juan",N/A,https://www.enatrel.gob.ni/,ENATREL,Transmisión y distribución de energía eléctrica (redes centralizadas),Distribución de energía,N/A,2018-02-06,2017-04-24,2026-09-11,2017-04-24,86500000,78659676.06,N/A,N/A,USD,N/A,Recursos Ordinarios,N/A,N/A,N/A,B,NO,N/A,N/A,N/A,N/A,N/A,N/A,N/A,N/A,N/A,N/A,N/A,https://www.bcie.org/proyectos/500248,https://datosabiertos.bcie.org/dataset/impacto-del-desarrollo/resource/75bed7b6-0842-4f86-9235-6c6fd851b0f9,https://www.bcie.org/contactenos,https://d-portal.iatistandard.org/ctrack.html?tongue=spa#view=act&aid=XM-DAC-46007-500248
27,500890,Programa de Apoyo al Plan de Construcción Casa Amor,"El objetivo general del Programa consiste en brindar alojamiento, cuidado y acompañamiento en espacios de permanencia transitoria a beneficiarios que estén aguardando un diagnóstico de salud o realicen tratamientos médicos prolongados y se encuentren en una situación social crítica.",N/A,Proyecto - Fondos Ordinarios,Garantía Soberana,Ejecución,Argentina,Argentina,N/A,N/A,Ministerio de Desarrollo Social,Atención básica de la salud,N/A,N/A,2023-04-17,2022-11-01,2026-09-11,2022-11-01,25000000,0.0,N/A,N/A,USD,N/A,Recursos Ordinarios,N/A,N/A,N/A,C,NO,N/A,N/A,N/A,N/A,N/A,N/A,Acceso a Asistencia Técnica,N/A,"Tasa, Plazo, Monto, Días para aprobar proyecto, Días para desembolso, Disponibilidad ante emergencias, Período de gracia, Otros.","Tasa, Días para aprobar proyecto","El BCIE agrega valor a la operación mediante una tasa competitiva y procesos ágiles para la aprobación de proyectos, facilitando el acceso oportuno al financiamiento y contribuyendo al cumplimiento eficiente de los objetivos de inversión y desarrollo del cliente.",https://www.bcie.org/proyectos/500890,https://datosabiertos.bcie.org/dataset/impacto-del-desarrollo/resource/75bed7b6-0842-4f86-9235-6c6fd851b0f9,https://www.bcie.org/contactenos,https://d-portal.iatistandard.org/ctrack.html?tongue=spa#view=act&aid=XM-DAC-46007-500890
28,500271,Proyecto Campus Gorgas Fase I,El proyecto consiste en la construcción y equipamiento parcial del nuevo campus del Instituto Conmemorativo Gorgas de Estudios de la Salud (ICGES).,N/A,Proyecto - Fondos Ordinarios,Garantía Soberana,Ejecución,Panamá,"El proyecto se ubica en la zona conocida como Chivo-Chivo, corregimiento de Ancón, que forma parte del área metropolitana de la Ciudad de Panamá. El terreno se ubica cerca de la ribera del Canal de Panamá y adyacente a los terrenos de la Ciudad de la Salud o Ciudad Hospitalaria de la Caja del Seguro Social (CSS).",N/A,https://www.gorgas.gob.pa,Instituto Conmemorativo Gorgas de Estudios de la Salud,"Investigación médica, Educación/formación médica, Servicios médicos",Salud,N/A,2018-02-26,2017-07-26,2026-09-11,2017-07-26,70000000,24775888.28,N/A,N/A,USD,N/A,Recursos Ordinarios,N/A,N/A,N/A,A,NO,N/A,N/A,N/A,N/A,N/A,N/A,N/A,N/A,N/A,N/A,N/A,https://www.bcie.org/proyectos/500271,https://datosabiertos.bcie.org/dataset/impacto-del-desarrollo/resource/75bed7b6-0842-4f86-9235-6c6fd851b0f9,https://www.bcie.org/contactenos,https://d-portal.iatistandard.org/ctrack.html?tongue=spa#view=act&aid=XM-DAC-46007-500271
29,500346,Proyecto de Mejoramiento en los Aeropuertos de la Costa Caribe Sur,"El proyecto consiste en la rehabilitación y construcción de una serie de infraestructuras en los aeropuertos de Bluefields y Corn Island que permitirá mejorar los niveles de seguridad y de comodidad de los mismos. Estas infraestructuras incluyen en el caso de Bluefields la pavimentación de los caminos de acceso a la pista y a la torre de control; la sustitución de una alcantarilla que atraviesa la pista; la rehabilitación de la plataforma de estacionamiento de aeronaves; la construcción de márgenes de seguridad en los bordes de pista y plataforma; la construcción de un cerco de seguridad en todo el perímetro del aeropuerto; y la rehabilitación y ampliación de la terminal. En el caso de Corn Island, las infraestructuras incluyen la rehabilitación de la pista, calle de rodaje y plataforma de estacionamiento, mediante el reemplazo total de su pavimento, así como la construcción de márgenes de seguridad en sus bordes; la construcción de una nueva torre de control; y la remodelación y ampli",N/A,Proyecto - Fondos Ordinarios,Garantía Soberana,Ejecución,Nicaragua,"Ciudad de Bluefields y Corn Island, de la Región Autónoma Costa Caribe Sur (RACCS)",N/A,https://www.eaai.com.ni/,EMPRESA ADMINISTRADORA DE AEROPUERTOS INTERNACIONALES,Transporte aéreo,Transporte y almacenamiento,N/A,2019-05-20,2018-11-27,2026-09-11,2018-11-27,25260000,2279228.60999,N/A,N/A,USD,N/A,Recursos Ordinarios,N/A,N/A,N/A,B,NO,N/A,N/A,N/A,N/A,N/A,N/A,N/A,N/A,N/A,N/A,N/A,https://www.bcie.org/proyectos/500346,https://datosabiertos.bcie.org/dataset/impacto-del-desarrollo/resource/75bed7b6-0842-4f86-9235-6c6fd851b0f9,https://www.bcie.org/contactenos,https://d-portal.iatistandard.org/ctrack.html?tongue=spa#view=act&aid=XM-DAC-46007-500346
30,500734,"Fortalecimiento de la Industria Biofarmacéutica Cubana para Combatir el COVID-19 en Cuba y la Región (Monto aprobado EUR 46,765,000.00)","El proyecto busca apoyar a la industria biofarmacéutica cubana en alcanzar niveles más elevados de productividad económica en productos innovadores prioritarios en el contexto de la COVID-19, mediante la modernización de la tecnología y la diversificación, en beneficio del sistema nacional de salud y de otros países de la región",N/A,Proyecto - Fondos Ordinarios,Garantía Soberana,Cierre,Cuba,"El Proyecto tendrá un alcance nacional y se implementará en instalaciones de centros, laboratorios o empresas de BioCubaFarma en La Habana y Mayabeque.",N/A,https://www.biocubafarma.cu/,BioCubaFarma,Producción farmacéutica,"Industria, Minería, Construcción",N/A,2023-02-08,2022-01-07,2026-09-11,2022-01-07,50000000,51773875.870000005,N/A,N/A,USD,N/A,Recursos Ordinarios,N/A,N/A,N/A,C,NO,N/A,N/A,N/A,N/A,N/A,N/A,Acceso a Asistencia Técnica,Acceso a Asistencia Técnica,"Tasa, Plazo, Monto, Días para aprobar proyecto, Días para desembolso, Disponibilidad ante emergencias, Período de gracia, Otros.","Tasa, Prestigio del BCIE (Apertura para nuevas fuentes), Disponibilidad ante emergencias, Plazo, Disponibilidad ante crisis","El BCIE agrega valor a la operación mediante una tasa competitiva y plazos acordes a las necesidades del cliente, complementados por la disponibilidad de recursos para atender situaciones de emergencia y crisis. Asimismo, el prestigio y respaldo institucional del BCIE facilitan la apertura a nuevas fuentes de financiamiento, fortaleciendo la capacidad financiera y la resiliencia de la institución. Asimismo, el BCIE complementa su financiamiento con asistencia técnica especializada, generando valor agregado",https://www.bcie.org/proyectos/500734,https://datosabiertos.bcie.org/dataset/impacto-del-desarrollo/resource/75bed7b6-0842-4f86-9235-6c6fd851b0f9,https://www.bcie.org/contactenos,https://d-portal.iatistandard.org/ctrack.html?tongue=spa#view=act&aid=XM-DAC-46007-500734
31,500739,Proyecto Fortalecimiento de la Capacidad de Atención en la Red de Servicio Hospitalaria en Unidades de Salud Priorizadas - Cofinanciamiento United Kingdom Export Finance (UKEF),"El Proyecto ""Fortalecimiento de la Capacidad de Atención en la Red de Servicio Hospitalaria en Unidades de Salud Priorizadas"" tiene la finalidad de modernizar, actualizar y ampliar la infraestructura de salud pública en Nicaragua para atender inicialmente a pacientes de COVID-19 y, posteriormente, para brindar servicios especializados en enfermedades respiratorias y otras, así como para brindar consultas externas de oncología.",N/A,Proyecto - Fondos Ordinarios,Garantía Soberana,Cancelada,Nicaragua,Nicaragua,N/A,https://www.minsa.gob.ni/,MINSA,N/A,N/A,N/A,2021-10-15,2021-03-23,2026-09-11,2021-03-23,66556330.54,0.0,N/A,N/A,USD,N/A,Recursos Ordinarios,N/A,N/A,N/A,N/A,NO,N/A,N/A,N/A,N/A,N/A,N/A,N/A,N/A,N/A,N/A,N/A,https://www.bcie.org/proyectos/500739,https://datosabiertos.bcie.org/dataset/impacto-del-desarrollo/resource/75bed7b6-0842-4f86-9235-6c6fd851b0f9,https://www.bcie.org/contactenos,N/A
32,500022,"Programa de Abastecimiento del Área Metropolitana de San José, Acueductos Urbanos II y Alcantarillado Sanitario Juanito Mora de Puntarenas","El Programa de Abastecimiento del Área Metropolitana de San José, Acueductos Urbanos II y Alcantarillado Sanitario Juanito Mora de Puntarenas, es una intervención para el desarrollo que pretende realizar mejoras y ampliaciones en los sistemas de recolección, potabilización y distribución de agua potable en 133 sistemas, ubicados en las provincias de San José, Alajuela, Puntarenas y Cartago. Además de la construcción y ampliación de un sistema de alcantarillado y tratamiento de aguas en la provincia de Guanacaste.",N/A,Proyecto - Fondos Ordinarios,Garantía No Soberana,Ejecución,Costa Rica,"Cantones de Alajuela, Los Chiles, Orotina, Palmares, San Mateo, San Ramón en la provincia de Alajuela. Cantón El Guarco, provincia de Cartago. Cantón Bagaces, provincia de Guanacaste. Cantones de Buenos Aires, Esparza, Golfito y Puntarenas, provincia Puntarenas. Cantones de Escazú, Pérez Zeledón, San José, Santa Ana y Turrubares, provincia de San José. Abarca 32 distritos.",Costa Rica,https://www.aya.go.cr,AyA,Abastecimiento de agua y saneamiento: grandes sistemas,Abastecimiento de agua y saneamiento,Si,2018-05-04,2015-08-25,2026-09-11,2015-08-25,154562390.29,85354499.49,N/A,N/A,USD,N/A,Recursos Ordinarios,N/A,N/A,0,A,NO,N/A,N/A,N/A,N/A,N/A,N/A,N/A,N/A,N/A,N/A,N/A,https://www.bcie.org/proyectos/500022,https://datosabiertos.bcie.org/dataset/impacto-del-desarrollo/resource/75bed7b6-0842-4f86-9235-6c6fd851b0f9,https://www.bcie.org/contactenos,https://d-portal.iatistandard.org/ctrack.html?tongue=spa#view=act&aid=XM-DAC-46007-500022
33,500645,Programa Multisectorial para la Reactivación Económica y la Protección Social (NIC-Solidaria),"El Programa Multisectorial para la Reactivación Económica y la Protección Social (NIC-Solidaria) consiste en apoyar el financiamiento total o parcial de al menos indicativamente 41 proyectos y programas de inversión en Nicaragua, de los cuales 24 son de inversión pública y 17 son de inversión productiva y de asistencia social. Los primeros se concentran en los sectores de educación, salud, vivienda e infraestructura vial. Los segundos son dirigidos a actividades productivas en sectores como agropecuario y desarrollo rural, pesca y cambio climático; al fomento y atención de las Micro, Pequeña y Medianas empresas (MIPYMEs); a la atención a grupos vulnerables; y a la asistencia social para la atención de la Pandemia del COVID-19.",N/A,"Proyecto - Fondos Ordinarios, Proyecto - Programa de Emergencia",Garantía Soberana,Ejecución,Nicaragua,"Boaco,Carazo,Chinandega,Chontales,Estelí,Granada,Jinotega,León,Madriz,Managua,Masaya,Matagalpa,Nueva Segovia,Rivas,Río San Juan,Región Autónoma de la Costa Caribe Norte (RACCN),Región Autónoma de la Costa Caribe Sur (RACCS)",N/A,http://www.hacienda.gob.ni/programa-y-proyectos/coordinacion-grl.-de-programas-y-proyectos/informacion-general-cgpp,Coordinación General de Programas y Proyectos (CGPP-MHCP),"Desarrollo agropecuario, Control de la COVID-19, Transporte por carretera, Desarrollo de las pequeñas y medianas empresas (PYME), Instalaciones educativas y formación, Infraestructura básica de salud, Vivienda de bajo costo","Agricultura, Educación, Industria, Minería, Construcción, Otras Infraestructuras y Servicios Sociales, Salud, Transporte y almacenamiento",N/A,2020-12-11,2020-11-24,2026-09-11,2020-11-24,300000000,207863024.6,N/A,N/A,USD,N/A,Recursos Ordinarios,N/A,N/A,N/A,A,NO,N/A,N/A,N/A,N/A,N/A,N/A,N/A,N/A,N/A,N/A,N/A,https://www.bcie.org/proyectos/500645,https://datosabiertos.bcie.org/dataset/impacto-del-desarrollo/resource/75bed7b6-0842-4f86-9235-6c6fd851b0f9,https://www.bcie.org/contactenos,https://d-portal.iatistandard.org/ctrack.html?tongue=spa#view=act&aid=XM-DAC-46007-500645
34,500811,Línea Global de Crédito - Banco del País,"Con el incremento solicitado, se pretende financiar proyectos que se enmarquen dentro de  cualquiera de los programas de intermediación financiera del BCIE, principalmente, pero no  limitado, al Programa de Liquidez y Expansión del Sector Financiero (PROSIFI), al Programa  de Apoyo a la Micro, Pequeña y Mediana Empresa (MIPYME) y al Programa de Fomento a  Sectores Productivos (PROSEP).",N/A,Línea Global de Crédito,Garantía No Soberana,Ejecución,Honduras,Honduras,Honduras,N/A,"Banco del País, S.A.",Intermediarios financieros del sector formal,Servicios Bancarios y Financieros,Si,2023-02-10,2022-07-07,2026-09-11,2022-07-07,15000000,0.0,N/A,N/A,USD,N/A,Recursos Ordinarios,N/A,N/A,0,B,NO,N/A,N/A,N/A,N/A,N/A,N/A,Acceso a Asistencia Técnica,Acceso a Asistencia Técnica,"Tasa; Plazo; Monto; Revolvencia; Días para aprobar; Días para Desembolso; Disponibilidad Ante Emergencias; Período de Gracia; otros, Revolvencia","Tasa, plazo, monto, periodo de gracia, revolvencia de la LGC, dias para desembolso,","El BCIE aporta valor a la operación a través de la tasa,accesoa asistencia técnica,plazo,monto,período de gracia,revolvencia de la LGC, días para desembolso, Prestigio del BCIE, las cuales representan mejores condiciones que ofrece el Banco comparado con otras instituciones.",https://www.bcie.org/proyectos/500811,https://datosabiertos.bcie.org/dataset/impacto-del-desarrollo/resource/75bed7b6-0842-4f86-9235-6c6fd851b0f9,https://www.bcie.org/contactenos,https://d-portal.iatistandard.org/ctrack.html?tongue=spa#view=act&aid=XM-DAC-46007-500811
35,302349,Proyectos Ampliación de la Carretera al Puerto de La Libertad Tramos II y III y Construcción de los Puentes sobre los Ríos Anguiatú y Paz,"La operación consiste en el financiamiento al Programa de Puentes Fronterizos y Ampliación Carretera al Puerto La Libertad Tramos II y III, incluye el financiamiento a los puentes Arce y Anguiatú, ambos fronterizos con Guatemala, además de la ampliación de la Carretera al Puerto La Libertad en sus Tramos II y III (BCIE financió Tramo I con FOVIAL dentro del préstamo No. 1886). Se pretende que el programa sea financiado mediante los fondos de infraestructura para países de mesoamérica y el caribe (FIMC) también conocidos por Fondos Yucatán.",N/A,"Proyecto - FETS, Proyecto - Fondos Ordinarios",Garantía Soberana,Cierre,El Salvador,"Carretera del litoral, La Hachadura, distrito de San Francisco Menéndez, municipio de Ahuachapán Sur, departamento de Ahuachapán",N/A,N/A,Ministerio de Obras Públicas,Transporte por carretera,Transporte y almacenamiento,N/A,2015-09-17,2013-06-26,2026-09-11,2013-06-26,144708600,140741292.07998002,N/A,N/A,USD,N/A,Recursos Ordinarios,N/A,N/A,N/A,A,NO,N/A,N/A,N/A,N/A,N/A,N/A,N/A,N/A,N/A,N/A,N/A,https://www.bcie.org/proyectos/302349,https://datosabiertos.bcie.org/dataset/impacto-del-desarrollo/resource/75bed7b6-0842-4f86-9235-6c6fd851b0f9,https://www.bcie.org/contactenos,https://d-portal.iatistandard.org/ctrack.html?tongue=spa#view=act&aid=XM-DAC-46007-302349
36,500240,Proyecto Rehabilitación de la Pista Juan Pablo II y Construcción de Pasos a Desnivel,"El proyecto consiste en la rehabilitación y ampliación de 9.55 km. de la Pista Juan Pablo II, utilizando una estructura de pavimento de concreto hidráulico diseñada para una vida útil de 25 años. La pista, que actualmente cuenta con cuatro carriles, dos en cada sentido, contará con seis carriles, tres en ambos sentidos. Los carriles interiores serán para uso exclusivo de autobuses, mientras que los dos exteriores serán destinados al tráfico mixto. El proyecto comprende, además, la construcción de cinco pasos a desnivel en intersecciones y seis puentes peatonales.",N/A,Proyecto - Fondos Ordinarios,Garantía Soberana,Ejecución,Nicaragua,Managua,N/A,https://www.managua.gob.ni/,Alcaldía de Managua,Transporte por carretera,Transporte y almacenamiento,N/A,2020-09-04,2017-01-24,2026-09-11,2017-01-24,105470000,75660453.70997,N/A,N/A,USD,N/A,Recursos Ordinarios,N/A,N/A,N/A,A,NO,N/A,N/A,N/A,N/A,N/A,N/A,N/A,N/A,N/A,N/A,N/A,https://www.bcie.org/proyectos/500240,https://datosabiertos.bcie.org/dataset/impacto-del-desarrollo/resource/75bed7b6-0842-4f86-9235-6c6fd851b0f9,https://www.bcie.org/contactenos,https://d-portal.iatistandard.org/ctrack.html?tongue=spa#view=act&aid=XM-DAC-46007-500240
37,302253,Programa de Fortalecimiento del Sistema Penitenciario en El Salvador,"El propósito de la operación es apoyar al Gobierno de la República de El Salvador en aumentar la capacidad instalada del sistema penitenciario del país, con instalaciones modernas, seguras y rehabilitantes, reduciendo así el hacinamiento en todo el sistema.",N/A,Proyecto - Fondos Ordinarios,Garantía Soberana,Cierre,El Salvador,"El ámbito de referencia incluye el Cantón San Luis Mariona, ubicado en la Calle a Mariona, dentro del Distrito de Ayutuxtepeque, municipio de San Salvador Centro, en el departamento de San Salvador, así como la Calle al centro penitenciario Izalco, en el Cantón Talcomunca, perteneciente al Distrito de Izalco, municipio de Sonsonate Este, en el departamento de Sonsonate.",N/A,N/A,Ministerio de Obras Públicas y de Transporte (MOPT),Desarrollo jurídico y judicial,Gobierno y Sociedad Civil,N/A,2013-10-08,2012-09-26,2026-09-11,2012-09-26,71000000,71000000,N/A,N/A,USD,N/A,Recursos Ordinarios,N/A,N/A,N/A,A,NO,N/A,N/A,N/A,N/A,N/A,N/A,N/A,N/A,N/A,N/A,N/A,https://www.bcie.org/proyectos/302253,https://datosabiertos.bcie.org/dataset/impacto-del-desarrollo/resource/75bed7b6-0842-4f86-9235-6c6fd851b0f9,https://www.bcie.org/contactenos,https://d-portal.iatistandard.org/ctrack.html?tongue=spa#view=act&aid=XM-DAC-46007-302253
38,301839,Proyecto vial Franja Transversal del Norte,"Proyecto vial Franja Transversal del Norte -FTN- consiste en el diseño, construcción y mantenimiento de una carretera asfaltada que recorre el país de este a oeste con una longitud de  329.5 Km.  Iniciando en el Municipio de Livingston, Depto. de Izabal y finaliza en el municipio de Nentón, Depto. de Huehuetenango.  El proyecto, ahora formulado con garantiá soberana de la República de Guatemala, contempla mantener la estructura licitada así como el adjudicatario, tomando en consideración que esta licitación se enmarcó dentro de las condiciones que demanda la Ley y Reglamento del mismo.  Así tambien contempla reformas al Decreto 88-2005 ""Ley para la Ejecucuón del Proyecto Vial Denominado Franja Transversal del Norte"", a bien de modificar el componente de financiamiento.",N/A,Proyecto - Fondos Ordinarios,Garantía Soberana,Cierre,Guatemala,Guatemala,N/A,https://www.civ.gob.gt/web/guest/inicio; https://www.caminos.gob.gt/,"Ministerio de Comunicaciones, Infraestructura y Vivienda/DGC",Transporte por carretera,Transporte y almacenamiento,N/A,2009-09-11,2008-12-16,2026-09-11,2008-12-16,203000000,198637580.36,N/A,N/A,USD,N/A,Recursos Ordinarios,N/A,N/A,N/A,N/A,NO,N/A,N/A,N/A,N/A,N/A,N/A,N/A,N/A,N/A,N/A,N/A,https://www.bcie.org/proyectos/301839,https://datosabiertos.bcie.org/dataset/impacto-del-desarrollo/resource/75bed7b6-0842-4f86-9235-6c6fd851b0f9,https://www.bcie.org/contactenos,https://d-portal.iatistandard.org/ctrack.html?tongue=spa#view=act&aid=XM-DAC-46007-301839
39,500459,Programa de Modernización de las Instituciones de Seguridad Ciudadana,"El Programa concentra inversiones en aspectos de modernización tecnológica en equipo de video vigilancia, movilidad estratégica, equipo táctico, así como el equipamiento hospitalario.",N/A,Proyecto - Fondos Ordinarios,Garantía Soberana,Ejecución,El Salvador,"El ámbito de referencia incluye la Alameda Manuel Enrique Araujo, kilómetro 5 ½ en San Salvador, San Salvador Centro, departamento de San Salvador, donde se ubica el Ministerio de Obras Públicas y de Transporte, plantel La Lechuza; y el kilómetro 9 de la Carretera Panamericana, contiguo a Holcim y frente a Plaza Las Ramblas, en Santa Tecla, La Libertad Sur, departamento de La Libertad, donde se encuentra el Viceministerio de Transporte.",N/A,https://dinac.gob.sv/,Direccion Nacional de Compras Publicas (DINAC),"Servicios médicos, Desarrollo jurídico y judicial","Gobierno y Sociedad Civil, Salud",N/A,2021-07-12,2019-10-30,2026-09-11,2019-10-30,109000000,21471304,N/A,N/A,USD,N/A,Recursos Ordinarios,N/A,N/A,N/A,A,NO,N/A,N/A,N/A,N/A,N/A,N/A,N/A,N/A,N/A,N/A,N/A,https://www.bcie.org/proyectos/500459,https://datosabiertos.bcie.org/dataset/impacto-del-desarrollo/resource/75bed7b6-0842-4f86-9235-6c6fd851b0f9,https://www.bcie.org/contactenos,https://d-portal.iatistandard.org/ctrack.html?tongue=spa#view=act&aid=XM-DAC-46007-500459
40,500959,Plan Nacional de Conectividad y Transformación de Infraestructura Vial de la República Dominicana (PLANACOVIAL) Tramo A,"El Programa consiste en la rehabilitación de la carpeta asfáltica desde el kilómetro nueve al kilómetro 28, la construcción de 15.3 kilómetros (km) de carretera marginal y la construcción de diferentes estructuras de mejora del nivel del servicio de la vía troncal RD-1, Autopista Juan Pablo Duarte.",N/A,Proyecto - Fondos Ordinarios,Garantía Soberana,Cancelada,República Dominicana,"Zona de influencia: Santo Domingo, San Pedro de Macorís y El Seibo.",N/A,https://www.mopc.gob.do/,Ministerio de Obras Publicas y Comunicaciones (MOPC),N/A,N/A,N/A,2025-05-21,2023-05-09,2026-09-11,2023-05-09,421000000,0.0,N/A,N/A,USD,N/A,Recursos Ordinarios,N/A,N/A,N/A,A,NO,N/A,N/A,N/A,N/A,N/A,N/A,N/A,N/A,N/A,N/A,N/A,https://www.bcie.org/proyectos/500959,https://datosabiertos.bcie.org/dataset/impacto-del-desarrollo/resource/75bed7b6-0842-4f86-9235-6c6fd851b0f9,https://www.bcie.org/contactenos,N/A
41,500847,Facilidad revolvente - Proyecto Corredor de las Playas ubicado en la provincia de Panamá Oeste,"El objetivo general del proyecto es mejorar el nivel de servicio de un importante tramo de la Carretera Panamericana, para así disminuir el tiempo de transporte y los costos de operación y mantenimiento vehicular del mismo.",N/A,Línea de Crédito,Garantía Soberana,Cierre,Panamá,"El Proyecto se desarrolla en el distrito de La Chorrera en la provincia de Panamá Oeste. El tramo carretero se ubica en la vía Panamericana en el tramo comprendido entre la Estación 3k+467.59 (tramo final de la autopista Arraiján-La Chorrera), y la Estación 7k+700 (Hacienda Los Calderones).",N/A,http://www.mop.gob.pa,"Ministerio de Obras Públicas /  Puentes y Calzadas Infraestructuras (SLU), Sucursal Panamá",Transporte por carretera,Transporte y almacenamiento,N/A,2022-11-17,2022-07-07,2026-09-11,2022-07-07,145000000,220921199.41,N/A,N/A,USD,N/A,Recursos Ordinarios,N/A,N/A,N/A,A,NO,N/A,N/A,N/A,N/A,N/A,N/A,Acceso a Asistencia Técnica,N/A,"Tasa, Plazo, Monto, Días para aprobar proyecto, Días para desembolso, Disponibilidad ante emergencias, Período de gracia, Otros.","Tasa, Prestigio del BCIE (Apertura para nuevas fuentes), Plazo, Monto, Disponibilidad ante crisis","El BCIE agrega valor a la operación mediante una tasa competitiva, plazos y montos acordes a las necesidades del cliente. Asimismo, su prestigio y sólido respaldo institucional facilitan la apertura y diversificación de nuevas fuentes de financiamiento, mientras que la disponibilidad de recursos ante situaciones de crisis fortalece la capacidad de respuesta y resiliencia financiera de la institución",https://www.bcie.org/proyectos/500847,https://datosabiertos.bcie.org/dataset/impacto-del-desarrollo/resource/75bed7b6-0842-4f86-9235-6c6fd851b0f9,https://www.bcie.org/contactenos,https://d-portal.iatistandard.org/ctrack.html?tongue=spa#view=act&aid=XM-DAC-46007-500847
42,302270,Programa de Desarrollo Agrícola Bajo Riego (PDABR),Financiamiento parcial del Programa de Desarrollo Agrícola Bajo Riego (PDABR).,N/A,Proyecto - Fondos Ordinarios,Garantía Soberana,Cierre,Honduras,"Aldeas de Tascalapa, Maralito y Siguapa en el municipio de Sulaco, Departamento de Yoro. Municipios de La Paz, Comayagua, Ajuterique y Lejamaní, Lamaní, San Sebastián en el departamento de Comayagua.",N/A,https://sag.gob.hn,SAG,Recursos hídricos agrícolas,Agricultura,N/A,2013-05-30,2012-08-29,2026-09-11,2012-08-29,52032754,37787997.400000006,N/A,N/A,USD,N/A,Recursos Ordinarios,N/A,N/A,N/A,A,NO,N/A,N/A,N/A,N/A,N/A,N/A,N/A,N/A,N/A,N/A,N/A,https://www.bcie.org/proyectos/302270,https://datosabiertos.bcie.org/dataset/impacto-del-desarrollo/resource/75bed7b6-0842-4f86-9235-6c6fd851b0f9,https://www.bcie.org/contactenos,https://d-portal.iatistandard.org/ctrack.html?tongue=spa#view=act&aid=XM-DAC-46007-302270
43,500422,IX Programa de Mejoramiento y Ampliación de Carreteras,"El Programa contempla la pavimentación de 284.27 kilómetros, divididos en diez tramos carreteros, con estructura de rodamiento de concreto hidráulico del tipo de losas cortas para un tramo; de pavimento de asfalto para cuatro tramos; y de adoquín de concreto para cinco tramos.",N/A,Proyecto - Fondos Ordinarios,Garantía Soberana,Cierre,Nicaragua,El ámbito de referencia incluye los municipios de Rosita y Bonanza en la Región Autónoma de la Costa Caribe Norte (RACCN); el municipio de Chinandega en el departamento homónimo; los municipios de Esquipulas y San Dionisio en el departamento de Managua; el municipio de Paiwas en la Región Autónoma de la Costa Caribe Sur (RACCS); el municipio de San Francisco Libre en Managua y la comunidad Los Zarzales en el departamento de León; los municipios de Estelí y El Sauce en el departamento de Estelí; el municipio de Tipitapa en Managua; el municipio de San José de los Remates en Boaco; los municipios de Cuapa y La Libertad en Chontales; y finalmente el municipio de Masaya en el departamento de Masaya junto con los municipios de Catarina y Diriomo en el departamento de Granada.,N/A,www.mti.gob.ni,MTI,"Reducción del Riesgo de Desastres, Transporte por carretera","Otros Multisectoriales, Transporte y almacenamiento",N/A,2019-11-15,2019-03-26,2026-09-11,2019-03-26,333874540,333874539.99996996,N/A,N/A,USD,N/A,Recursos Ordinarios,N/A,N/A,N/A,A,NO,N/A,N/A,N/A,N/A,N/A,N/A,N/A,N/A,N/A,N/A,N/A,https://www.bcie.org/proyectos/500422,https://datosabiertos.bcie.org/dataset/impacto-del-desarrollo/resource/75bed7b6-0842-4f86-9235-6c6fd851b0f9,https://www.bcie.org/contactenos,https://d-portal.iatistandard.org/ctrack.html?tongue=spa#view=act&aid=XM-DAC-46007-500422
44,500213,"Programa de Agua Potable y Saneamiento de Zonas Costeras, Gestión de la Calidad y Eficiencia del Servicio","El Programa de Agua Potable y Saneamiento de Zonas Costeras, Gestión de la Calidad y Eficiencia del Servicio BCIE II, Etapa Segunda pretende asegurar la sostenibilidad en el sector de agua, mediante la realización de ampliaciones y mejoras en los sistemas de recolección, potabilización y distribución de agua potable en ocho sistemas, principalmente en zonas costeras, ubicadas en las provincias de Guanacaste, Puntarenas y Limón. En esta última se contempla una intervención en saneamiento. También, se contempla la construcción de al menos 17 edificios administrativos, planteles o centros de control, principalmente en provincias costeras, el desarrollo de un sistema de planificación y la construcción y equipamiento del Laboratorio Nacional de Aguas.",N/A,"Proyecto - Fondos Externos, Proyecto - Fondos Ordinarios",Garantía No Soberana,Ejecución,Costa Rica,"Cantones Limón, Moín, Guácimo, provincia de Limón. Cantones Quepos, Garabito, provincia de Puntarenas",Costa Rica,https://www.aya.go.cr,Instituto Costarricense de Acueductos y Alcantarillados (AyA),Abastecimiento de agua y saneamiento: grandes sistemas,Abastecimiento de agua y saneamiento,Si,2019-06-07,2016-10-26,2026-09-11,2016-10-26,164120000,17094091.9,N/A,N/A,USD,N/A,Recursos Ordinarios,N/A,N/A,0,A,NO,N/A,N/A,N/A,N/A,N/A,N/A,N/A,N/A,N/A,N/A,N/A,https://www.bcie.org/proyectos/500213,https://datosabiertos.bcie.org/dataset/impacto-del-desarrollo/resource/75bed7b6-0842-4f86-9235-6c6fd851b0f9,https://www.bcie.org/contactenos,https://d-portal.iatistandard.org/ctrack.html?tongue=spa#view=act&aid=XM-DAC-46007-500213
45,500193,VI Proyecto de Mejoramiento de Carreteras,"El VI Proyecto de Mejoramiento de Carreteras consiste en la pavimentación de cuatro tramos carreteros existentes, que en su conjunto conllevan un total de 73.16 kilómetros de longitud.",N/A,Proyecto - Fondos Ordinarios,Garantía Soberana,Cierre,Nicaragua,"El ámbito de referencia incluye los municipios de El Jícaro, Murra y Quilalí en el departamento de Nueva Segovia; las comunidades El Regadío y San Juan de Limay en el departamento de Estelí; y los municipios de Nagarote y La Paz Centro en el departamento de León.",N/A,N/A,MTI,Transporte por carretera,Transporte y almacenamiento,N/A,2016-12-15,2016-07-26,2026-09-11,2016-07-26,70450000,64474574.480000004,N/A,N/A,USD,N/A,Recursos Ordinarios,N/A,N/A,N/A,A,NO,N/A,N/A,N/A,N/A,N/A,N/A,N/A,N/A,N/A,N/A,N/A,https://www.bcie.org/proyectos/500193,https://datosabiertos.bcie.org/dataset/impacto-del-desarrollo/resource/75bed7b6-0842-4f86-9235-6c6fd851b0f9,https://www.bcie.org/contactenos,https://d-portal.iatistandard.org/ctrack.html?tongue=spa#view=act&aid=XM-DAC-46007-500193
46,500910,OPD para apoyar acciones de política y resultados de desarrollo,"Proporcionar financiamiento para apoyar acciones de política y resultados de desarrollo que son prioritarios para el prestatario y que apoyan la protección de grupos vulnerables, cambio climático y fortalecimiento de la gestión del sector público en la República de El Salvador",N/A,OPD - Fondos Ordinarios,Garantía Soberana,Cierre,El Salvador,El Salvador,N/A,https://www.mh.gob.sv/,Ministerio de Hacienda,Política del sector público y gestión administrativa,N/A,N/A,2023-01-05,2022-12-14,2026-09-11,2022-12-12,250000000,250000000,N/A,N/A,USD,N/A,Recursos Ordinarios,N/A,N/A,N/A,C,NO,N/A,N/A,N/A,N/A,N/A,N/A,Acceso a Asistencia Técnica,N/A,"Tasa, Plazo, Monto, Días para aprobar proyecto, Días para desembolso, Disponibilidad ante emergencias, Período de gracia, Otros.","Días para aprobar proyecto, Prestigio del BCIE (Apertura para nuevas fuentes), Otros, Monto, Disponibilidad ante crisis","El BCIE agrega valor a la operación mediante montos de financiamiento acordes a las necesidades del cliente, procesos ágiles para la aprobación de proyectos y la disponibilidad de recursos ante situaciones de crisis. Asimismo, su prestigio y sólido respaldo institucional facilitan la apertura y diversificación de nuevas fuentes de financiamiento, mientras que otros beneficios asociados a la relación con el Banco fortalecen la capacidad financiera y la resiliencia de la institución.",https://www.bcie.org/proyectos/500910,https://datosabiertos.bcie.org/dataset/impacto-del-desarrollo/resource/75bed7b6-0842-4f86-9235-6c6fd851b0f9,https://www.bcie.org/contactenos,https://d-portal.iatistandard.org/ctrack.html?tongue=spa#view=act&aid=XM-DAC-46007-500910
47,500705,Programa de Fortalecimiento de las Acciones de Protección contra las Violencias por Motivos de Género,"El financiamiento solicitado tiene por finalidad apoyar parcialmente al gobierno argentino por medio de la implementación del Programa de Fortalecimiento de las Acciones de Protección contra las Violencias por Motivos de Género, el cual a su vez forma parte de las medidas que conforman el Plan Nacional de Acción  contra las violencias por motivo de género 2020-2022.",N/A,Proyecto - Fondos Ordinarios,Garantía Soberana,Ejecución,Argentina,"Cede Central: Calle Cochabamba 54, CABA, Argentina. Cedes provinciales: Ciudad de Morón y Cdad. de La Plata, en Prov. de Buenos Aires; Ciudad de Comodoro Rivadavia, en Prov. de Chbut; Cdad. de Resistencia, en Prov. de Chaco; Cdad. de Gral. Roca en Prov. de Río Negro; Cdad. de Posadas en Prov. de Misiones; Cdad. de Río Gallegos, en Prov de Santa Cruz; Cdad. de Santiago del Estero, en Prov. homónima; Cdad de Paso de los Libres, en la Prov de Corrientes.",N/A,https://www.argentina.gob.ar/generos/el-ministerio-de-las-mujeres-generos-y-diversidad-de-la-nacion-en-numeros,Ministerio de Justicia,Poner fin a la violencia contra las mujeres y las niñas,Gobierno y Sociedad Civil,N/A,2021-09-28,2021-05-25,2026-09-11,2021-05-25,50000000,28592983,N/A,N/A,USD,N/A,Recursos Ordinarios,N/A,N/A,N/A,B,NO,N/A,N/A,N/A,N/A,N/A,N/A,N/A,N/A,N/A,N/A,N/A,https://www.bcie.org/proyectos/500705,https://datosabiertos.bcie.org/dataset/impacto-del-desarrollo/resource/75bed7b6-0842-4f86-9235-6c6fd851b0f9,https://www.bcie.org/contactenos,https://d-portal.iatistandard.org/ctrack.html?tongue=spa#view=act&aid=XM-DAC-46007-500705
48,501220,Operación de Política de Desarrollo (OPD) para conservación y restauración de la cobertura boscosa,"Proporcionar financiamiento para apoyar la conservación y restauración de la cobertura boscosa en la República de Panamá, promoviendo normas y regulaciones en la ejecución de actividades de planificación, aprovechamiento, transporte y manejo del recurso forestal, acorde a las exigencias ambientales actuales y futuras; lo anterior, en concordancia con las acciones previas de la OPD.","Contribuir a la conservación y restauración de la cobertura boscosa de la República de Panamá, promoviendo normas y regulaciones en la ejecución de actividades de planificación, aprovechamiento, transporte y manejo del recurso forestal; acorde con las exigencias ambientales actuales y futuras.",OPD - Fondos Ordinarios,Garantía Soberana,Cierre,Panamá,Esta operación comprende el financiamiento de una iniciativa de gobierno a nivel país.,N/A,https://www.mef.gob.pa/en/,Ministerio de Economía y Finanzas,Política forestal y gestión administrativa,Silvicultura,N/A,2025-09-08,2025-06-24,2026-09-11,2025-06-24,75000000,75000000,N/A,N/A,USD,75000000.00,Recursos Ordinarios,N/A,N/A,N/A,C,SI,Mitigación,75000000.00,75000000.00,0.00,"Esta operación contribuye de manera significativa a la mitigación del cambio climático, dado que la totalidad del financiamiento climático está orientada a la conservación y restauración de bosques, fortaleciendo los sumideros de carbono. Si bien no se reporta financiamiento climático en adaptación, de manera complementaria se prevé que estas intervenciones generen beneficios indirectos de adaptación, mediante la mejora de los servicios ecosistémicos, como la regulación hídrica, la conservación de suelos y el aumento de la resiliencia de los territorios.",0.00,Acceso a Asistencia Técnica,N/A,"Tasa, Plazo, Monto, Días para aprobar proyecto, Días para desembolso, Disponibilidad ante emergencias, Período de gracia, Otros.","Plazo, Días para aprobar proyecto, Periodo de gracia, Tasa, Días para desembolso, Prestigio del BCIE (apertura para nuevas fuentes)","El BCIE agrega valor a la operación mediante una tasa competitiva, períodos de gracia favorables y plazos acordes a las necesidades del cliente, complementados por procesos ágiles para la aprobación de proyectos y el desembolso de recursos. Asimismo, su prestigio y sólido respaldo institucional facilitan la apertura y diversificación de nuevas fuentes de financiamiento, fortaleciendo la capacidad financiera y las oportunidades de desarrollo de la institución.",https://www.bcie.org/proyectos/501220,https://datosabiertos.bcie.org/dataset/impacto-del-desarrollo/resource/75bed7b6-0842-4f86-9235-6c6fd851b0f9,https://www.bcie.org/contactenos,https://d-portal.iatistandard.org/ctrack.html?tongue=spa#view=act&aid=XM-DAC-46007-501220
49,302302,Préstamo - Instituto Costarricense de Acueductos y Alcantarillados (AyA),Programa para la implementación de medidas de efciencia institucional para mejorar el cobro y la reducción del agua no contabilizada del AyA,N/A,Proyecto - Fondos Ordinarios,Garantía No Soberana,Ejecución,Costa Rica,"Cantones de San José, Escazú, Desamparados, Aserrí, Mora, Goicochea, Santa Ana, Alajuelita, Vásquez de Coronado, Tibás, Moravia y Montes de Oca, en la provincia de San José. En estos cantones se atenderán 57 distritos.
Cantones de Limón y Guácimo,provincia de Limón. Cantón San Ramón en la provincia de Alajuela. Cantón Puntarenas en la provincia de Puntarenas. Cantón Liberia en la provincia de Guanacaste. En estos cantones se abarcará 26 distritos.",Costa Rica,https://www.aya.go.cr,Instituto Costarricense de Acueductos y Alcantarillados,Suministro de agua: grandes sistemas,Abastecimiento de agua y saneamiento,Si,2015-08-12,2013-09-24,2026-09-11,2013-09-24,130000000,57000000,N/A,N/A,USD,N/A,Recursos Ordinarios,N/A,N/A,0,A,NO,N/A,N/A,N/A,N/A,N/A,N/A,N/A,N/A,N/A,N/A,N/A,https://www.bcie.org/proyectos/302302,https://datosabiertos.bcie.org/dataset/impacto-del-desarrollo/resource/75bed7b6-0842-4f86-9235-6c6fd851b0f9,https://www.bcie.org/contactenos,https://d-portal.iatistandard.org/ctrack.html?tongue=spa#view=act&aid=XM-DAC-46007-302302
50,500636,Programa de Apoyo a Inversiones en el Sector Vial,"El Programa de Apoyo a Inversiones en el Sector Vial para proyectos de infraestructura vial que mejoren el desempeño del sector a través de la construcción de carreteras y puentes que cumplan con los criterios de elegibilidad del Programa, contemplando el mejoramiento de 120.8 km de carreteras y la construcción de cuatro puentes permanentes y un puente binacional. El Programa también prevé la disponibilidad de recursos para la realización de dos estudios para la actualización de normativas y estadísticas, los cuales favorecerán el quehacer institucional del Ministerio de Comunicaciones, Infraestructura y Vivienda (CIV) y la formulación de planes institucionales.",N/A,Proyecto - Fondos Ordinarios,Garantía Soberana,Cancelada,Guatemala,Guatemala,N/A,https://www.civ.gob.gt/web/guest/inicio,"Ministerio de Comunicaciones, Infraestructura y Vivienda",Transporte por carretera,Transporte y almacenamiento,N/A,2026-04-09,2022-03-29,2026-09-11,2022-03-29,170000000,0.0,N/A,N/A,USD,N/A,Recursos Ordinarios,N/A,N/A,N/A,A,NO,N/A,N/A,N/A,N/A,N/A,N/A,Acceso a Asistencia Técnica,Acceso a Asistencia Técnica,"Tasa, Plazo, Monto, Días para aprobar proyecto, Días para desembolso, Disponibilidad ante emergencias, Período de gracia, Otros.","Tasa, Días para aprobar proyecto, Plazo, Monto","El BCIE agrega valor a la operación mediante una tasa competitiva, plazos y montos acordes a las necesidades del cliente, así como un proceso ágil de aprobación de proyectos que facilita el acceso oportuno a los recursos. Estas condiciones contribuyen a una estructura financiera eficiente y al desarrollo oportuno de las inversiones previstas. Asimismo, el BCIE complementa su financiamiento con asistencia técnica especializada, generando valor agregado",https://www.bcie.org/proyectos/500636,https://datosabiertos.bcie.org/dataset/impacto-del-desarrollo/resource/75bed7b6-0842-4f86-9235-6c6fd851b0f9,https://www.bcie.org/contactenos,https://d-portal.iatistandard.org/ctrack.html?tongue=spa#view=act&aid=XM-DAC-46007-500636
51,500938,LGC - Development Finance Corporation Ltd.,"El objetivo es otorgar financiamientos conforme los programas de intermediación financiera del BCIE, principalmente aquellos de apoyo a la micro, pequeña y mediana empresa.",N/A,Línea Global de Crédito,Garantía Soberana,Aprobación,Belice,Belice,N/A,https://www.dfcbelize.org/,Development FInance Corporation,Intermediarios financieros del sector formal,Servicios Bancarios y Financieros,N/A,N/A,2023-05-09,2026-09-11,2023-05-09,2500000.0,0.0,N/A,N/A,USD,N/A,Recursos Ordinarios,N/A,N/A,N/A,B,NO,N/A,N/A,N/A,N/A,N/A,N/A,N/A,N/A,N/A,N/A,N/A,https://www.bcie.org/proyectos/500938,https://datosabiertos.bcie.org/dataset/impacto-del-desarrollo/resource/75bed7b6-0842-4f86-9235-6c6fd851b0f9,https://www.bcie.org/contactenos,N/A
52,500646,Programa de Saneamiento del Lago de Managua en la Ribera Sur,El programa tiene como finalidad lograr una prestación de servicios de abastecimiento de agua potable y de saneamiento económicamente eficiente y compatible con el medioambiente para la protección del lago de Managua.,N/A,"Proyecto - Fondos Externos, Proyecto - Fondos Ordinarios",Garantía Soberana,Ejecución,Nicaragua,"Municipios de Managua, Ciudad Sandino y Tipitapa del departamento de Managua.",N/A,https://www.enacal.com.ni/,ENACAL,Abastecimiento de agua y saneamiento: grandes sistemas,Abastecimiento de agua y saneamiento,N/A,2021-11-25,2021-06-29,2026-09-11,2021-06-29,151449270,33961913.14999001,N/A,N/A,USD,N/A,Recursos Ordinarios,N/A,N/A,N/A,A,NO,N/A,N/A,N/A,N/A,N/A,N/A,N/A,N/A,N/A,N/A,N/A,https://www.bcie.org/proyectos/500646,https://datosabiertos.bcie.org/dataset/impacto-del-desarrollo/resource/75bed7b6-0842-4f86-9235-6c6fd851b0f9,https://www.bcie.org/contactenos,https://d-portal.iatistandard.org/ctrack.html?tongue=spa#view=act&aid=XM-DAC-46007-500646
53,501277,Programa de Construcción de Infraestructura y Rescate de Escenarios Deportivos Fase II (PRODEPORTE II),"El objetivo es impulsar el desarrollo del deporte, mejorar la salud ciudadana y fortalecer la cohesión social mediante la práctica deportiva.",N/A,Proyecto - Fondos Ordinarios,Garantía Soberana,Ejecución,El Salvador,El Salvador,N/A,N/A,Instituto Nacional de los Deportes INDES,Otras formas de prevención y tratamiento de las enfermedades no transmisibles; Protección social; Recreación y deporte,Otras Infraestructuras y Servicios Sociales; Salud,N/A,2026-05-18,2026-01-20,2026-09-11,2025-11-26,150000000,1000000.0,N/A,N/A,USD,N/A,Recursos Ordinarios,N/A,N/A,N/A,B,NO,N/A,N/A,N/A,N/A,N/A,N/A,N/A,N/A,N/A,N/A,N/A,https://www.bcie.org/proyectos/501277,https://datosabiertos.bcie.org/dataset/impacto-del-desarrollo/resource/75bed7b6-0842-4f86-9235-6c6fd851b0f9,https://www.bcie.org/contactenos,N/A
54,500864,Programa de Fortalecimiento Tecnológico del Registro Nacional de las Personas y de la Dirección Nacional de Migraciones,"El Programa busca contribuir a la modernización y fortalecimiento de la seguridad y capacidad de respuesta de los servicios de identidad y de migraciones que realizan el Registro Nacional de las Personas (RENAPER) y la Dirección Nacional de Migraciones (DNM) respectivamente, en el marco del crecimiento de la economía digital.",N/A,Proyecto - Fondos Ordinarios,Garantía Soberana,Ejecución,Argentina,"Data Center y planta documental, en la Ciudad                                 Autónoma de Buenos Aires (CABA); registros civiles y delegaciones  de todo el país (más de 100), siendo los priorizados los de las provincias de Chaco, Chubut, Formosa, Jujuy, La Rioja, Salta, Santa Cruz, Santiago del Estero y Tucumán; y los pasos fronterizos, con prioridad los de alto tránsito, como Puente Internacional Tancredo Neves en la cdad. de Posadas (Misiones), Aeropuerto Internacional Ministro Pistarini en Ezeiza (Buenos Aires), Aeroparque Jorge Newbery (CABA), Terminal de BuqueBus (CABA), el Paso de los Libres en la ciudad homónima (Corrientes) y el Paso Cristo Redentor (Mendoza).",N/A,https://www.argentina.gob.ar/interior,Jefatura de Gabinete de Ministros,"Inmigración, Política demográfica y gestión administrativa","Gobierno y Sociedad Civil, Políticas/Programas de Población y Salud Reproductiva",N/A,2023-05-09,2022-11-01,2026-09-11,2022-11-01,25000000,16354995.280000001,N/A,N/A,USD,N/A,Recursos Ordinarios,N/A,N/A,N/A,C,NO,N/A,N/A,N/A,N/A,N/A,N/A,Acceso a Asistencia Técnica,N/A,"Tasa, Plazo, Monto, Días para aprobar proyecto, Días para desembolso, Disponibilidad ante emergencias, Período de gracia, Otros.","tasa, plazo, periodo de gracia, dias para aprobar, dias de desembolso, otras fuentes de financiamiento","El BCIE ofrece mejores condiciones en taza, plazo, periodo de gracia, los días para aprobar el Programa y los días para desembolso en comparación con otras fuentes de financiamiento.",https://www.bcie.org/proyectos/500864,https://datosabiertos.bcie.org/dataset/impacto-del-desarrollo/resource/75bed7b6-0842-4f86-9235-6c6fd851b0f9,https://www.bcie.org/contactenos,https://d-portal.iatistandard.org/ctrack.html?tongue=spa#view=act&aid=XM-DAC-46007-500864
55,500436,"Proyecto Construcción, Equipamiento y Puesta en Operación de un Sistema de Tren Rápido de Pasajeros (TRP) en la Gran Área Metropolitana (GAM)","La operación consiste en el financiamiento del aporte que hará la República de Costa Rica al Concesionario encargado de desarrollar el proyecto de construcción, equipamiento y puesta en operación de un Sistema de TRP en la GAM que permita brindarle a los usuarios de transporte público un tren eléctrico que conecte un eje principal de este a oeste, en el derecho de vía existente de la Red Ferroviaria Nacional (84.9 km aproximadamente) entre las ciudades de Cartago, San José, Heredia y Alajuela; que permita la movilidad, entre los distintos puntos, de una forma segura, limpia, rápida y eficiente.",N/A,"Proyecto - Fondos Externos, Proyecto - Fondos Ordinarios",Garantía Soberana,Ejecución,Costa Rica,"San José: San José, Goicoechea, Tibás, Montes de Oca, Curridabat Alajuela: Alajuela. Cartago: Cartago, Paraíso, La Unión, Oreamuno. Heredia: Heredia, Santo Domingo, Belén, Flores, San Pablo.",N/A,https://www.incofer.go.cr/,INCOFER,Transporte ferroviario,Transporte y almacenamiento,N/A,2026-05-22,2019-10-30,2026-09-11,2019-10-30,550000000,0.0,N/A,N/A,USD,N/A,Recursos Ordinarios,N/A,N/A,N/A,A,NO,N/A,N/A,N/A,N/A,N/A,N/A,N/A,N/A,N/A,N/A,N/A,https://www.bcie.org/proyectos/500436,https://datosabiertos.bcie.org/dataset/impacto-del-desarrollo/resource/75bed7b6-0842-4f86-9235-6c6fd851b0f9,https://www.bcie.org/contactenos,https://d-portal.iatistandard.org/ctrack.html?tongue=spa#view=act&aid=XM-DAC-46007-500436
56,500258,Programa de Apoyo a la Estrategia de Ampliación de Cobertura y Acceso a la Salud,"El Programa consiste en financiar parcialmente el mejoramiento de la red de almacenamiento, distribución y gestión de vacunas para mejorar la salud de más de 14.3 millones de personas a través de: mejorar el Registro Nominal de Vacunación Nacional (NOMIVAC); la construcción y equipamiento de seis (6) depósitos provinciales; el mejoramiento y equipamiento de diez (10) depósitos regionales en la provincia de Buenos Aires y la construcción y equipamiento de doce (12) vacunatorios sostenibles en áreas rurales remotas.",N/A,Proyecto - Fondos Ordinarios,Garantía Soberana,Cierre,Argentina,"El ámbito de referencia incluye la Ciudad de Resistencia, en la provincia de Chaco; la Ciudad de Formosa, en la provincia homónima; la Ciudad de Santa Fe, en la provincia homónima; y la Ciudad de Paraná, en la provincia de Entre Ríos.",N/A,N/A,Ministerio de Salud de la Nación (MSAL),Servicios médicos,N/A,N/A,2020-09-17,2018-03-19,2026-09-11,2018-03-19,32000000,4306520.37,N/A,N/A,USD,N/A,Recursos Ordinarios,N/A,N/A,N/A,N/A,NO,N/A,N/A,N/A,N/A,N/A,N/A,N/A,N/A,N/A,N/A,N/A,https://www.bcie.org/proyectos/500258,https://datosabiertos.bcie.org/dataset/impacto-del-desarrollo/resource/75bed7b6-0842-4f86-9235-6c6fd851b0f9,https://www.bcie.org/contactenos,https://d-portal.iatistandard.org/ctrack.html?tongue=spa#view=act&aid=XM-DAC-46007-500258
57,500349,Proyecto de Mejoramiento de las Capacidades Técnicas y Operativas de Puerto Corinto,"El objetivo general del proyecto es contribuir a mejorar y ampliar la capacidad operativa y técnica de Puerto Corinto para la atención de carga internacional y buques, de tal manera que contribuya a la mejora y fortalecimiento de la competitividad del país en el ámbito del comercio internacional.",N/A,Proyecto - Fondos Ordinarios,Garantía Soberana,Ejecución,Nicaragua,"El ámbito de referencia incluye el municipio de Corinto y la comunidad El Realejo, ambos ubicados en el departamento de Chinandega.",N/A,https://www.epn.gob.ni,Empresa Portuaria Nacional (EPN),Transporte acuático,Transporte y almacenamiento,N/A,2018-11-06,2018-07-24,2026-09-11,2018-07-24,184625306.64999998,165075612.64000002,N/A,N/A,USD,N/A,Recursos Ordinarios,N/A,N/A,N/A,A,NO,N/A,N/A,N/A,N/A,N/A,N/A,N/A,N/A,N/A,N/A,N/A,https://www.bcie.org/proyectos/500349,https://datosabiertos.bcie.org/dataset/impacto-del-desarrollo/resource/75bed7b6-0842-4f86-9235-6c6fd851b0f9,https://www.bcie.org/contactenos,https://d-portal.iatistandard.org/ctrack.html?tongue=spa#view=act&aid=XM-DAC-46007-500349
58,501114,Programa de Carreteras Resilientes de Honduras (PCR-HN) Tramo B-1 Libramiento El Progreso,"El Proyecto consiste en liberar la ciudad de El Progreso a través de la construcción de una nueva carretera pavimentada de aproximadamente 16.0 km, de cuatro carriles (dos por sentido), incluyendo estructuras mayores como intercambios, puentes y menores de drenaje, entre otras obras como medidas de seguridad vial y protección ambiental.",N/A,Proyecto - Fondos Ordinarios,Garantía Soberana,Ejecución,Honduras,"El proyecto de Libramiento El Progreso está ubicado al este de la ciudad de El Progreso, en el departamento de Yoro.",N/A,https://www.sit.gob.hn/,SIT,Transporte por carretera,Transporte y almacenamiento,N/A,2024-11-22,2024-05-07,2026-09-11,2024-04-22,96300000,0.0,N/A,N/A,USD,N/A,Recursos Ordinarios,N/A,N/A,N/A,A,NO,N/A,N/A,N/A,N/A,N/A,N/A,N/A,N/A,N/A,N/A,N/A,https://www.bcie.org/proyectos/501114,https://datosabiertos.bcie.org/dataset/impacto-del-desarrollo/resource/75bed7b6-0842-4f86-9235-6c6fd851b0f9,https://www.bcie.org/contactenos,https://d-portal.iatistandard.org/ctrack.html?tongue=spa#view=act&aid=XM-DAC-46007-501114
59,500627,Programa de Ampliación del Sistema de Transmisión Eléctrica en Nicaragua,"Este proyecto tiene como finalidad favorecer la expansión de la electrificación rural, generar las condiciones para atender la futura demanda de energía en el área y mejorar la confiabilidad del sistema de transmisión local.",N/A,Proyecto - Fondos Ordinarios,Garantía Soberana,Ejecución,Nicaragua,"Bluefields, El Rama (RACCS), Managua. (Dadas la funciones del Centro Nacional de Despacho de Carga, CNDC,  como operardor del Sistema Interconectado Nacional, SIN y administrador del mercado eléctrico, se considera como area de influencia del proyecto la totalidad del territorio nacional.",N/A,https://www.enatrel.gob.ni/,ENATREL,Transmisión y distribución de energía eléctrica (redes centralizadas),Distribución de energía,N/A,2021-07-29,2021-03-23,2026-09-11,2021-03-23,40100000,17505142.58999,N/A,N/A,USD,N/A,Recursos Ordinarios,N/A,N/A,N/A,A,NO,N/A,N/A,N/A,N/A,N/A,N/A,N/A,N/A,N/A,N/A,N/A,https://www.bcie.org/proyectos/500627,https://datosabiertos.bcie.org/dataset/impacto-del-desarrollo/resource/75bed7b6-0842-4f86-9235-6c6fd851b0f9,https://www.bcie.org/contactenos,https://d-portal.iatistandard.org/ctrack.html?tongue=spa#view=act&aid=XM-DAC-46007-500627
60,500877,"Programa de Apoyo al Plan Nacional, Argentina contra el Hambre","El Programa está dirigido a apoyar parcialmente las transferencias monetarias del Plan Nacional Argentina contra el Hambre, el cual prevé complementar los ingresos de las familias vulnerables de Argentina con el fin de apoyar la seguridad alimentaria de familias en situación de vulnerabilidad social.",N/A,Proyecto - Fondos Ordinarios,Garantía Soberana,Cierre,Argentina,Argentina,N/A,N/A,Ministerio de Capital Humano,Asistencia alimentaria,Asistencia Alimentaria para el Desarrollo,N/A,2022-12-15,2022-11-01,2026-09-11,2022-11-01,50000000,49941937.62,N/A,N/A,USD,N/A,Recursos Ordinarios,N/A,N/A,N/A,C,NO,N/A,N/A,N/A,N/A,N/A,N/A,Acceso a Asistencia Técnica,Acceso a Asistencia Técnica,"Tasa, Plazo, Monto, Días para aprobar proyecto, Días para desembolso, Disponibilidad ante emergencias, Período de gracia, Otros.","Días para Desembolso, Tasa, Período de Gracia, Días Para Aprobar Proyecto, Plazo","El BCIE agrega valor a la operación mediante una tasa competitiva, períodos de gracia favorables y plazos acordes a las necesidades del cliente, complementados por procesos ágiles para la aprobación de proyectos y el desembolso de recursos. Estas condiciones facilitan el acceso oportuno al financiamiento y contribuyen a una gestión financiera eficiente para el desarrollo de las inversiones previstas. Asimismo, el BCIE complementa su financiamiento con asistencia técnica especializada, generando valor agregado",https://www.bcie.org/proyectos/500877,https://datosabiertos.bcie.org/dataset/impacto-del-desarrollo/resource/75bed7b6-0842-4f86-9235-6c6fd851b0f9,https://www.bcie.org/contactenos,https://d-portal.iatistandard.org/ctrack.html?tongue=spa#view=act&aid=XM-DAC-46007-500877
61,500993,"LGC - Financiera Consolidada, Sociedad Anónima","Esta línea permitirá que mipymes proveedoras de la CMI accedan a capital de trabajo, realicen el pago de obligaciones contraídas, implementen medidas de bioseguridad y consoliden o readecuen sus deudas; así como el desarrollo de proyectos inmobiliarios que contribuyan a superar la problemática del déficit habitacional del país.",N/A,Línea Global de Crédito,Garantía No Soberana,Ejecución,Guatemala,Guatemala,Guatemala,N/A,"Financiera Consolidada, S.A. (COFINSA)",N/A,N/A,Si,2024-05-17,2024-02-20,2026-09-11,2024-02-20,8000000.0,0.0,N/A,N/A,USD,N/A,Recursos Ordinarios,N/A,N/A,0,B,NO,N/A,N/A,N/A,N/A,N/A,N/A,N/A,N/A,N/A,N/A,N/A,https://www.bcie.org/proyectos/500993,https://datosabiertos.bcie.org/dataset/impacto-del-desarrollo/resource/75bed7b6-0842-4f86-9235-6c6fd851b0f9,https://www.bcie.org/contactenos,N/A
62,500888,LC - Fondo de Conservación Vial (FOVIAL),"Los recursos de la línea de crédito serán utilizados para realizar pagos a proveedores, bioseguridad, suministros, contrapartidas para proyectos de inversión, y mantenimientos periódicos de la infraestructura que contempla 7,032 kilómetros de carreteras, de los cuales 4,135 kilómetros son pavimentados.",N/A,Línea de Crédito,Garantía Soberana,Ejecución,El Salvador,El Salvador,N/A,https://www.fovial.gob.sv/,Fondo de Conservación Vial,Transporte por carretera,Transporte y almacenamiento,N/A,2022-12-09,2022-11-01,2026-09-11,2022-11-01,100000000,100000000,N/A,N/A,USD,N/A,Recursos Ordinarios,N/A,N/A,N/A,C,NO,N/A,N/A,N/A,N/A,N/A,N/A,Acceso a Asistencia Técnica,N/A,"Tasa; Plazo; Monto; Revolvencia; Días para aprobar; Días para Desembolso; Disponibilidad Ante Emergencias; Período de Gracia; otros, Revolvencia","Tasa, monto, tiempos de gestión","Como parte de los elementos que agregan valor de la gestión institucional del BCIE destaca tasa, monto y tiempos de gestión.",https://www.bcie.org/proyectos/500888,https://datosabiertos.bcie.org/dataset/impacto-del-desarrollo/resource/75bed7b6-0842-4f86-9235-6c6fd851b0f9,https://www.bcie.org/contactenos,https://d-portal.iatistandard.org/ctrack.html?tongue=spa#view=act&aid=XM-DAC-46007-500888
63,501079,Programa de Crédito para la Agroindustria y Cajas Rurales,"El Programa de Crédito para la Agroindustria y Cajas Rurales, consiste en el financiamiento a la República de Honduras destinados a financiar el fortalecimiento operativo, administrativo y financiero de cajas rurales , brindando asistencia técnica, capital productivo  y crédito, en apoyo a micro, pequeño y medianos  agricultores organizados (asociaciones, cooperativas, cajas rurales), y no organizados (productores independientes), con la finalidad de incrementar y mejorar la productividad del sector agropecuario y agroindustrial del país, y así contribuir a la seguridad alimentaria de familias pobres con producción de autoconsumo e incremento de los ingresos por medio de comercialización de productos agroalimentarios.",N/A,Proyecto - Fondos Ordinarios,Garantía Soberana,Cierre,Honduras,"En 2,007 aldeas de los 18 departamentos del país.",N/A,https://redsolidaria.gob.hn/quienes-somos/,Programa de la Red Solidaria,Servicios financieros agrícolas,Agricultura,N/A,2024-03-07,2023-11-16,2026-09-11,2023-09-28,25000000,2157700.0,N/A,N/A,USD,N/A,Recursos Ordinarios,N/A,N/A,N/A,C,NO,N/A,N/A,N/A,N/A,N/A,N/A,N/A,N/A,N/A,N/A,N/A,https://www.bcie.org/proyectos/501079,https://datosabiertos.bcie.org/dataset/impacto-del-desarrollo/resource/75bed7b6-0842-4f86-9235-6c6fd851b0f9,https://www.bcie.org/contactenos,https://d-portal.iatistandard.org/ctrack.html?tongue=spa#view=act&aid=XM-DAC-46007-501079
64,501078,Programa de Carreteras Resilientes de Honduras (PCR),"El Programa de Carreteras Resilientes de Honduras, contempla la intervención en la zona oriente, occidente y norte del país con 351.1 km conformados por siete tramos carreteros que forman parte de la red vial primaria y secundaria del país, divididos así: i) la rehabilitación y mejoramiento de 335.1 km y; ii) la construcción de una carretera nueva con longitud de 16.0 km.",N/A,Proyecto - Fondos Ordinarios,Garantía Soberana,Ejecución,Honduras,"Zona oriente y norte del país, especificamente en los departamentos de El Paraíso, Francisco Morazán, Cortés, Yoro y Atlántida.",N/A,https://www.sit.gob.hn/,SIT,Transporte por carretera,Transporte y almacenamiento,N/A,2023-12-14,2023-12-05,2026-09-11,2023-10-09,606988111.14,75917659.21,N/A,N/A,USD,N/A,Recursos Ordinarios,N/A,N/A,N/A,A,NO,N/A,N/A,N/A,N/A,N/A,N/A,N/A,N/A,N/A,N/A,N/A,https://www.bcie.org/proyectos/501078,https://datosabiertos.bcie.org/dataset/impacto-del-desarrollo/resource/75bed7b6-0842-4f86-9235-6c6fd851b0f9,https://www.bcie.org/contactenos,https://d-portal.iatistandard.org/ctrack.html?tongue=spa#view=act&aid=XM-DAC-46007-501078
65,501140,Segundo Circuito del Sistema de Interconexión Eléctrica para los Países de América Central (SIEPAC),"Financiar parcialmente la ejecución del Proyecto Segundo Circuito SIEPAC, esta operación implica el tendido de 178.5 km de línea en 230kV del segundo circuito entre las subestaciones de Agua Caliente (Honduras) y Sandino (Nicaragua) y 123.3 km en 230kV entre las subestaciones de La Virgen (Nicaragua) y Fortuna (Costa Rica) utilizando la infraestructura existente de la línea SIEPAC. Asimismo, se contempla la ampliación de dichas subestaciones.","El objetivo general de la operación es fortalecer la capacidad operativa de transmisión eléctrica de la línea SIEPAC en cumplimiento a los criterios de calidad, seguridad y desempeño del suministro eléctrico en el MER.",Proyecto - Fondos Ordinarios,Garantía No Soberana,Ejecución,Regional,"Países Honduras, Guatemala, El Salvador, Nicaragua, Costa Rica y Panamá.",Regional,https://www.eprsiepac.com/,Empresa Propietaria de la Red,Transmisión y distribución de energía eléctrica (redes centralizadas),Distribución de energía,Si,2026-02-04,2025-04-28,2026-09-11,2025-04-28,37187480,0.0,N/A,N/A,USD,46484349.00,Recursos Ordinarios,N/A,N/A,0,B,NO,N/A,N/A,N/A,N/A,N/A,N/A,Acceso a Asistencia Técnica,N/A,"Tasa, Plazo, Monto, Días para aprobar proyecto, Días para desembolso, Disponibilidad ante emergencias, Período de gracia, Otros.","Tasa, Plazo, Monto, Días para aprobar, días para desembolso","Cinco (5) criterios: Dentro de los criterios en los que el BCIE genera valor agregado, se destacan las condiciones financieras ofrecidas: tasa, plazo, monto de financiamiento, días para aprobar proyecto, días para desembolso.",https://www.bcie.org/proyectos/501140,https://datosabiertos.bcie.org/dataset/impacto-del-desarrollo/resource/75bed7b6-0842-4f86-9235-6c6fd851b0f9,https://www.bcie.org/contactenos,https://d-portal.iatistandard.org/ctrack.html?tongue=spa#view=act&aid=XM-DAC-46007-501140
66,501148,Programa de Apoyo a la Seguridad Alimentaria en Argentina. Fase III,El objetivo general del Programa consiste en apoyar a la ejecución del Plan Nacional Argentina contra el Hambre para contribuir a la seguridad alimentaria de familias en situación de vulnerabilidad social en la Argentina,N/A,Proyecto - Fondos Ordinarios,Garantía Soberana,Cierre,Argentina,en los 2300 gobiernos locales distribuidos a lo largo de las 24 provincias del país.,N/A,https://www.argentina.gob.ar/capital-humano,Ministerio de Capital Humano,Programas de seguridad alimentaria en los hogares,Otros Multisectoriales,N/A,2024-12-16,2024-09-24,2026-09-11,2024-09-24,230000000,230000000,N/A,N/A,USD,N/A,Recursos Ordinarios,N/A,N/A,N/A,C,NO,N/A,N/A,N/A,N/A,N/A,N/A,N/A,N/A,N/A,N/A,N/A,https://www.bcie.org/proyectos/501148,https://datosabiertos.bcie.org/dataset/impacto-del-desarrollo/resource/75bed7b6-0842-4f86-9235-6c6fd851b0f9,https://www.bcie.org/contactenos,https://d-portal.iatistandard.org/ctrack.html?tongue=spa#view=act&aid=XM-DAC-46007-501148
67,501128,Programa de Recuperación Sostenible del Lago de Yojoa,"El programa consiste en la implementación de una serie de acciones dirigidas al rescate sostenible y la recuperación de la Cuenca del Lago de Yojoa, mediante la reducción de las presiones contaminantes, el mejoramiento de la calidad del agua y la promoción de una gestión integral y sostenible de la misma; todas ellas enfocadas en recuperar las condiciones del sitio, en beneficio de las comunidades y ecosistemas.",N/A,Proyecto - Fondos Ordinarios,Garantía Soberana,Ejecución,Honduras,"Municipios de Las Vegas, Gualala y  Concepción del Sur, así como la Aldea El Mochito,  departamento de Santa Bárbara, municipio de Santa Cruz de Yojoa y aldea Los Naranjos, Departamento de Cortés, municipio de San José, departamento de Comayagua.",N/A,https://serna.gob.hn/,Instituto Nacional de Conservación Fre,"Conservación de los recursos hídricos (incluida la recopilación de datos), Abastecimiento de agua y saneamiento: grandes sistemas, Gestión/eliminación de residuos",Abastecimiento de agua y saneamiento,N/A,2025-07-05,2024-07-23,2026-09-11,2024-07-11,80000000,0.0,N/A,N/A,USD,N/A,Recursos Ordinarios,N/A,N/A,N/A,A,NO,N/A,N/A,N/A,N/A,N/A,N/A,N/A,N/A,N/A,N/A,N/A,https://www.bcie.org/proyectos/501128,https://datosabiertos.bcie.org/dataset/impacto-del-desarrollo/resource/75bed7b6-0842-4f86-9235-6c6fd851b0f9,https://www.bcie.org/contactenos,https://d-portal.iatistandard.org/ctrack.html?tongue=spa#view=act&aid=XM-DAC-46007-501128
68,500189,Programa de Inversión y Modernización para el Sector Justicia,"El Programa consiste en el financiamiento de proyectos de infraestructura y equipamiento que mejoren el desempeño del sistema de atención al sector justicia, a través de las principales áreas técnicas responsables de la administración de justicia y la persecución del delito: el Ministerio de Gobernación (Mingob), el Organismo Judicial (OJ), el Instituto de la Defensa Pública Penal (IDPP) y el Instituto Nacional de Ciencias Forenses (Inacif).",N/A,Proyecto - Fondos Ordinarios,Garantía Soberana,Ejecución,Guatemala,Guatemala,N/A,N/A,Organismos del Sector Justicia,Desarrollo jurídico y judicial,Gobierno y Sociedad Civil,N/A,2020-05-20,2016-07-26,2026-09-11,2016-07-26,300000000,77216938.48999001,N/A,N/A,USD,N/A,Recursos Ordinarios,N/A,N/A,N/A,A,NO,N/A,N/A,N/A,N/A,N/A,N/A,N/A,N/A,N/A,N/A,N/A,https://www.bcie.org/proyectos/500189,https://datosabiertos.bcie.org/dataset/impacto-del-desarrollo/resource/75bed7b6-0842-4f86-9235-6c6fd851b0f9,https://www.bcie.org/contactenos,https://d-portal.iatistandard.org/ctrack.html?tongue=spa#view=act&aid=XM-DAC-46007-500189
69,500338,Proyecto de Abastecimiento de Agua para la Cuenca Media del Río Tempisque y Comunidades Costeras PAACUME,"El proyecto PAACUME, es un proyecto de riego para la región norte del país. Esta localizado en la denominada Región Chorotega, provincia de Guanacaste. El área de influencia comprende los cantones de Bagaces, Carrillo, Santa Cruz y Nicoya.",N/A,Proyecto - Fondos Ordinarios,Garantía Soberana,Ejecución,Costa Rica,"Cantones de Bagaces, Carrillo, Santa Cruz, Nicoya, Carrillo de la provincia de Guanacaste",N/A,https://www.senara.or.cr/,SENARA,"Desarrollo de cuencas hidrográficas, Recursos hídricos agrícolas","Abastecimiento de agua y saneamiento, Agricultura",N/A,2022-05-11,2018-07-24,2026-09-11,2018-07-24,425000000,112700714.5,N/A,N/A,USD,N/A,Recursos Ordinarios,N/A,N/A,N/A,N/A,NO,N/A,N/A,N/A,N/A,N/A,N/A,N/A,N/A,N/A,N/A,N/A,https://www.bcie.org/proyectos/500338,https://datosabiertos.bcie.org/dataset/impacto-del-desarrollo/resource/75bed7b6-0842-4f86-9235-6c6fd851b0f9,https://www.bcie.org/contactenos,https://d-portal.iatistandard.org/ctrack.html?tongue=spa#view=act&aid=XM-DAC-46007-500338
70,500276,Proyecto de Saneamiento de Bluefield,"El proyecto consiste en la construcción del sistema de alcantarillado sanitario y planta de tratamiento de la ciudad de Bluefields, que permitirá la recolección, conducción y tratamiento de las aguas residuales generadas en la ciudad y de la bahía de Bluefields; se cumplirá con la normativa nacional en material ambiental y sanitaria; y se mejorará la salud y calidad de vida de la población.",N/A,"Proyecto - Fondos Externos, Proyecto - Fondos Ordinarios",Garantía Soberana,Ejecución,Nicaragua,"Municipio de Bluefields, Region Autonoma Caribe Sur (RACCS)",N/A,https://www.enacal.com.ni/,Empresa Nicaragüense de Acueductos y Alcantarillados Sanitarios (ENACAL),Saneamiento - grandes sistemas,Abastecimiento de agua y saneamiento,N/A,2018-05-29,2017-11-28,2026-09-11,2017-11-28,38804000,16866340.74,N/A,N/A,USD,N/A,Recursos Ordinarios,N/A,N/A,N/A,A,NO,N/A,N/A,N/A,N/A,N/A,N/A,N/A,N/A,N/A,N/A,N/A,https://www.bcie.org/proyectos/500276,https://datosabiertos.bcie.org/dataset/impacto-del-desarrollo/resource/75bed7b6-0842-4f86-9235-6c6fd851b0f9,https://www.bcie.org/contactenos,https://d-portal.iatistandard.org/ctrack.html?tongue=spa#view=act&aid=XM-DAC-46007-500276
71,500686,Línea de crédito para financiar capital de trabajo en consecuencia de los efectos de la Pandemia del COVID19 en COCESNA.,Atender necesidades de capital de trabajo del prestatario.,N/A,Línea de Crédito,Garantía No Soberana,Cierre,Honduras,Honduras,Honduras,https://cocesna.org/,COCESNA,N/A,N/A,Si,2021-05-18,2021-04-27,2026-09-11,2021-04-27,5000000.0,1500000.0,N/A,N/A,USD,N/A,Recursos Ordinarios,N/A,N/A,0,C,NO,N/A,N/A,N/A,N/A,N/A,N/A,N/A,N/A,N/A,N/A,N/A,https://www.bcie.org/proyectos/500686,https://datosabiertos.bcie.org/dataset/impacto-del-desarrollo/resource/75bed7b6-0842-4f86-9235-6c6fd851b0f9,https://www.bcie.org/contactenos,N/A
72,500901,Programa de Emergencia para la Reconstrucción Integral y Resiliente de Infraestructura - PROERI,"El Programa busca apoyar a la República de Costa Rica en la construcción y/o rehabilitación de más de 80 puentes, 150 tramos de carreteras vulnerables, reparación de 40 puentes ferroviarios en el Atlántico y 32 puentes, túneles y tramos ferroviarios en la Gran Área Metropolitana (GAM), construcción o reparación de 36 centros educativos, 1,736 viviendas, así como protección a ríos y quebradas que han sido afectadas por fenómenos meteorológicos recientes o priorizadas para su atención inmediata por las respectivas autoridades del país.",N/A,"Proyecto - Fondos Externos, Proyecto - Fondos Ordinarios, Proyecto - PRPEES",Garantía Soberana,Ejecución,Costa Rica,"Provincia San José: cantones de Pérez Zeledón, Alajuelita, Aserrí, Desamparados, Coronado, Dota y Tarrazú.
Provincia de Alajuela: cantones de San Carlos, Guatuso, Los Chiles y Upala;
Provincia de Cartago: cantón de Turrialba.
Provincia de Heredia: cantón de Sarapiquí y Santo Domingo.
Provincia de Guanacaste: cantones de La Cruz.
Provincia de Puntarenas: cantones de Buenos Aires, Coto Brus, Corredores, Golfito, Osa, Garabito, Parrita y Quepos.
Provincia de Limón: cantón de Pococí.",N/A,https://conavi.go.cr/; https://www.mep.go.cr/; https://www.cne.go.cr/; https://www.mivah.go.cr/; https://www.incofer.go.cr/,Consejo Nacional de Vialidad (CONAVI)/ Ministerio de Educación Pública (MEP)/ Comisión Nacional de Prevención de Riesgos y Atención de Emergencias (CNE)/ Ministerio de Vivienda y Asentamientos Humanos (MIVAH)/ Instituto Costarricense de Ferrocarriles (INCOFER),"Transporte por carretera, Asistencia y servicios de socorro material","Respuesta a emergencias, Transporte y almacenamiento",N/A,2024-02-28,2022-12-14,2026-09-11,2022-12-14,700000000.0000001,277823942.36999,N/A,N/A,USD,N/A,Recursos Ordinarios,N/A,N/A,N/A,A,NO,N/A,N/A,N/A,N/A,N/A,N/A,Acceso a Asistencia Técnica,Acceso a Asistencia Técnica,"Tasa, Plazo, Monto, Días para aprobar proyecto, Días para desembolso, Disponibilidad ante emergencias, Período de gracia, Otros.","Días para Desembolso, Tasa, Período Gracia, Días para aprobar proyecto, Disponibilidad ante emergencias, Plazo, Monto","El BCIE agrega valor a la operación mediante una tasa competitiva, períodos de gracia favorables, plazos y montos acordes a las necesidades del cliente, complementados por procesos ágiles para la aprobación de proyectos y el desembolso de recursos. Asimismo, la disponibilidad de financiamiento ante situaciones de emergencia fortalece la capacidad de respuesta y la flexibilidad financiera de la institución, contribuyendo al cumplimiento oportuno de sus objetivos. Asimismo, el BCIE complementa su financiamiento con asistencia técnica especializada, generando valor agregado",https://www.bcie.org/proyectos/500901,https://datosabiertos.bcie.org/dataset/impacto-del-desarrollo/resource/75bed7b6-0842-4f86-9235-6c6fd851b0f9,https://www.bcie.org/contactenos,https://d-portal.iatistandard.org/ctrack.html?tongue=spa#view=act&aid=XM-DAC-46007-500901
73,500446,Programa de Apoyo a la Educación Media,"El Programa de Apoyo de Educación Media consiste en la mejora de la infraestructura de centros de educación media pública en todo el territorio nacional, con énfasis en las zonas de mayor pobreza urbana y rural y la formación de docentes y estudiantes en metodología de competencias y emprendedurismo.",N/A,"Proyecto - Fondos Ordinarios, Proyecto - PRPEES",Garantía Soberana,Cierre,Honduras,"En aproximadamente 150 municipios, en los 18 departamentos del país.",N/A,https://sedecoas.gob.hn/,SEDECOAS en coordinación con SEDUC y las Municipalidades.,Instalaciones educativas y formación,Educación,N/A,2020-06-29,2019-09-04,2026-09-11,2019-09-04,80000000,30166417.020000003,N/A,N/A,USD,N/A,Recursos Ordinarios,N/A,N/A,N/A,C,NO,N/A,N/A,N/A,N/A,N/A,N/A,N/A,N/A,N/A,N/A,N/A,https://www.bcie.org/proyectos/500446,https://datosabiertos.bcie.org/dataset/impacto-del-desarrollo/resource/75bed7b6-0842-4f86-9235-6c6fd851b0f9,https://www.bcie.org/contactenos,https://d-portal.iatistandard.org/ctrack.html?tongue=spa#view=act&aid=XM-DAC-46007-500446
74,302457,Programa Integral de Seguridad de Belice (Fase I),"El Programa consiste en el desarrollo de acciones encaminadas a la rehabilitación de obras civiles existentes, construcción de nuevas obras y dotación de equipamiento de las instituciones responsables de la seguridad nacional de Belice.",N/A,Proyecto - Fondos Ordinarios,Garantía Soberana,Ejecución,Belice,Distrito de Toledo – Villa San Narciso Distrito Cayo – Ciudad de Santa Elena y Ciudad de Belmopán Distrito de Belice – Ciudad de Belice y Villa Caye Caulker Distrito Orange Walk – Ciudad de Orange Walk Distrito Corozal – Ciudad de Corozal,N/A,https://mof.gov.bz/,"Ministerio de Finanzas, Desarrollo Económico e Inversiones",Desarrollo jurídico y judicial,Gobierno y Sociedad Civil,N/A,2015-08-21,2014-09-30,2026-09-11,2014-09-30,30000000,13474153.75,N/A,N/A,USD,N/A,Recursos Ordinarios,N/A,N/A,N/A,A,NO,N/A,N/A,N/A,N/A,N/A,N/A,N/A,N/A,N/A,N/A,N/A,https://www.bcie.org/proyectos/302457,https://datosabiertos.bcie.org/dataset/impacto-del-desarrollo/resource/75bed7b6-0842-4f86-9235-6c6fd851b0f9,https://www.bcie.org/contactenos,https://d-portal.iatistandard.org/ctrack.html?tongue=spa#view=act&aid=XM-DAC-46007-302457
75,500858,Programa Temporal de Apoyo ante la Crisis de los Combustibles en Nicaragua,Los fondos provenientes del préstamo serán utilizados por el prestatario exclusivamente para financiar la implementación del Programa Temporal de Apoyo ante la Crisis de los Combustibles.,N/A,P. Combustibles - Fondos Ordinarios,Garantía Soberana,Cierre,Nicaragua,Nicaragua,N/A,http://www.hacienda.gob.ni/,Ministerio de Hacienda y Crédito Público,N/A,N/A,N/A,2022-07-14,2022-06-03,2026-09-11,2022-06-03,200000000,85505228.47,N/A,N/A,USD,N/A,Recursos Ordinarios,N/A,N/A,N/A,C,NO,N/A,N/A,N/A,N/A,N/A,N/A,Acceso a Asistencia Técnica,N/A,"Tasa, Plazo, Monto, Días para aprobar proyecto, Días para desembolso, Disponibilidad ante emergencias, Período de gracia, Otros.","Días para Desembolso, Tasa, Período de Gracia, Días Para Aprobar Proyecto, Plazo, Otros, Monto","El BCIE agrega valor a la operación mediante una tasa competitiva, períodos de gracia favorables, plazos y montos ajustados a las necesidades del cliente, así como procesos ágiles para la aprobación de proyectos y el desembolso de recursos. Adicionalmente, otros beneficios asociados a la relación con el Banco contribuyen a fortalecer la flexibilidad financiera y la ejecución oportuna de las iniciativas financiadas.",https://www.bcie.org/proyectos/500858,https://datosabiertos.bcie.org/dataset/impacto-del-desarrollo/resource/75bed7b6-0842-4f86-9235-6c6fd851b0f9,https://www.bcie.org/contactenos,https://d-portal.iatistandard.org/ctrack.html?tongue=spa#view=act&aid=XM-DAC-46007-500858
76,500738,OPD para apoyar acciones de política y resultados - Reactivación Económica - Protección al capital humano durante la crisis del COVID-19 y apoyo a la reactivación económica sostenible e inclusiva,"El objetivo de desarrollo de la OPD es apoyar a la República Dominicana para promover crecimiento económico equilibrado, reducción de la pobreza, desarrollo sostenible y combate al cambio climático, que fortalezcan el mantenimiento de la estabilidad macroeconómica",N/A,"OPD - Fondos Externos, OPD - Fondos Ordinarios, OPD - Programa de Emergencias",Garantía Soberana,Cierre,República Dominicana,República Dominicana,N/A,https://www.hacienda.gob.do/,Ministerio de Hacienda,N/A,N/A,N/A,2022-10-03,2021-07-27,2026-09-11,2021-07-16,350000000,300000000,N/A,N/A,USD,N/A,Recursos Ordinarios,N/A,N/A,N/A,B,NO,N/A,N/A,N/A,N/A,N/A,N/A,N/A,N/A,N/A,N/A,N/A,https://www.bcie.org/proyectos/500738,https://datosabiertos.bcie.org/dataset/impacto-del-desarrollo/resource/75bed7b6-0842-4f86-9235-6c6fd851b0f9,https://www.bcie.org/contactenos,N/A
77,501194,"Línea Global de Crédito - Financiera Consolidada, S. A. (COFINSA)","Con la ampliación de la LGC se espera contribuir al desarrollo a través del Programa de Apoyo a la MIPYME con enfoque de género y del Programa de Apoyo a la PYME, esperando beneficiar a diez MIPYME y doce PYME. Incremento de la LGC No. 2290 a favor de COFINSA por US$15 millones, para llegar a un monto total de US$30 millones.",La operación tiene como objetivo financiar o realizar operaciones que se enmarquen en los programas de intermediación financiera del BCIE para los que el prestatario sea elegible según las estipulaciones contenidas en cada programa.,Línea Global de Crédito,Garantía No Soberana,Ejecución,Guatemala,Guatemala,Guatemala,www.cofinsa.com.gt,"Financiera Consolidada, S.A. (COFINSA)",Intermediarios financieros del sector formal,Servicios Bancarios y Financieros,Si,2025-07-24,2025-04-28,2026-09-11,2025-04-28,15000000,0.0,N/A,N/A,USD,15000000.00,Recursos Ordinarios y Recursos Externos,TaiwanICDF,3000000.00,0,B,NO,N/A,N/A,N/A,N/A,N/A,N/A,Acceso a Asistencia Técnica,Acceso a Asistencia Técnica,"Tasa, Plazo, Monto, Días para aprobar proyecto, Días para desembolso, Disponibilidad ante emergencias, Período de gracia, Otros.",Revolvencia,"El BCIE aporta valor a la operación a través de la revolvencia de los recursos, fortaleciendo la continuidad del financiamiento y la flexibilidad financiera del cliente. Asimismo, el BCIE complementa su financiamiento con asistencia técnica especializada, generando valor agregado",https://www.bcie.org/proyectos/501194,https://datosabiertos.bcie.org/dataset/impacto-del-desarrollo/resource/75bed7b6-0842-4f86-9235-6c6fd851b0f9,https://www.bcie.org/contactenos,https://d-portal.iatistandard.org/ctrack.html?tongue=spa#view=act&aid=XM-DAC-46007-501194
78,500853,Programa Temporal de Apoyo ante la Crisis de los Combustibles en El Salvador,Los fondos provenientes del préstamo serán utilizados por el prestatario exclusivamente para financiar la implementación del Programa Temporal de Apoyo ante la Crisis de los Combustibles.,N/A,"P. Combustibles - Fondos Externos, P. Combustibles - Fondos Ordinarios",Garantía Soberana,Cierre,El Salvador,El Salvador,N/A,https://www.mh.gob.sv/,Ministerio de Hacienda,N/A,N/A,N/A,2022-08-10,2022-06-03,2026-09-11,2022-06-03,220000000,200000000,N/A,N/A,USD,N/A,Recursos Ordinarios,N/A,N/A,N/A,C,NO,N/A,N/A,N/A,N/A,N/A,N/A,Acceso a Asistencia Técnica,N/A,"Tasa, Plazo, Monto, Días para aprobar proyecto, Días para desembolso, Disponibilidad ante emergencias, Período de gracia, Otros.","Días para Desembolso, Tasa, Días Para Aprobar Proyecto, Disponibilidad Ante Emergencias, Otros: fuentes externas, Monto.","El BCIE agrega valor a la operación mediante una tasa competitiva, montos adecuados a las necesidades del cliente y procesos ágiles de aprobación y desembolso, que facilitan el acceso oportuno a los recursos. Adicionalmente, la disponibilidad de financiamiento ante situaciones de emergencia y el acceso a fuentes externas fortalecen la capacidad de respuesta y la flexibilidad financiera de la institución.",https://www.bcie.org/proyectos/500853,https://datosabiertos.bcie.org/dataset/impacto-del-desarrollo/resource/75bed7b6-0842-4f86-9235-6c6fd851b0f9,https://www.bcie.org/contactenos,https://d-portal.iatistandard.org/ctrack.html?tongue=spa#view=act&aid=XM-DAC-46007-500853
79,500720,Programa Bono de Alivio a Familias Vulnerables Afectadas por Fenómenos Naturales Producto del Cambio Climático,"El Programa Bono de Alivio a Familias Vulnerables Afectadas por Fenómenos Naturales Producto del Cambio Climático, consiste en el financiamiento destinado a financiar la recuperación de las necesidades básicas y económicas de familias afectadas por los fenómenos naturales derivados del cambio climático.",N/A,Proyecto - Fondos Ordinarios,Garantía Soberana,Cierre,Honduras,"Departamentos de Atlántida, Colón, Cortés, Gracias a Dios, Santa Bárbara, Yoro, Francisco Morazán y El Paraíso.",N/A,https://sedesol.gob.hn/,SEDIS,N/A,N/A,N/A,2021-10-02,2021-06-29,2026-09-11,2021-06-09,70000000,46365253,N/A,N/A,USD,N/A,Recursos Ordinarios,N/A,N/A,N/A,C,NO,N/A,N/A,N/A,N/A,N/A,N/A,N/A,N/A,N/A,N/A,N/A,https://www.bcie.org/proyectos/500720,https://datosabiertos.bcie.org/dataset/impacto-del-desarrollo/resource/75bed7b6-0842-4f86-9235-6c6fd851b0f9,https://www.bcie.org/contactenos,N/A
80,500744,OPD para apoyar acciones de política y resultados de desarrollo,"El objetivo de desarrollo de la OPD es apoyar a la República de Costa Rica para promover crecimiento económico equilibrado, reducción de la pobreza, desarrollo sostenible y combate al cambio climático, que fortalezcan el mantenimiento de la estabilidad macroeconómica.",N/A,"OPD - Fondos Externos, OPD - Fondos Ordinarios",Garantía Soberana,Cierre,Costa Rica,Esta operación comprende el financiamiento de una iniciativa de gobierno a nivel país.,N/A,https://www.hacienda.go.cr/,Ministerio de Hacienda,"Protección social, Gestión de las finanzas públicas (GFP), Creación de empleo, Política energética y gestión administrativa, Investigación ambiental","Energía, Gobierno y Sociedad Civil, Otras Infraestructuras y Servicios Sociales, Protección General del Medio Ambiente",N/A,2026-04-28,2022-08-16,2026-09-11,2021-08-04,290000000,290000000,N/A,N/A,USD,N/A,Recursos Ordinarios,N/A,N/A,N/A,C,NO,N/A,N/A,N/A,N/A,N/A,N/A,Acceso a Asistencia Técnica,N/A,"Tasa, Plazo, Monto, Días para aprobar proyecto, Días para desembolso, Disponibilidad ante emergencias, Período de gracia, Otros.","Días para Desembolso, Tasa, Período Gracia, Días para aprobar proyecto, Plazo, Monto","El BCIE agrega valor a la operación mediante una tasa competitiva, períodos de gracia favorables, plazos y montos acordes a las necesidades del cliente, complementados por procesos ágiles para la aprobación de proyectos y el desembolso de recursos. Estas condiciones facilitan el acceso oportuno al financiamiento y contribuyen a una gestión financiera más eficiente para el logro de los objetivos de la institución.",https://www.bcie.org/proyectos/500744,https://datosabiertos.bcie.org/dataset/impacto-del-desarrollo/resource/75bed7b6-0842-4f86-9235-6c6fd851b0f9,https://www.bcie.org/contactenos,https://d-portal.iatistandard.org/ctrack.html?tongue=spa#view=act&aid=XM-DAC-46007-500744
81,500674,Proyecto Fortalecimiento de la Capacidad de Atención en la Red de Servicio Hospitalaria en Unidades de Salud Priorizadas,"El Proyecto ""Fortalecimiento de la Capacidad de Atención en la Red de Servicio Hospitalaria en Unidades de Salud Priorizadas"" tiene la finalidad de modernizar, actualizar y ampliar la infraestructura de salud pública en Nicaragua para atender inicialmente a pacientes de COVID-19 y, posteriormente, para brindar servicios especializados en enfermedades respiratorias y otras, así como para brindar consultas externas de oncología.",N/A,Proyecto - Fondos Ordinarios,Garantía Soberana,Cancelada,Nicaragua,Nicaragua,N/A,https://www.minsa.gob.ni/,MINSA,N/A,N/A,N/A,2021-10-15,2021-03-23,2026-09-11,2021-03-23,18475261.66,0.0,N/A,N/A,USD,N/A,Recursos Ordinarios,N/A,N/A,N/A,C,NO,N/A,N/A,N/A,N/A,N/A,N/A,N/A,N/A,N/A,N/A,N/A,https://www.bcie.org/proyectos/500674,https://datosabiertos.bcie.org/dataset/impacto-del-desarrollo/resource/75bed7b6-0842-4f86-9235-6c6fd851b0f9,https://www.bcie.org/contactenos,N/A
82,500860,Proyecto Construcción de Viaducto y Ampliación de Carretera CA01W (Tramo Los Chorros),"El proyecto consiste en el mejoramiento y ampliación de un tramo de la carretera CA01W entre Autopista Monseñor Romero y CA01W; municipios de Santa Tecla, Colón y San Juan Opico, departamento de La Libertad; de los cuales 8.48 km se ampliarían a ocho carriles - segmento que incluye la construcción de un viaducto de dichos carriles con una longitud de 0.90 kilómetros - más la ampliación a seis carriles de 6.16 km para un total de 14.64 km.  Asimismo, el proyecto propiciará la reducción del costo de operación de los vehículos que utilizan la vía, los tiempos de viaje y la movilidad de los bienes transables. Además, de contribuir al desarrollo de la población de la región a través de la implementación de un proyecto inclusivo que cuente con los componentes de accesibilidad universal, movilidad no motorizada y espacio público.",N/A,"Proyecto - Fondos Externos, Proyecto - Fondos Ordinarios",Garantía Soberana,Cierre,El Salvador,"Carretera Panamericana entre kilómetro 13.56 y kilómetro 28.205 (Coordenadas de inicio: 13°40'33.112""""N, 89°18'15.052""""O Coordenadas de fin: 13°46'29.209""""N, 89°22'20.510""""O)",N/A,https://www.mop.gob.sv/,Ministerio de Obras Públicas y de Transporte (MOPT),Transporte por carretera,Transporte y almacenamiento,N/A,2022-12-15,2022-09-12,2026-09-11,2022-09-12,166000000,39304000,N/A,N/A,USD,N/A,Recursos Ordinarios,N/A,N/A,N/A,A,NO,N/A,N/A,N/A,N/A,N/A,N/A,Acceso a Asistencia Técnica,N/A,"Tasa, Plazo, Monto, Días para aprobar proyecto, Días para desembolso, Disponibilidad ante emergencias, Período de gracia, Otros.","Días para Desembolso, Tasa, Período Gracia, Días para aprobar proyecto, Prestigio del BCIE (Apertura para nuevas fuentes), Plazo, Monto, otros: fuentes externas","El BCIE agrega valor a la operación mediante una tasa competitiva, períodos de gracia favorables, plazos y montos acordes a las necesidades del cliente, así como procesos ágiles para la aprobación de proyectos y el desembolso de recursos. Adicionalmente, el prestigio y respaldo institucional del BCIE facilitan la apertura y diversificación de nuevas fuentes de financiamiento, incluyendo fuentes externas, fortaleciendo la capacidad financiera de la institución y contribuyendo al cumplimiento oportuno de sus objetivos de inversión y desarrollo.",https://www.bcie.org/proyectos/500860,https://datosabiertos.bcie.org/dataset/impacto-del-desarrollo/resource/75bed7b6-0842-4f86-9235-6c6fd851b0f9,https://www.bcie.org/contactenos,https://d-portal.iatistandard.org/ctrack.html?tongue=spa#view=act&aid=XM-DAC-46007-500860
83,500763,"LGC - Banco Cuscatlán de El Salvador, Sociedad Anónima","Los recursos permitirán financiar actividades relacionadas al comercio exterior, mipymes afectadas por COVID-19, así como las lideradas por mujeres, y también impulsar inversiones de eficiencia energética, entre otras actividades.",N/A,Línea Global de Crédito,Garantía No Soberana,Cierre,El Salvador,El Salvador,El Salvador,N/A,"Banco Cuscatlán de El Salvador, S.A.",Intermediarios financieros del sector formal,Servicios Bancarios y Financieros,Si,2022-03-16,2022-01-24,2026-09-11,2022-01-24,60000000,64500000,N/A,N/A,USD,N/A,Recursos Ordinarios,N/A,N/A,0,B,NO,N/A,N/A,N/A,N/A,N/A,N/A,Acceso a Asistencia Técnica,Acceso a Asistencia Técnica,"Tasa; Plazo; Monto; Revolvencia; Días para aprobar; Días para Desembolso; Disponibilidad Ante Emergencias; Período de Gracia; otros, Revolvencia","Tasa, Período Gracia, Disponibilidad ante emergencias, Plazo, Monto, Revolvencia de la LGC, otros: fuentes externas","El BCIE agrega valor a la operación mediante una tasa competitiva, períodos de gracia adecuados, plazos y montos acordes a las necesidades del cliente, complementados por la revolvencia de la Línea Global de Crédito (LGC). Asimismo, la disponibilidad de recursos ante situaciones de emergencia y crisis, junto con el acceso a fuentes externas de financiamiento, fortalecen la flexibilidad financiera y la capacidad de respuesta de la institución. Asimismo, el BCIE complementa su financiamiento con asistencia técnica especializada, generando valor agregado",https://www.bcie.org/proyectos/500763,https://datosabiertos.bcie.org/dataset/impacto-del-desarrollo/resource/75bed7b6-0842-4f86-9235-6c6fd851b0f9,https://www.bcie.org/contactenos,https://d-portal.iatistandard.org/ctrack.html?tongue=spa#view=act&aid=XM-DAC-46007-500763
84,501151,"Proyecto de Construcción de la Presa Multipropósito El Tablón, Etapa I","Consiste en el desarrollo del diseño final y construcción de una presa de usos múltiples con un volumen estimado de 255 millones de metros cúbicos de agua. El propósito y objetivo principal del Proyecto es la mitigación de inundaciones ocasionadas periódicamente por la cuenca del Río Chamelecón, específicamente sobre el Valle de Sula; ocasionando daños en infraestructura, producción agrícola, centros poblados, seguridad alimentaria y por ende afectando el desarrollo del país.",N/A,Proyecto - Fondos Ordinarios,Garantía Soberana,Ejecución,Honduras,"Municipio de Quimistán, departamento de Santa Bárbara.",N/A,https://www.enee.hn/,SIT,"Centrales hidroeléctricas, Reducción del Riesgo de Desastres","Energía, Otros Multisectoriales",N/A,2025-02-18,2024-11-13,2026-09-11,2024-11-13,300000000,0.0,N/A,N/A,USD,N/A,Recursos Ordinarios,N/A,N/A,N/A,A,NO,N/A,N/A,N/A,N/A,N/A,N/A,N/A,N/A,N/A,N/A,N/A,https://www.bcie.org/proyectos/501151,https://datosabiertos.bcie.org/dataset/impacto-del-desarrollo/resource/75bed7b6-0842-4f86-9235-6c6fd851b0f9,https://www.bcie.org/contactenos,https://d-portal.iatistandard.org/ctrack.html?tongue=spa#view=act&aid=XM-DAC-46007-501151
85,501276,Programa de Seguridad Energética con Sostenibilidad (SENSOS),"El Programa Seguridad Energética con Sostenibilidad (SENSOS) consiste en un financiamiento, orientado a contribuir al aseguramiento de un suministro eléctrico resiliente y compatible con la expansión de la generación renovable del país, reforzando la estabilidad del sistema eléctrico nacional y apoyando la transición hacia una matriz energética más limpia.",N/A,Proyecto - Fondos Ordinarios,Garantía No Soberana,Aprobación,Costa Rica,Costa Rica,Costa Rica,N/A,ICE,"Generación de energía, fuentes renovables: múltiples tecnologías",Energía,Si,2026-08-31,2026-05-18,2026-09-11,2026-05-18,485000000,0.0,N/A,N/A,USD,N/A,Recursos Ordinarios,N/A,N/A,0,A,NO,N/A,N/A,N/A,N/A,N/A,N/A,N/A,N/A,N/A,N/A,N/A,https://www.bcie.org/proyectos/501276,https://datosabiertos.bcie.org/dataset/impacto-del-desarrollo/resource/75bed7b6-0842-4f86-9235-6c6fd851b0f9,https://www.bcie.org/contactenos,N/A
86,500681,Programa de Recuperación y Desarrollo Rural Post-Emergencia,"El Programa de Recuperación y Desarrollo Rural Post-Emergencia, es una iniciativa que busca contribuir a sostener y consolidar actividades agro-productivas, agroindustriales y de servicios que generen ingreso y empleo para la población rural y semi rural  en el contexto post emergencia sanitaria derivado de la pandemia COVID-19.",N/A,Proyecto - Fondos Ordinarios,Garantía Soberana,Cierre,Argentina,Sin proyectos efectivos reportados.,N/A,https://www.argentina.gob.ar/economia/agricultura,"Ministerio de Agricultura, Ganadería y Pesca",Desarrollo agropecuario,Agricultura,N/A,2021-11-03,2021-04-27,2026-09-11,2021-04-27,50000000,8853506.0,N/A,N/A,USD,N/A,Recursos Ordinarios,N/A,N/A,N/A,C,NO,N/A,N/A,N/A,N/A,N/A,N/A,N/A,N/A,N/A,N/A,N/A,https://www.bcie.org/proyectos/500681,https://datosabiertos.bcie.org/dataset/impacto-del-desarrollo/resource/75bed7b6-0842-4f86-9235-6c6fd851b0f9,https://www.bcie.org/contactenos,https://d-portal.iatistandard.org/ctrack.html?tongue=spa#view=act&aid=XM-DAC-46007-500681
87,501159,Proyecto de Desarrollo Integral del Puerto de Haina,"El ""Proyecto de Desarrollo Integral del Puerto de Haina"", consiste en la ejecución de obras para evitar las inundaciones en muelle occidental granelero del Puerto de Haina y mejoras en el nivel de servicio de la conexión logística del puerto con la Carretera Sánchez, la Avenida Refinería y la circulación en general de sus áreas adyacentes.",N/A,Proyecto - Fondos Ordinarios,Garantía Soberana,Aprobación,República Dominicana,"El Proyecto está localizado en el municipio de Bajos de Haina, provincia de San Cristóbal.",N/A,https://portuaria.gob.do/,Autoridad Portuaria Dominicana (APORDOM),"Reducción del Riesgo de Desastres, Transporte acuático","Otros Multisectoriales, Transporte y almacenamiento",N/A,N/A,2024-11-13,2026-09-11,2024-11-13,100000000,0.0,N/A,N/A,USD,N/A,Recursos Ordinarios,N/A,N/A,N/A,A,NO,N/A,N/A,N/A,N/A,N/A,N/A,N/A,N/A,N/A,N/A,N/A,https://www.bcie.org/proyectos/501159,https://datosabiertos.bcie.org/dataset/impacto-del-desarrollo/resource/75bed7b6-0842-4f86-9235-6c6fd851b0f9,https://www.bcie.org/contactenos,https://d-portal.iatistandard.org/ctrack.html?tongue=spa#view=act&aid=XM-DAC-46007-501159
88,500640,"Proyecto de Ampliación del Sistema de Abastecimiento de Agua Potable en la Ciudad de Gracias, Departamento de Lempira","El proyecto prevé dotar de cobertura continua del servicio de agua potable a los habitantes de Gracias, Lempira con una visión de servicio de 40 años, construir un sistema compuesto de dos zonas productoras de agua con subsistemas de conducción por gravedad y bombeo hasta un reservorio de donde se conduciría el agua a la planta de tratamiento existente.",N/A,"Proyecto - Fondos Externos, Proyecto - Fondos Ordinarios",Garantía Soberana,Cierre,Honduras,"Ciudad de Gracias, Departamento de Lempira",N/A,https://sedecoas.gob.hn/,SEDECOAS,Suministro de agua: grandes sistemas,Abastecimiento de agua y saneamiento,N/A,2021-08-18,2020-11-24,2026-09-11,2020-11-24,36000000,1937882.76999,N/A,N/A,USD,N/A,Recursos Ordinarios,N/A,N/A,N/A,A,NO,N/A,N/A,N/A,N/A,N/A,N/A,N/A,N/A,N/A,N/A,N/A,https://www.bcie.org/proyectos/500640,https://datosabiertos.bcie.org/dataset/impacto-del-desarrollo/resource/75bed7b6-0842-4f86-9235-6c6fd851b0f9,https://www.bcie.org/contactenos,https://d-portal.iatistandard.org/ctrack.html?tongue=spa#view=act&aid=XM-DAC-46007-500640
89,500397,VIII Programa de Mejoramiento y Ampliación de Carreteras,"El programa contempla la pavimentación de 106.99 kilómetros, divididos en tres tramos carreteros, con estructura de rodamiento de concreto hidráulico del tipo de losas cortas para los dos primeros tramos; y de pavimento de asfalto para el tercer tramo. Todos los tramos cuentan con estudios y diseños finales para una vida útil de 20 años.",N/A,Proyecto - Fondos Ordinarios,Garantía Soberana,Cierre,Nicaragua,El ámbito de referencia incluye los municipios de Sapoa y Peñas Blancas en el departamento de Rivas; los municipios de Cosigüina y Potosí en el departamento de Chinandega; y el municipio de Bilwi (Puerto Cabezas) en la Región Autónoma de la Costa Caribe Norte (RACCN).,N/A,N/A,MTI,Transporte por carretera,Transporte y almacenamiento,N/A,2019-05-22,2018-11-27,2026-09-11,2018-11-27,176654696,175669624.73999998,N/A,N/A,USD,N/A,Recursos Ordinarios,N/A,N/A,N/A,A,NO,N/A,N/A,N/A,N/A,N/A,N/A,N/A,N/A,N/A,N/A,N/A,https://www.bcie.org/proyectos/500397,https://datosabiertos.bcie.org/dataset/impacto-del-desarrollo/resource/75bed7b6-0842-4f86-9235-6c6fd851b0f9,https://www.bcie.org/contactenos,https://d-portal.iatistandard.org/ctrack.html?tongue=spa#view=act&aid=XM-DAC-46007-500397
90,500537,Programa para la Reactivación Económica a través de la MIPYME en la Crisis y Post Crisis COVID-19 en Honduras,"El programa consiste en la colocación de recursos de crédito a la MIPYME para sostenimiento de empleos y reactivación económica, así como la creación de un fondo de garantía para complementar dichos créditos.",N/A,"Proyecto - Fondos Ordinarios, Proyecto - PRPEES",Garantía Soberana,Cierre,Honduras,El programa consiste en la aprobación de créditos. Tiene cobertura nacional,N/A,https://web.banhprovi.gob.hn/,BANHPROVI,Intermediarios financieros del sector formal,Servicios Bancarios y Financieros,N/A,2021-09-25,2020-05-07,2026-09-11,2020-05-07,300000000,77648350,N/A,N/A,USD,N/A,Recursos Ordinarios,N/A,N/A,N/A,B,NO,N/A,N/A,N/A,N/A,N/A,N/A,N/A,N/A,N/A,N/A,N/A,https://www.bcie.org/proyectos/500537,https://datosabiertos.bcie.org/dataset/impacto-del-desarrollo/resource/75bed7b6-0842-4f86-9235-6c6fd851b0f9,https://www.bcie.org/contactenos,https://d-portal.iatistandard.org/ctrack.html?tongue=spa#view=act&aid=XM-DAC-46007-500537
91,500855,Incremento LGC- Global Bank Corporation,"Se orienta a canalizar un mayor volumen de recursos en apoyo al fomento de sectores productivos, a la recuperación económica de MIPYMES afectadas por la COVID-19 y al otorgamiento de nuevas soluciones de vivienda media, a través de los programas de intermediación financiera que el BCIE tiene a disposición para beneficiar estos segmentos.",N/A,Línea Global de Crédito,Garantía No Soberana,Ejecución,Panamá,Panamá,Panamá,N/A,Global Bank Corporation,Intermediarios financieros del sector formal,Servicios Bancarios y Financieros,Si,2022-12-05,2022-09-20,2026-09-11,2022-09-20,75000000,0.0,N/A,N/A,USD,N/A,Recursos Ordinarios,N/A,N/A,0,C,NO,N/A,N/A,N/A,N/A,N/A,N/A,Acceso a Asistencia Técnica,N/A,"Tasa; Plazo; Monto; Revolvencia; Días para aprobar; Días para Desembolso; Disponibilidad Ante Emergencias; Período de Gracia; otros, Revolvencia","Tasa, Prestigio del BCIE (Apertura para nuevas fuentes), Plazo, Monto, Revolvencia de la LGC","El BCIE aporta valor a la operación a través de Tasa, Prestigio del BCIE (Apertura para nuevas fuentes), Plazo, Monto, Revolvencia de la LGC",https://www.bcie.org/proyectos/500855,https://datosabiertos.bcie.org/dataset/impacto-del-desarrollo/resource/75bed7b6-0842-4f86-9235-6c6fd851b0f9,https://www.bcie.org/contactenos,https://d-portal.iatistandard.org/ctrack.html?tongue=spa#view=act&aid=XM-DAC-46007-500855
92,500626,Programa Nacional de Electrificación Sostenible y Energía Renovable para Nicaragua (PNESER) - Componente C,"Los fondos provenientes del incremento del préstamo serán utilizados por el prestatario para financiar el Programa Nacional de Electrificación Sostenible y Energía Renovable (PNESER). El PNESER fue diseñado como un programa integral de largo plazo a ser implementado en todo el país, teniendo como fin general promover el acceso de una porción importante de la población a un servicio de electricidad eficiente y sostenible.",N/A,Proyecto - Fondos Ordinarios,Garantía Soberana,Ejecución,Nicaragua,"Boaco, Carazo, Chinandega, Chontales, Estelí, Granada, Jinotega, León, Managua, Madriz, Masaya, Matagalpa, Nueva Segovia, Río San Juan, Rivas, la Región Autónoma de la Costa Caribe Norte (RACCN) y la Región Autónoma de la Costa Caribe Sur (RACCS).",N/A,https://www.enatrel.gob.ni/,ENATREL,Transmisión y distribución de energía eléctrica (redes centralizadas),Distribución de energía,N/A,2021-03-10,2020-11-24,2026-09-11,2020-11-24,143000000,22032234.929989997,N/A,N/A,USD,N/A,Recursos Ordinarios,N/A,N/A,N/A,B,NO,N/A,N/A,N/A,N/A,N/A,N/A,N/A,N/A,N/A,N/A,N/A,https://www.bcie.org/proyectos/500626,https://datosabiertos.bcie.org/dataset/impacto-del-desarrollo/resource/75bed7b6-0842-4f86-9235-6c6fd851b0f9,https://www.bcie.org/contactenos,https://d-portal.iatistandard.org/ctrack.html?tongue=spa#view=act&aid=XM-DAC-46007-500626
93,500357,Libramiento Anillo Periférico-Carretera CA-5 Sur,"El proyecto consiste en la construcción de un libramiento de 5.38 km desde Tegucigalpa hasta la Carretera CA-5 Sur, específicamente desde la Colonia La Cañada (sector del Anillo Periférico) hasta la Colonia Santa Rosa en el sector de la Aldea El Tizatillo (conectando con la carretera CA-5 Sur, mediante una carretera de cuatro carriles (dos por lado) pavimentados con concreto hidráulico, dejando el espacio y alineamiento de seis carriles.",N/A,Proyecto - Fondos Ordinarios,Garantía Soberana,Ejecución,Honduras,"Municipio del Distrito Central, específicamente desde la Colonia La Cañada (sector del Anillo Periférico) hasta el sector de El Tizatillo (conectando con la carretera CA-5 Sur.",N/A,https://www.sit.gob.hn/,SIT,Transporte por carretera,Transporte y almacenamiento,N/A,2019-06-19,2018-07-24,2026-09-11,2018-07-24,44262590.7,21121736.26998,N/A,N/A,USD,N/A,Recursos Ordinarios,N/A,N/A,N/A,A,NO,N/A,N/A,N/A,N/A,N/A,N/A,N/A,N/A,N/A,N/A,N/A,https://www.bcie.org/proyectos/500357,https://datosabiertos.bcie.org/dataset/impacto-del-desarrollo/resource/75bed7b6-0842-4f86-9235-6c6fd851b0f9,https://www.bcie.org/contactenos,https://d-portal.iatistandard.org/ctrack.html?tongue=spa#view=act&aid=XM-DAC-46007-500357
94,501247,"Línea de Crédito - Corporación Interamericana para el Financiamiento de Infraestructura, S.A. (CIFI)","La operación propuesta consiste en un préstamo directo a Corporación Interamericana para el Financiamiento de Infraestructura, S.A. (CIFI) por un monto de hasta USD13,200.0 miles, mediante el cual el BCIE canalizaría recursos a proyectos de infraestructura en países miembros del BCIE.","La operación tiene como objetivo financiar, a través de la CIFI, proyectos de infraestructura en los países miembros del BCIE, así como en sectores y actividades que se enmarquen en la estrategia del Banco, sin encontrarse dentro del listado de exclusiones del BCIE y del prestatario.",Línea de Crédito,Garantía No Soberana,Aprobación,Panamá,"CIFI establecida en Panamá; proyectos podrían ubicarse en cualquier país miembro, tentativamente República Dominicana.",Panamá,www.cifi.com,"Corporación Interamericana para el Financiamiento de Infraestructura, S.A. (CIFI)",Intermediarios financieros del sector formal,Servicios Bancarios y Financieros,Si,N/A,2025-09-23,2026-09-11,2025-09-23,13200000,0.0,N/A,N/A,USD,13200000.00,Recursos Ordinarios,N/A,N/A,0,C,SI,Mitigación,6600000.00,6600000.00,0.00,"Esta operación contribuye de manera significativa a la mitigación del cambio climático, ya que una parte sustancial del financiamiento está orientada a proyectos de eficiencia energética y reducción de emisiones de gases de efecto invernadero (GEI) en edificios e infraestructura.",0.00,Acceso a Asistencia Técnica,N/A,"Tasa, Plazo, Monto, Días para aprobar proyecto, Días para desembolso, Disponibilidad ante emergencias, Período de gracia, Otros, Revolvencia","Tasa, plazo, monto, días para aprobar proyecto, días para desembolso, período de gracia","El BCIE agrega valor a la operación mediante una tasa competitiva, plazos y montos acordes a las necesidades del cliente, períodos de gracia favorables y procesos ágiles para la aprobación de proyectos y el desembolso de recursos. Estas condiciones facilitan el acceso oportuno al financiamiento, fortalecen la flexibilidad financiera y contribuyen al cumplimiento eficiente de los objetivos de inversión y desarrollo de la institución.",https://www.bcie.org/proyectos/501247,https://datosabiertos.bcie.org/dataset/impacto-del-desarrollo/resource/75bed7b6-0842-4f86-9235-6c6fd851b0f9,https://www.bcie.org/contactenos,https://d-portal.iatistandard.org/ctrack.html?tongue=spa#view=act&aid=XM-DAC-46007-501247
95,501301,"Línea Global de Crédito - Banco Internacional de Costa Rica, S.A. (BICSA)","El objetivo de la operación es fomentar el crecimiento y la competitividad de la MIPYME y del sector productivo, principales fuentes de empleo en la región centroamericana, integrando también a las MIPYME verdes y a las mujeres empresarias. De igual forma, se contribuirá al financiamiento del comercio exterior",N/A,Línea Global de Crédito,Garantía No Soberana,Ejecución,Panamá,Panamá,Panamá,N/A,BICSA,Intermediarios financieros del sector formal,Servicios Bancarios y Financieros,Si,2026-06-24,2026-06-22,2026-09-11,2026-06-22,58000000,0.0,N/A,N/A,USD,N/A,Recursos Ordinarios,N/A,N/A,0,A,NO,N/A,N/A,N/A,N/A,N/A,N/A,N/A,N/A,N/A,N/A,N/A,https://www.bcie.org/proyectos/501301,https://datosabiertos.bcie.org/dataset/impacto-del-desarrollo/resource/75bed7b6-0842-4f86-9235-6c6fd851b0f9,https://www.bcie.org/contactenos,N/A
96,500179,"Proyecto Construcción del Corredor Logístico Villa de San Antonio-Goascorán, Sección I, Subsección IB, Lamaní-El Quebrachal","Financiamiento para la construcción de las obras pendientes del Proyecto ""Construcción del Corredor Logístico Villa de San Antonio - Goascorán, Sección I, Sub Sección IB, Villa de Lamaní - El Quebrachal"", con una extensión de 29.96 Km.",N/A,Proyecto - Fondos Ordinarios,Garantía Soberana,Ejecución,Honduras,"Redes viales secundarias y terciarias a lo largo de toda la república de Honduras, focalizado en 42 Municipios con Clasificación “D”, mayormente en el corredor seco.",N/A,https://www.sit.gob.hn/,SIT,Transporte por carretera,Transporte y almacenamiento,N/A,2017-02-25,2016-05-24,2026-09-11,2016-05-24,37182437.78,35661641.29,N/A,N/A,USD,N/A,Recursos Ordinarios,N/A,N/A,N/A,C,NO,N/A,N/A,N/A,N/A,N/A,N/A,N/A,N/A,N/A,N/A,N/A,https://www.bcie.org/proyectos/500179,https://datosabiertos.bcie.org/dataset/impacto-del-desarrollo/resource/75bed7b6-0842-4f86-9235-6c6fd851b0f9,https://www.bcie.org/contactenos,https://d-portal.iatistandard.org/ctrack.html?tongue=spa#view=act&aid=XM-DAC-46007-500179
97,501243,XI Programa de Ampliación y Mejoramiento de Carreteras,"El XI Programa de Ampliación y Mejoramiento de Carreteras contempla la ejecución de obras de infraestructura vial en corredores estratégicos del país. La operación tiene una importancia estratégica al contribuir a mejorar la conectividad y la movilidad de personas y mercancías, fortaleciendo además la integración y el intercambio comercial a nivel nacional y regional.","El objetivo del programa es contribuir al desarrollo socioeconómico del país y de sus zonas de influencia, mejorar la accesibilidad del transporte comercial y de personas dentro del país, así como fortalecer la integración y el intercambio comercial centroamericano.",Proyecto - Fondos Ordinarios,Garantía Soberana,Ejecución,Nicaragua,Esteli - Managua - Diriamba - Jinotepe - Frontera Las Manos (municipio Ocotal) - Frontera El Guasaule ( municipio de Chinandega).,N/A,www.mti.gob.ni,Ministerio de Transporte e Infraestructura (MTI),Educación y formación en transporte y almacenamiento; Reducción del Riesgo de Desastres; Transporte por carretera,Otros Multisectoriales; Transporte y almacenamiento,N/A,2026-02-25,2025-08-12,2026-09-11,2025-06-24,235000000,641500.0,N/A,N/A,USD,256692400.00,Recursos Ordinarios,N/A,N/A,N/A,A,SI,Adaptación,978690.00,0.00,978690.00,"Esta operación contribuye de manera limitada a la adaptación al cambio climático, dado que el financiamiento climático representa una fracción pequeña del monto total y está asociado a inversiones puntuales para evaluar el diseño y potencial implementación de medidas de adaptación en infraestructura vial  para la resiliencia frente a eventos extremos.",0.00,Acceso a Asistencia Técnica,N/A,"Tasa, Plazo, Monto, Días para aprobar proyecto, Días para desembolso, Disponibilidad ante emergencias, Período de gracia, Otros.","Días para aprobar proyecto, Días para desembolso, Otros, Prestigio del BCIE (apertura para nuevas fuentes)","El BCIE agrega valor a la operación mediante procesos ágiles para la aprobación de proyectos y el desembolso de recursos, facilitando el acceso oportuno al financiamiento. Asimismo, su prestigio y sólido respaldo institucional favorecen la apertura y diversificación de nuevas fuentes de financiamiento, mientras que otros beneficios asociados a la relación con el Banco fortalecen la capacidad financiera y las oportunidades de desarrollo de la institución.",https://www.bcie.org/proyectos/501243,https://datosabiertos.bcie.org/dataset/impacto-del-desarrollo/resource/75bed7b6-0842-4f86-9235-6c6fd851b0f9,https://www.bcie.org/contactenos,https://d-portal.iatistandard.org/ctrack.html?tongue=spa#view=act&aid=XM-DAC-46007-501243
98,501300,Operación de Política de Desarrollo (OPD) en Apoyo a la Acción Climática y Transición Energética Justa de la República de Colombia,La presente OPD para el apoyo a la acción climática y la transición energética de la República de Colombia para 2026 se desarrolla en el contexto del fortalecimiento de la agenda de una generación de energía más sostenible en Colombia.,N/A,OPD - Fondos Ordinarios,Garantía Soberana,Aprobación,Colombia,Colombia,N/A,N/A,Ministerio de Hacienda y Crédito Público,Política ambiental y gestión administrativa; Política energética y gestión administrativa,Energía; Protección General del Medio Ambiente,N/A,N/A,2026-07-28,2026-09-11,2026-06-24,100000000,0.0,N/A,N/A,USD,N/A,Recursos Ordinarios,N/A,N/A,N/A,C,NO,N/A,N/A,N/A,N/A,N/A,N/A,N/A,N/A,N/A,N/A,N/A,https://www.bcie.org/proyectos/501300,https://datosabiertos.bcie.org/dataset/impacto-del-desarrollo/resource/75bed7b6-0842-4f86-9235-6c6fd851b0f9,https://www.bcie.org/contactenos,N/A
99,501284,Proyecto para el Mejoramiento del Sistema de Agua potable Guluchapa en el área Metropolitana de San Salvador,"El proyecto consiste en mejorar integralmente el sistema de agua potable Guluchapa - Joya Grande que abastece siete distritos del Área Metropolitana de San Salvador (AMSS), mejorando las mediciones de volúmenes de producción de agua, la capacidad instalada, la eficiencia operativa y garantizando la sostenibilidad del servicio a largo plazo.",N/A,Proyecto - Fondos Ordinarios,Garantía Soberana,Ejecución,El Salvador,El Salvador,N/A,N/A,ANDA,Abastecimiento de agua y saneamiento: grandes sistemas; Conservación de los recursos hídricos (incluida la recopilación de datos),Abastecimiento de agua y saneamiento,N/A,2026-07-31,2026-02-25,2026-09-11,2026-02-17,185000000,0.0,N/A,N/A,USD,N/A,Recursos Ordinarios,N/A,N/A,N/A,A,NO,N/A,N/A,N/A,N/A,N/A,N/A,N/A,N/A,N/A,N/A,N/A,https://www.bcie.org/proyectos/501284,https://datosabiertos.bcie.org/dataset/impacto-del-desarrollo/resource/75bed7b6-0842-4f86-9235-6c6fd851b0f9,https://www.bcie.org/contactenos,N/A
100,501108,Ampliación y Mejoramiento del Corredor Vial San José-San Ramón,"El objetivo general es promover a través de la ampliación y mejora del corredor vial San José-San Ramón el crecimiento económico y social tanto en el área de influencia del Proyecto como a nivel nacional, fortaleciendo la capacidad productiva y la fluidez del transporte en la carretera interamericana; facilitando por ende el acceso a los mercados y fomentando un comercio equilibrado de exportaciones e importaciones de bienes, servicios y productos.",N/A,Proyecto - Fondos Ordinarios,Garantía Soberana,Ejecución,Costa Rica,"Cantones San José: San José-Central Heredia: Heredia, Belén, Flores Alajuela: Alajuela-Central, Grecia, Valverde Vega, Naranjo, Palmares, San Ramón  Distritos San José: Merced, Hospital, Mata Redonda, Pavas, Uruca Alajuela: Alajuela, San José, San Antonio, Guácima, San Rafael, Río Segundo, Desamparados, Tambor, Garita Grecia: Grecia, San José, San Roque, Tacares, Puente Piedra Naranjo: Palmitos, Rosario, San Miguel, Naranjo Palmares: Palmares, Buenos Aires, Granja San Ramón: San Ramón, Santiago, San Rafael, San Isidro Valverde Vega: Sarchí Norte, Sarchí Sur Heredia: Ulloa, San Rafael, San Francisco, San Antonio, Rivera, Asunción, Llorente",N/A,https://conavi.go.cr/,Consejo Nacional de Vialidad (CONAVI),Transporte por carretera,Transporte y almacenamiento,N/A,2026-04-15,2024-10-29,2026-09-11,2024-10-29,770000000,0.0,N/A,N/A,USD,N/A,Recursos Ordinarios,N/A,N/A,N/A,A,NO,N/A,N/A,N/A,N/A,N/A,N/A,N/A,N/A,N/A,N/A,N/A,https://www.bcie.org/proyectos/501108,https://datosabiertos.bcie.org/dataset/impacto-del-desarrollo/resource/75bed7b6-0842-4f86-9235-6c6fd851b0f9,https://www.bcie.org/contactenos,https://d-portal.iatistandard.org/ctrack.html?tongue=spa#view=act&aid=XM-DAC-46007-501108
101,500569,Programa de Emergencia Prevención y Contención del COVID-19 en Nicaragua (Modif. al Préstamo No. 2154),"El Proyecto consiste en el mejoramiento de los 58.13 kilómetros de la carretera Nejapa - El Crucero - Diriamba - Jinotepe - Nandaime (hasta el conocido como Empalme Grajinán), utilizando la alternativa de mezcla asfáltica en caliente. La carretera objeto del proyecto forma parte de la carretera Panamericana Sur, beneficiando de manera directa a un estimado de 196,745 personas y de manera indirecta a 79,723. Asimismo, tendrá un impacto positivo a nivel de la región centroamericana ya que la carretera forma parte del Corredor Pacífico de la RICAM (Red Internacional de Carreteras Mesoamericanas).",N/A,Proyecto - Fondos Ordinarios,Garantía Soberana,Ejecución,Nicaragua,"El ámbito de referencia comprende el tramo carretero que atraviesa los departamentos de Managua, Carazo y Granada, así como las áreas incluidas en el Programa COVID, que abarcan los departamentos de Madriz, Nueva Segovia, Chinandega, Rivas, Granada, Boaco, Chontales, Río San Juan, Zelaya Central, Región Autónoma de la Costa Caribe Sur (RACCS) y Región Autónoma de la Costa Caribe Norte (RACCN).",N/A,https://www.minsa.gob.ni/,MINSA,Control de la COVID-19,Salud,N/A,2020-06-18,2015-03-24,2026-09-11,2015-03-24,11727217.21,11146280.1,N/A,N/A,USD,N/A,Recursos Ordinarios,N/A,N/A,N/A,N/A,NO,N/A,N/A,N/A,N/A,N/A,N/A,N/A,N/A,N/A,N/A,N/A,https://www.bcie.org/proyectos/500569,https://datosabiertos.bcie.org/dataset/impacto-del-desarrollo/resource/75bed7b6-0842-4f86-9235-6c6fd851b0f9,https://www.bcie.org/contactenos,https://d-portal.iatistandard.org/ctrack.html?tongue=spa#view=act&aid=XM-DAC-46007-500569
102,500889,LC - Comisión Ejecutiva Hidroeléctrica del Río Lempa,Atender necesidades de capital de trabajo del prestatario.,N/A,Línea de Crédito,Garantía Soberana,Cierre,El Salvador,El Salvador,N/A,https://www.cel.gob.sv/,Comisión Ejecutiva Hidroeléctrica del Río Lempa,Política energética y gestión administrativa,N/A,N/A,2022-11-30,2022-11-01,2026-09-11,2022-11-01,100000000,100000000,N/A,N/A,USD,N/A,Recursos Ordinarios,N/A,N/A,N/A,C,NO,N/A,N/A,N/A,N/A,N/A,N/A,Acceso a Asistencia Técnica,N/A,"Tasa; Plazo; Monto; Revolvencia; Días para aprobar; Días para Desembolso; Disponibilidad Ante Emergencias; Período de Gracia; otros, Revolvencia","Tasa, Días para aprobar proyecto, Monto","El BCIE agrega valor a la operación mediante una tasa competitiva, montos de financiamiento acordes a las necesidades del cliente y procesos ágiles para la aprobación de proyectos. Estas condiciones facilitan el acceso oportuno a los recursos, fortalecen la planificación financiera y contribuyen al cumplimiento eficiente de los objetivos de inversión y desarrollo de la institución.",https://www.bcie.org/proyectos/500889,https://datosabiertos.bcie.org/dataset/impacto-del-desarrollo/resource/75bed7b6-0842-4f86-9235-6c6fd851b0f9,https://www.bcie.org/contactenos,https://d-portal.iatistandard.org/ctrack.html?tongue=spa#view=act&aid=XM-DAC-46007-500889
103,500669,Programa Piloto para la Transformación Digital de las PYMES Argentinas,"El Programa Piloto para la Transformación Digital de las pymes argentinas, es una iniciativa con enfoque integral que busca catalizar la transformación digital y la adopción de tecnologías de la Industria 4.0 por las pequeñas y medianas empresas, mejorando la competitividad y productividad de cuatro cadenas de valor prioritarias para el desarrollo del país.",N/A,Proyecto - Fondos Ordinarios,Garantía Soberana,Ejecución,Argentina,Sin proyectos efectivos reportados.,N/A,https://www.argentina.gob.ar/produccion,Ministerio de Desarrollo Productivo,Desarrollo de las pequeñas y medianas empresas (PYME),"Industria, Minería, Construcción",N/A,2021-10-05,2021-03-23,2026-09-11,2021-03-23,50000000,6000000.0,N/A,N/A,USD,N/A,Recursos Ordinarios,N/A,N/A,N/A,C,NO,N/A,N/A,N/A,N/A,N/A,N/A,N/A,N/A,N/A,N/A,N/A,https://www.bcie.org/proyectos/500669,https://datosabiertos.bcie.org/dataset/impacto-del-desarrollo/resource/75bed7b6-0842-4f86-9235-6c6fd851b0f9,https://www.bcie.org/contactenos,https://d-portal.iatistandard.org/ctrack.html?tongue=spa#view=act&aid=XM-DAC-46007-500669
104,501162,Programa de Obras de Saneamiento de Agua Residual,"El financiamiento del ""Programa de Obras de Saneamiento de Agua Residual"" (PROSAR) ampliara la cobertura de alcantarillado sanitario y el tratamiento de aguas residuales por medio de plantas de tratamiento en el Gran Área Metropolitana (GAM) y en las ciudades de Jacó, Quepos, Golfito y Palmares. De esta forma se contribuirá al cuidado del medio ambiente, la conservación del recurso hídrico y, sobre todo, a mejorar la salud y calidad de vida de la población beneficiaria.","El objetivo general del Programa es mejorar la calidad del agua de los ríos, quebradas y acuíferos del Área Metropolitana de San José, Quepos, Jacó, Golfito y Palmares, por medio de la construcción y equipamiento de sistemas de alcantarillado sanitario, contribuyendo a la mejora del medio ambiente, y de la calidad de vida de los habitantes de las zonas a intervenir.",Proyecto - Fondos Ordinarios,Garantía No Soberana,Aprobación,Costa Rica,"El Programa por medio de sus proyectos intervendría el Gran Área Metropolitana, específicamente en Alajuelita, Curridabat, Desamparados, Escazú, Goicoechea, La Unión, Montes de Oca, Moravia, Tibás, Vázquez de Coronado y San José. Así como también en las cuidades de Jacó, Quepos, Golfito y Palmares.",Costa Rica,https://www.aya.go.cr,Instituto Costarricense de Acueductos y Alcantarillados,Gestión/eliminación de residuos; Reducción del Riesgo de Desastres; Saneamiento - grandes sistemas,Abastecimiento de agua y saneamiento; Otros Multisectoriales,Si,N/A,2025-02-25,2026-09-11,2025-02-25,565000000,0.0,N/A,N/A,USD,628403900.00,Recursos Ordinarios,N/A,N/A,0,A,SI,Mitigación y Adaptación,455390000.00,452000000.00,3390000.00,"Esta operación contribuye de manera significativa a la mitigación y a la adaptación al cambio climático, dado que una proporción sustancial del financiamiento total está destinada a infraestructura de saneamiento que reduce emisiones de gases de efecto invernadero (GEI) asociadas al tratamiento de aguas residuales. Adicionalmente, el proyecto incluye financiamiento para mejorar desde el diseño la resiliencia de los sistemas urbanos frente a eventos climáticos extremos.",169500000.00,Acceso a Asistencia Técnica,N/A,"Tasa, Plazo, Monto, Días para aprobar proyecto, Días para desembolso, Disponibilidad ante emergencias, Período de gracia, Otros.","Plazo, Periodo de gracia, tasa, procesos de evaluación y aprobación eficaz","La operación contará con apoyo por parte del BCIE que beneficiará al Instituto Costarricense de Acueductos y Alcantarillados AyA, mediante ventajas en factores tales como el plazo de la operación incluyendo un adecuado periodo de gracia con tasas de interés competitivas y procesos de evaluación y aprobación eficaces, de acuerdo con la necesidad del cliente.",https://www.bcie.org/proyectos/501162,https://datosabiertos.bcie.org/dataset/impacto-del-desarrollo/resource/75bed7b6-0842-4f86-9235-6c6fd851b0f9,https://www.bcie.org/contactenos,https://d-portal.iatistandard.org/ctrack.html?tongue=spa#view=act&aid=XM-DAC-46007-501162
105,500856,Programa Temporal de Apoyo ante la Crisis de los Combustibles en Honduras,Los fondos provenientes del préstamo serán utilizados por el prestatario exclusivamente para financiar la implementación del Programa Temporal de Apoyo ante la Crisis de los Combustibles.,N/A,"P. Combustibles - Fondos Externos, P. Combustibles - Fondos Ordinarios",Garantía Soberana,Cierre,Honduras,Honduras,N/A,https://www.sefin.gob.hn/,Secretaría de Estado en el Despacho de Finanzas (SEFIN),N/A,N/A,N/A,2022-11-10,2022-06-03,2026-09-11,2022-06-03,220000000,200000000,N/A,N/A,USD,N/A,Recursos Ordinarios,N/A,N/A,N/A,C,NO,N/A,N/A,N/A,N/A,N/A,N/A,Acceso a Asistencia Técnica,N/A,"Tasa, Plazo, Monto, Días para aprobar proyecto, Días para desembolso, Disponibilidad ante emergencias, Período de gracia, Otros.","Días para Desembolso, Tasa, Período de Gracia, Días Para Aprobar Proyecto, Plazo, Otros: fuentes externas, Monto","El BCIE agrega valor a la operación mediante una tasa competitiva, períodos de gracia favorables, plazos y montos acordes a las necesidades del cliente, así como procesos ágiles de aprobación de proyectos y desembolso de recursos. Adicionalmente, el acceso a fuentes externas de financiamiento fortalece la capacidad financiera de la institución y amplía las opciones disponibles para apoyar sus objetivos de inversión y desarrollo.",https://www.bcie.org/proyectos/500856,https://datosabiertos.bcie.org/dataset/impacto-del-desarrollo/resource/75bed7b6-0842-4f86-9235-6c6fd851b0f9,https://www.bcie.org/contactenos,https://d-portal.iatistandard.org/ctrack.html?tongue=spa#view=act&aid=XM-DAC-46007-500856
106,501313,Programa de Mejoramiento y Ampliación de los Sistemas de Agua Potable en Cuatro Ciudades de Nicaragua,"Programa de Mejoramiento y Ampliación de los Sistemas de Agua Potable en las ciudades de Camoapa, Masatepe, Somoto y Estelí, mediante la ejecución de obras de ampliación y rehabilitación de los sistemas de abastecimiento de agua potable, incluyendo mejoras en la continuidad, eficiencia y calidad del servicio, con consideración de aspectos ambientales.",N/A,Proyecto - Fondos Ordinarios,Garantía Soberana,Aprobación,Nicaragua,Nicaragua,N/A,N/A,ENACAL,Conservación de los recursos hídricos (incluida la recopilación de datos); Energía solar para redes centralizadas; Política y gestión administrativa del sector del agua; Suministro de agua: grandes sistemas,Abastecimiento de agua y saneamiento; Energía,N/A,N/A,2026-08-19,2026-09-11,2026-07-17,170000000,0.0,N/A,N/A,USD,N/A,Recursos Ordinarios,N/A,N/A,N/A,B,NO,N/A,N/A,N/A,N/A,N/A,N/A,N/A,N/A,N/A,N/A,N/A,https://www.bcie.org/proyectos/501313,https://datosabiertos.bcie.org/dataset/impacto-del-desarrollo/resource/75bed7b6-0842-4f86-9235-6c6fd851b0f9,https://www.bcie.org/contactenos,N/A
107,501296,Línea de Crédito - Fideicomiso de Proyectos de Generación Convencional (FPGC),"Atender necesidades de capital de trabajo y/o inversiones en activos de proyectos de la CFE, administrados por el FPGC, sujeto al cumplimiento de los criterios de elegibilidad determinados por el BCIE.",N/A,Línea de Crédito,Garantía No Soberana,Aprobación,México,México,México,N/A,CFE,Centrales eléctricas de gas natural,Energía,No,N/A,2026-06-22,2026-09-11,2026-06-22,500000000,0.0,N/A,N/A,USD,N/A,Recursos Ordinarios,N/A,N/A,0,A,NO,N/A,N/A,N/A,N/A,N/A,N/A,N/A,N/A,N/A,N/A,N/A,https://www.bcie.org/proyectos/501296,https://datosabiertos.bcie.org/dataset/impacto-del-desarrollo/resource/75bed7b6-0842-4f86-9235-6c6fd851b0f9,https://www.bcie.org/contactenos,N/A
108,501187,Torre de Cuidados Críticos y Obras Complementarias del Hospital Nacional de Niños,"El Proyecto Torre de Cuidados Críticos y Obras Complementarias del Hospital Nacional de Niños contempla el desarrollo y modernización de infraestructura hospitalaria especializada, orientada a fortalecer la capacidad de atención y mejorar los servicios de salud brindados a la población infantil.","El objetivo general del Proyecto es mejorar la calidad y cantidad de los servicios de salud ofrecidos a niños menores de 15 años por medio de una infraestructura, equipamiento y recurso humano que cumplan los requerimientos necesarios para garantizar los servicios que contemplaría el Proyecto.",Proyecto - Fondos Ordinarios,Garantía No Soberana,Aprobación,Costa Rica,"El HNN se encuentra ubicado sobre el Paseo Colón, a un costado de la calle 20, en el distrito Hospitalario del Cantón Central de la Provincia San José",Costa Rica,www.ccss.sa.cr,Caja Costarricense de Seguro Social,Servicios médicos,Salud,Si,N/A,2025-04-27,2026-09-11,2025-04-27,250000000,0.0,N/A,N/A,USD,277358500.00,Recursos Ordinarios,N/A,N/A,0,A,SI,Adaptación,500000.00,0.00,500000.00,"Esta operación contribuye de manera limitada a la adaptación al cambio climático, dado que únicamente una porción reducida del financiamiento climático está asociada a la incorporación de medidas puntuales de gestión del riesgo de desastres y continuidad operativa en la infraestructura hospitalaria. Estas medidas buscan mejorar la capacidad del establecimiento para mantener la prestación de servicios esenciales ante eventos extremos, sin constituir el objetivo principal del proyecto, el cual está enfocado en la ampliación y modernización de la infraestructura sanitaria.",0.00,Acceso a Asistencia Técnica,N/A,"Tasa, Plazo, Monto, Días para aprobar proyecto, Días para desembolso, Disponibilidad ante emergencias, Período de gracia, Otros.","tasa, plazo, monto, días para aprobar el proyecto, periodo de gracia.","La operación tiene condiciones de financiamiento BCIE que beneficiarán a la CCSS a través de los siguientes criterios de valor agregado: tasa, plazo, monto, días para aprobar el proyecto, periodo de gracia.",https://www.bcie.org/proyectos/501187,https://datosabiertos.bcie.org/dataset/impacto-del-desarrollo/resource/75bed7b6-0842-4f86-9235-6c6fd851b0f9,https://www.bcie.org/contactenos,https://d-portal.iatistandard.org/ctrack.html?tongue=spa#view=act&aid=XM-DAC-46007-501187
109,500634,Programa Mi Nueva Escuela,"El programa consiste en el rediseño de las instalaciones educativas en su infraestructura para lograr un impacto positivo en el aprendizaje de la niñez y jóvenes, brindándoles accesibilidad a la educación, el uso de herramientas tecnológicas y propiciar condiciones ideales para implementar una agenda educativa complementaria.",N/A,Proyecto - PRPEES,Garantía Soberana,Ejecución,El Salvador,"El ámbito de referencia incluye la 10° Avenida Sur y 31° Calle Poniente en la Colonia El Palmar, Santa Ana, departamento de Santa Ana; el final de la Décima Avenida Norte en el Barrio San Sebastián, Armenia, departamento de Sonsonate; la Avenida San Pablo en el Barrio El Centro, Caluco, departamento de Sonsonate; la Colonia Buena Vista en Cuisnahuat, departamento de Sonsonate; el final entre 3° y 4° pasaje en la Colonia Sensunapán, Sonsonate; el Bulevar El Castaño y Cuarta Avenida Norte #4 en la Urbanización El Sauce, Sonzacate; el final de la Avenida Emeterio Ruano contiguo al Instituto Nacional Arce en Ciudad Arce, departamento de La Libertad; el kilómetro 28 ½ de la Carretera a Sonsonate y la Calle Principal Sociedad 17 de Marzo en Colón, departamento de La Libertad; la Calle Marcelino en el Barrio El Centro, Paraíso de Osorio; el Barrio El Centro en la entrada a San Emigdio, San Emigdio; el final del Pasaje Lic. René Vaquerano Iraheta en el Barrio San José, San Juan Nonualco; la Calle San Francisco Menéndez N°1 en el Barrio El Centro, San Rafael Obrajuelo; la Avenida El Progreso en el Barrio El Centro, Santiago Nonualco, todos en el departamento de La Paz; el Cantón El Cuco en la Calle al Esterito, Chirilagua; el Barrio San Antonio y el Cantón El Palón en Lolotique; la Calle a Cancha Infantil en Moncagua; el Barrio El Centro en Nueva Guadalupe; el final de la Avenida Madre Tierra en la Colonia San Francisco; la Colonia Carrillo en la Calle Principal, San Miguel; la Avenida Gerardo Barrios Noroeste y Quinta Calle Oriente en San Rafael Oriente, todos en el departamento de San Miguel; el Barrio Tamera en Gualococti, departamento de Morazán; el final de la Avenida Peña Blanca en Concepción de Oriente; la Tercera Calle Oriente y Quinta Avenida Norte #3-3 en el Barrio El Centro, La Unión; el Barrio El Calvario en Pasaquina; y el Barrio Guadalupe contiguo a la Alcaldía Municipal en San Alejo, todos en el departamento de La Unión.",N/A,https://www.mined.gob.sv/,"Ministerio de Educación, Ciencia y Tecnología (MINEDUCYT)",Instalaciones educativas y formación,Educación,N/A,2021-08-19,2020-10-28,2026-09-11,2020-10-28,200000000,90095972.6,N/A,N/A,USD,N/A,Recursos Ordinarios,N/A,N/A,N/A,B,NO,N/A,N/A,N/A,N/A,N/A,N/A,N/A,N/A,N/A,N/A,N/A,https://www.bcie.org/proyectos/500634,https://datosabiertos.bcie.org/dataset/impacto-del-desarrollo/resource/75bed7b6-0842-4f86-9235-6c6fd851b0f9,https://www.bcie.org/contactenos,https://d-portal.iatistandard.org/ctrack.html?tongue=spa#view=act&aid=XM-DAC-46007-500634
110,500470,Proyecto Construcción de Viaducto y Ampliación de Carretera CA01W (Tramo Los Chorros),"El Proyecto consiste en la construcción de un viaducto y ampliación de la carretera Panamericana CA01W (Tramo Los Chorros), entre Autopista Monseñor Romero y CA01W; municipios de Santa Tecla, Colón y San Juan Opico, departamento de La Libertad, EL Salvador. El Proyecto consiste en la ampliación a seis carriles de 13.015 km de carretera y la construcción de un viaducto elevado de seis carriles de 1.615 km de longitud, totalizando 14.630 km en concreto hidráulico, e incluye la construcción de 11 pasos peatonales elevados, un paso a desnivel que le dará ingreso al tráfico vehicular a Colón, modificación del intercambiador que va al municipio de Sonsonate, y obras de mitigación para prevenir deslizamientos y derrumbes, entre los elementos más importantes.",N/A,"Proyecto - Fondos Externos, Proyecto - Fondos Ordinarios",Garantía Soberana,Cierre,El Salvador,"El Proyecto se encuentra en los municipios de Santa Tecla, Colón y San Juan Opico, departamento de La Libertad, carretera Panamericana CA01W, iniciando desde el Intercambiador al final de la autopista Monseñor Romero sector denominado Las Delicias, kilómetro 13+560 con ubicación geográfica (13°40'33.41""""N, 89°18'15.62""""O), hasta la estación 28+190 Sector del Desvió de Opico de la Carretera Panamericana CA01W, con coordenadas (13°46'31.51""""N, 89°22'21.41""""O).",N/A,https://www.mop.gob.sv/,MOP,Transporte por carretera,Transporte y almacenamiento,N/A,2021-07-09,2019-11-26,2026-09-11,2019-11-26,245824129,165324129,N/A,N/A,USD,N/A,Recursos Ordinarios,N/A,N/A,N/A,A,NO,N/A,N/A,N/A,N/A,N/A,N/A,N/A,N/A,N/A,N/A,N/A,https://www.bcie.org/proyectos/500470,https://datosabiertos.bcie.org/dataset/impacto-del-desarrollo/resource/75bed7b6-0842-4f86-9235-6c6fd851b0f9,https://www.bcie.org/contactenos,https://d-portal.iatistandard.org/ctrack.html?tongue=spa#view=act&aid=XM-DAC-46007-500470
111,501061,Programa para la Gestión de Activos de Impacto Nacional,"El financiamiento del ""Programa para la Gestión de Activos de Impacto Nacional (GAIN)"" tiene un alcance nacional y consistirá en la ejecución de obras viales de: a) ampliación de infraestructura existente, la cual es vital para el comercio nacional y regional; b) construcción de nueva infraestructura; y c) mejoramiento de la red vial existente debido a su alto grado de deterioro; y d) estudios de preinversión - diseños finales de tres proyectos.",N/A,Proyecto - Fondos Ordinarios,Garantía No Soberana,Cancelada,Costa Rica,"El proyecto “Diseño y Construcción de paso elevado vehicular y puente peatonal sobre la Ruta Nacional No. 39 (Circunvalación), entre Hatillo 7 y Hatillo 8” se ubica en la Provincia: San José; Cantón: San José; Distrito: Hatillo.  Ampliación de 3 a 5 carriles en 2.2 km del corredor principal de la Ruta Nacional N°147; las labores de ampliación inician en el puente sobre el río Corrogres, ubicado 200 metros al norte del intercambio con la Ruta Nacional N°27, hasta el acceso sur del puente sobre el río Virilla. Se incluyen vías marginales a cada lado de la carretera, por lo que en total se tendrán 7 carriles.  Ampliación de 2 a 4 carriles en el puente sobre el río Corrogres y de 3 a 7 carriles (incluye marginales) en el afluente de la Quebrada Rodríguez y la Quebrada Pilas; de 5 a 7 carriles (incluye marginales) en la Quebrada Rodríguez.  Ampliación de 2 a 4 carriles en 1.4 km del tramo entre el río Virilla y la Ruta Nacional N°122. En algunos tramos, donde se requieran carriles de aceleración o desaceleración y vías marginales, la ampliación será a 6 carriles. Se incluye la ampliación de 2 a 4 carriles del puente sobre el río Bermúdez y de 2 a 6 carriles del puente sobre el río Burío (Quebrada Seca), esto se verificará a la hora de realizar el diseño. Adicionalmente se reconstruirá el puente ferroviario existente y la Rotonda denominada Panasonic.  El proyecto “Ampliación de la Ruta Nacional N°1, Sección Barranca – Limonal” consiste en la ejecución de obras de rehabilitación y ampliación en derecho de vía para una longitud de 49.4 km.  El proyecto consiste en la construcción de 20 puentes peatonales ubicados en Guápiles, Jiménez, Guácimo, Pocora, Germania, Siquirres, Venecia, Liverpool, Recope, Villa del Mar, UCR Limón, Barrio La Colina, Cruce del tren Limón y Limón centro.  Trabajos para la atención de la Ruta Nacional No. 239.  Sello asfáltico y obras complementarias RN301.  Mantenimiento Periódico y Rehabilitación del Pavimento de la Red Vial Nacional pavimentada.",Costa Rica,https://conavi.go.cr/,Consejo Nacional de Vialidad,N/A,N/A,Si,2025-09-03,2023-08-29,2026-09-11,2023-08-29,400000000,0.0,N/A,N/A,USD,N/A,Recursos Ordinarios,N/A,N/A,0,A,NO,N/A,N/A,N/A,N/A,N/A,N/A,N/A,N/A,N/A,N/A,N/A,https://www.bcie.org/proyectos/501061,https://datosabiertos.bcie.org/dataset/impacto-del-desarrollo/resource/75bed7b6-0842-4f86-9235-6c6fd851b0f9,https://www.bcie.org/contactenos,N/A
112,500903,OPD para apoyar acciones de política y resultados de desarrollo,"Proporcionar financiamiento para apoyar acciones de política y resultados de desarrollo que son prioritarios para el prestatario, apoyando a la República Dominicana para promover el crecimiento económico equilibrado, reducción de la pobreza, desarrollo sostenible y combate al cambio climático, al mismo tiempo que se fortalece el mantenimiento de la estabilidad macroeconómica.",N/A,OPD - Fondos Ordinarios,Garantía Soberana,Cancelada,República Dominicana,República Dominicana,N/A,https://www.hacienda.gob.do/,Ministerio de Hacienda y Economía,Política ambiental y gestión administrativa,Protección General del Medio Ambiente,N/A,2023-12-14,2022-11-01,2026-09-11,2022-11-01,100000000,0.0,N/A,N/A,USD,N/A,Recursos Ordinarios,N/A,N/A,N/A,N/A,NO,N/A,N/A,N/A,N/A,N/A,N/A,Acceso a Asistencia Técnica,N/A,"Tasa, Plazo, Monto, Días para aprobar proyecto, Días para desembolso, Disponibilidad ante emergencias, Período de gracia, Otros.","Días para aprobar proyecto, Disponibilidad ante emergencias, Prestigio del BCIE (Apertura para nuevas fuentes), Monto","El BCIE agrega valor a la operación mediante montos de financiamiento acordes a las necesidades del cliente, procesos ágiles para la aprobación de proyectos y la disponibilidad de recursos ante situaciones de emergencia. Asimismo, su prestigio y sólido respaldo institucional facilitan la apertura y diversificación de nuevas fuentes de financiamiento, fortaleciendo la capacidad financiera y la resiliencia de la institución.",https://www.bcie.org/proyectos/500903,https://datosabiertos.bcie.org/dataset/impacto-del-desarrollo/resource/75bed7b6-0842-4f86-9235-6c6fd851b0f9,https://www.bcie.org/contactenos,https://d-portal.iatistandard.org/ctrack.html?tongue=spa#view=act&aid=XM-DAC-46007-500903
113,500869,Programa Temporal de Apoyo ante la Crisis de los Combustibles,Los fondos provenientes del préstamo serán utilizados por el prestatario exclusivamente para financiar las medidas que la República Dominicana esté implementando para atender la crisis de los combustibles.,N/A,P. Combustibles - Fondos Ordinarios,Garantía Soberana,Aprobación,República Dominicana,República Dominicana,N/A,https://www.hacienda.gob.do/,Ministerio de Hacienda y Economía,N/A,N/A,N/A,N/A,2022-08-16,2026-09-11,2022-08-16,200000000,0.0,N/A,N/A,USD,N/A,Recursos Ordinarios,N/A,N/A,N/A,C,NO,N/A,N/A,N/A,N/A,N/A,N/A,Acceso a Asistencia Técnica,N/A,"Tasa, Plazo, Monto, Días para aprobar proyecto, Días para desembolso, Disponibilidad ante emergencias, Período de gracia, Otros.","Tasa, plaza, monto, periodo de gracias, dias de aprobar, dias para desembolsar","Dentro de los criterios en los que el BCIE aporta valor agregado a esta operación, se incluyen: tasa, plazo, monto, período de gracia, días para aprobar la intervención y días para desembolsar.",https://www.bcie.org/proyectos/500869,https://datosabiertos.bcie.org/dataset/impacto-del-desarrollo/resource/75bed7b6-0842-4f86-9235-6c6fd851b0f9,https://www.bcie.org/contactenos,https://d-portal.iatistandard.org/ctrack.html?tongue=spa#view=act&aid=XM-DAC-46007-500869
114,500769,Incremento LGC -  Fundación para la Promoción de la Pequeña y Microempresa José María Covelo,"Fundación Covelo ha solicitado al BCIE la aprobación de la LGC que sería utilizado, pero no limitado, de la siguiente manera: MIPYMES (56.0%), Vivienda Social (24.0%) y MIPYMES (20%).",N/A,Línea Global de Crédito,Garantía No Soberana,Aprobación,Honduras,Honduras,Honduras,N/A,Fundación José María Covelo,N/A,N/A,Si,2022-09-06,2021-12-13,2026-09-11,2021-12-13,2500000.0,0.0,N/A,N/A,USD,N/A,Recursos Ordinarios,N/A,N/A,0,B,NO,N/A,N/A,N/A,N/A,N/A,N/A,N/A,N/A,N/A,N/A,N/A,https://www.bcie.org/proyectos/500769,https://datosabiertos.bcie.org/dataset/impacto-del-desarrollo/resource/75bed7b6-0842-4f86-9235-6c6fd851b0f9,https://www.bcie.org/contactenos,N/A
115,500767,Proyecto de Construcción del Puente Vehicular Marítimo Coyolito - Amapala,"El Proyecto de Construcción del Puente Vehicular Marítimo Coyolito - Amapala, consiste en el financiamiento para la construcción del puente de aproximadamente 2,016 metros lineales que unirá Coyolito con Amapala (Isla del Tigre), incluyendo las aproximaciones de una carretera de concreto hidráulico de dos carriles en ambos extremos del puente que suman alrededor de 500 metros lineales. El proyecto potenciará la construcción de un nuevo Puerto en Amapala para cumplir el propósito de convertir la zona del Golfo de Fonseca en un centro logístico que conecte las rutas del océano Atlántico y el Pacífico, como el canal seco.",N/A,Proyecto - Fondos Ordinarios,Garantía Soberana,Ejecución,Honduras,Honduras,N/A,https://www.sit.gob.hn/,Secretaria de Infraestructura y Servicios Públicos (INSEP),N/A,N/A,N/A,2022-01-08,2021-11-02,2026-09-11,2021-10-15,207766365.18,0.0,N/A,N/A,USD,N/A,Recursos Ordinarios,N/A,N/A,N/A,A,NO,N/A,N/A,N/A,N/A,N/A,N/A,N/A,N/A,N/A,N/A,N/A,https://www.bcie.org/proyectos/500767,https://datosabiertos.bcie.org/dataset/impacto-del-desarrollo/resource/75bed7b6-0842-4f86-9235-6c6fd851b0f9,https://www.bcie.org/contactenos,N/A
116,501267,"Línea Global de Crédito - Banco Popular Dominicano, S.A. - Banco Múltiple","Línea de crédito revolvente por un monto de USD 100,000,000.00 para financiar operaciones que se enmarquen dentro de los programas de intermediación financiera del BCIE.",La operación tiene como objetivo financiar o realizar operaciones que se enmarquen en los programas de intermediación financiera del BCIE para los que el prestatario sea elegible según las estipulaciones contenidas en cada programa.,Línea Global de Crédito,Garantía No Soberana,Aprobación,República Dominicana,República Dominicana,República Dominicana,https://popularenlinea.com,"Banco Popular Dominicano, S. A.",Intermediarios financieros del sector formal,Servicios Bancarios y Financieros,Si,N/A,2025-10-21,2026-09-11,2025-10-21,100000000,0.0,N/A,N/A,USD,100000000.00,Recursos Ordinarios,N/A,N/A,0,B,NO,N/A,N/A,N/A,N/A,N/A,N/A,Acceso a Asistencia Técnica,N/A,"Tasa, Plazo, Monto, Días para aprobar proyecto, Días para desembolso, Disponibilidad ante emergencias, Período de gracia, Otros, Revolvencia",Tasa; Plazo; Monto; Días para aprobación; Revolvencia; Días para desembolso; Período de Gracia.,"El BCIE agrega valor a la operación mediante una tasa competitiva, plazos y montos acordes a las necesidades del cliente, períodos de gracia favorables y la revolvencia de los recursos, complementados por procesos ágiles para la aprobación de proyectos y el desembolso de recursos. Estas condiciones fortalecen la flexibilidad financiera, facilitan el acceso oportuno al financiamiento y contribuyen al cumplimiento eficiente de los objetivos de inversión y desarrollo de la institución.",https://www.bcie.org/proyectos/501267,https://datosabiertos.bcie.org/dataset/impacto-del-desarrollo/resource/75bed7b6-0842-4f86-9235-6c6fd851b0f9,https://www.bcie.org/contactenos,https://d-portal.iatistandard.org/ctrack.html?tongue=spa#view=act&aid=XM-DAC-46007-501267
117,500680,Programa de Reconstrucción de Vivienda Resiliente,"El Programa de Reconstrucción de Vivienda Resiliente - Honduras es destinado a financiar una iniciativa con enfoque integral que busca apoyar la recuperación y fortalecer la resiliencia del sector vivienda en Honduras, respondiendo ante las necesidades y afectaciones provocadas por los fenómenos meteorológicos ETA/IOTA.",N/A,"Proyecto - Fondos Ordinarios, Proyecto - PRPEES",Garantía Soberana,Aprobación,Honduras,Honduras,N/A,https://pvah.gob.hn/convivienda-pvah/,CONVIVIENDA,N/A,N/A,N/A,N/A,2021-02-24,2026-09-11,2021-02-24,150000000,0.0,N/A,N/A,USD,N/A,Recursos Ordinarios,N/A,N/A,N/A,A,NO,N/A,N/A,N/A,N/A,N/A,N/A,N/A,N/A,N/A,N/A,N/A,https://www.bcie.org/proyectos/500680,https://datosabiertos.bcie.org/dataset/impacto-del-desarrollo/resource/75bed7b6-0842-4f86-9235-6c6fd851b0f9,https://www.bcie.org/contactenos,N/A
118,501218,Programa de Infraestructura Vial y Movilidad Urbana - Fase I (PIVMU),"El Programa de Infraestructura Vial y Movilidad Urbana - Fase I (PIVMU) consiste en el cofinanciamiento de USD165,000.0 miles, de los cuales, el BCIE financiaría USD135,000.0 miles, para la ejecución de proyectos orientados a agilizar la movilidad vehicular en las vías de mayor tráfico y sus principales interconexiones con la capital, San Salvador, con lo cual se prevé dinamizar la economía local y aumentar la productividad del área de influencia debido a los beneficios que generarían los proyectos al favorecer la reducción en los costos de operación y/o mantenimiento de los diferentes medios de transporte y optimización de los tiempos de traslado de la población beneficiaria.",Objetivo general es mejorar la conectividad vial eficiente y segura dentro del Área Metropolitana de San Salvador (AMSS).,Proyecto - Fondos Ordinarios,Garantía Soberana,Ejecución,El Salvador,"Paso a desnivel Constitución – La Gloria Paso a desnivel Constitución – Calle al volcán Paso a desnivel Constitución – Zacamil Paso a desnivel Hermano Bienvenido a casa Paso a desnivel Árbol de la Paz Paso a desnivel Cima – Amapolas Mejoramiento de la ruta vial LB12S: tramo CA04S – Nuevo Cuscatlán. Los pasos a desnivel se encuentran ubicados en el municipio de San Salvador Centro, distrito de San Salvador, mientras que la ruta vial se encuentra ubicada en el departamento de La Libertad.",N/A,https://www.mop.gob.sv/,Ministerio de Obras Públicas y de Transporte de El Salvador,Desarrollo y gestión urbana; Reducción del Riesgo de Desastres,Otros Multisectoriales,N/A,2026-03-16,2025-06-11,2026-09-11,2025-05-13,135000000,0.0,N/A,N/A,USD,186327500.00,Recursos Ordinarios,N/A,N/A,N/A,A,SI,Adaptación,607770.00,0.00,607770.00,"Esta operación contribuye de manera limitada a la adaptación al cambio climático, dado que el financiamiento climático representa una fracción menor del monto total y está asociado a evaluar diseños e inversiones específicas en infraestructura vial que podrían incorporar criterios de reducción del riesgo de desastres frente a eventos extremos como lluvias intensas e inundaciones.",0.00,Acceso a Asistencia Técnica,N/A,"Tasa, Plazo, Monto, Días para aprobar proyecto, Días para desembolso, Disponibilidad ante emergencias, Período de gracia, Otros.","Días para aprobar proyecto, Plazo, Tasa, Monto, Prestigio del BCIE (apertura para nuevas fuentes)","El BCIE agrega valor a la operación mediante una tasa competitiva, plazos y montos acordes a las necesidades del cliente, complementados por procesos ágiles para la aprobación de proyectos. Asimismo, su prestigio y sólido respaldo institucional facilitan la apertura y diversificación de nuevas fuentes de financiamiento, fortaleciendo la capacidad financiera y las oportunidades de desarrollo de la institución.",https://www.bcie.org/proyectos/501218,https://datosabiertos.bcie.org/dataset/impacto-del-desarrollo/resource/75bed7b6-0842-4f86-9235-6c6fd851b0f9,https://www.bcie.org/contactenos,https://d-portal.iatistandard.org/ctrack.html?tongue=spa#view=act&aid=XM-DAC-46007-501218
119,501064,Proyecto de Construcción de Obras Complementarias del Gasoducto Presidente Néstor Kirchner,"Los fondos provenientes del préstamo serán utilizados para el financiamiento parcial del ""Proyecto de Construcción de Obras Complementarias del Gasoducto Presidente Néstor Kirchner: Compresión Adicional sobre la Etapa 1 Tratayén-Salliqueló"".",N/A,Proyecto - Fondos Ordinarios,Garantía Soberana,Cancelada,Argentina,Argentina,N/A,https://www.energia-argentina.com.ar/,Empresa Energía Argentina,N/A,N/A,N/A,2023-11-17,2023-08-29,2026-09-11,2023-08-29,185000000,0.0,N/A,N/A,USD,N/A,Recursos Ordinarios,N/A,N/A,N/A,A,NO,N/A,N/A,N/A,N/A,N/A,N/A,N/A,N/A,N/A,N/A,N/A,https://www.bcie.org/proyectos/501064,https://datosabiertos.bcie.org/dataset/impacto-del-desarrollo/resource/75bed7b6-0842-4f86-9235-6c6fd851b0f9,https://www.bcie.org/contactenos,N/A
120,500791,Fortalecimiento del Financiamiento para el Sector Agropecuario con Enfoque Tecnológico y Sostenible,"El proyecto busca contribuir a impulsar la oferta y orientación del crédito agropecuario entre los micro, pequeños y medianos agricultores, para implementar iniciativas productivas que mejoren el nivel de consumo poblacional y el mejoramiento de la productividad del sector agrícola y la comercialización de productos agroalimentarios, en condiciones de competitividad y sostenibilidad, para con ello fortalecer los encadenamientos productivos.",N/A,Proyecto - Fondos Ordinarios,Garantía Soberana,Ejecución,República Dominicana,"El alcance del proyecto a nivel territorial es de 23,230.0 hectáreas , beneficiando a aproximadamente 13,230 productores en el horizonte de repago del préstamo. Dichas extensiones se encuentran en todo el nivel nacional de la República Dominicana.",N/A,https://www.argentina.gob.ar/economia/agricultura,Ministerio de Agricultura,Servicios financieros agrícolas,Agricultura,N/A,2022-12-09,2021-11-23,2026-09-11,2021-11-23,60000000,54099418.15,N/A,N/A,USD,N/A,Recursos Ordinarios,N/A,N/A,N/A,B,NO,N/A,N/A,N/A,N/A,N/A,N/A,N/A,N/A,N/A,N/A,N/A,https://www.bcie.org/proyectos/500791,https://datosabiertos.bcie.org/dataset/impacto-del-desarrollo/resource/75bed7b6-0842-4f86-9235-6c6fd851b0f9,https://www.bcie.org/contactenos,https://d-portal.iatistandard.org/ctrack.html?tongue=spa#view=act&aid=XM-DAC-46007-500791
121,501229,Línea de crédito revolvente para fortalecer la posición de liquidez de la Empresa Nacional de Energía Eléctrica (ENEE),"Atender las necesidades de capital de trabajo del prestatario, relacionados al pago de las facturas por la compra de energía a centrales de generación en el marco de la licitación pública internacional No. LPI 100-010/2021, cuyo objetivo consiste en la contratación de 1,500 MW de capacidad firme más el margen de reserva para atender la demanda de energía del país.","La Línea de Crédito (LC) constituye un mecanismo financiero de carácter revolvente que servirá para afrontar las necesidades de capital de trabajo de la Empresa Nacional de Energía Electrica (ENEE), derivadas de la compra de energía a los generadores que resulten adjudicados por una Licitación Pública de 1,500 MW.",Línea de Crédito,Garantía Soberana,Aprobación,Honduras,Honduras,N/A,https://www.enee.hn/,Empresa Nacional de Energía Eléctrica (ENEE),"Generación de energía, fuentes no renovables, sin especificar",Energía,N/A,N/A,2025-08-12,2026-09-11,2025-07-07,300000000,0.0,N/A,N/A,USD,300000000.00,Recursos Ordinarios,N/A,N/A,N/A,A,SI,Mitigación,72000000.00,72000000.00,0.00,"Esta operación contribuye de manera moderada a la mitigación del cambio climático, dado que una proporción relevante del financiamiento está asociada a acciones que apoyan la generación de energía renovable, contribuyendo a la reducción de emisiones.",0.00,Acceso a Asistencia Técnica,N/A,"Tasa, Plazo, Monto, Días para aprobar proyecto, Días para desembolso, Disponibilidad ante emergencias, Período de gracia, Otros, Revolvencia","Tasa, Plazo, Monto, Días para Desembolso, Período de Gracia","El BCIE agrega valor a la operación mediante una tasa competitiva, plazos y montos acordes a las necesidades del cliente, períodos de gracia favorables y tiempos ágiles para el desembolso de recursos. Estas condiciones facilitan el acceso oportuno al financiamiento, fortalecen la planificación financiera y contribuyen a la ejecución eficiente de los proyectos e iniciativas de la institución.",https://www.bcie.org/proyectos/501229,https://datosabiertos.bcie.org/dataset/impacto-del-desarrollo/resource/75bed7b6-0842-4f86-9235-6c6fd851b0f9,https://www.bcie.org/contactenos,https://d-portal.iatistandard.org/ctrack.html?tongue=spa#view=act&aid=XM-DAC-46007-501229
122,501310,Línea Global de Crédito - Fondo Social para la Vivienda (FSV),"Incremento de Línea de crédito revolvente por un monto de USD 50,000,000.00 para financiar operaciones que se enmarquen dentro de los programas de intermediación financiera del BCIE.",N/A,Línea Global de Crédito,Garantía Soberana,Ejecución,El Salvador,El Salvador,N/A,N/A,FSV,Intermediarios financieros del sector formal,Servicios Bancarios y Financieros,N/A,N/A,2026-07-28,2026-09-11,2026-07-28,50000000,0.0,N/A,N/A,USD,N/A,Recursos Ordinarios,N/A,N/A,N/A,C,NO,N/A,N/A,N/A,N/A,N/A,N/A,N/A,N/A,N/A,N/A,N/A,https://www.bcie.org/proyectos/501310,https://datosabiertos.bcie.org/dataset/impacto-del-desarrollo/resource/75bed7b6-0842-4f86-9235-6c6fd851b0f9,https://www.bcie.org/contactenos,N/A
123,501217,Programa Surf City - Fase II,"La operación Programa Surf City - Fase II, contempla inversiones en infraestructura vial, saneamiento y otras obras estratégicas lo que la constituye como una operación de alto impacto, al contribuir al fortalecimiento de la movilidad urbana, turística y logística, así como a una mejor gestión de los recursos naturales en la zona de influencia.","El objetivo general del Programa es mejorar las condiciones de movilidad urbana, turística y logística a través de la ampliación del corredor Surf City Tramo III, la construcción del puente sobre el Río Huiza y la gestión de los recursos naturales a través del saneamiento básico de aguas residuales, y, en consecuencia, estimular los esfuerzos de desarrollo humano, productivo y turístico para contribuir a la mejora de la calidad de vida de las personas.",Proyecto - Fondos Ordinarios,Garantía Soberana,Ejecución,El Salvador,"Ampliación de Carretera Litoral CAO2W – tramo III: Es un tramo de la carretera Litoral que se localiza en los distritos de Chiltiupán y Tamanique, municipio de La Libertad Costa, departamento de La Libertad entre los kilómetros 12.0 y 20.20 (Coordenadas de inicio: 13°29'13.60""""N, 89°18'46.92""""O Coordenadas de fin: 13°30'12.30""""N, 89°18'43.53""""O) Sistema de Tratamiento de Aguas Residuales (PTAR) El Majahual, San Blas, El Cocal y Conchalío: se ubica en el distrito de La Libertad, municipio de La Libertad Costa, departamento de La Libertad. Sistema de Tratamiento de Aguas Residuales (PTAR) San Diego, Cangregera, Cantones Melara, San Alfredo y Santa Cruz: Se ubica en el distrito de La Libertad, municipio de La Libertad Costa, departamento de La Libertad a 4.6 km de la intersección de la CA02 Carretera Litoral con la CA04S Carretera al Puerto de La Libertad. Puente sobre el río Huiza, cantón Melara, ruta CA2AE, La Libertad: Se ubica en la ruta CA2AE A: CA04S-LD La Paz. Coordenadas de ubicación: Latitud 13.479442º y Longitud:-89.207657º.",N/A,https://www.mop.gob.sv/,Ministerio de Obras Públicas y de Transporte de El Salvador,Desarrollo y gestión urbana; Educación y formación en transporte y almacenamiento; Reducción del Riesgo de Desastres; Saneamiento - grandes sistemas; Transporte por carretera,Abastecimiento de agua y saneamiento; Otros Multisectoriales; Transporte y almacenamiento,N/A,2025-11-20,2025-05-27,2026-09-11,2025-04-22,65000000,0.0,N/A,N/A,USD,149432600.00,Recursos Ordinarios,N/A,N/A,N/A,A,SI,Mitigación y Adaptación,9795500.00,8853000.00,942500.00,"Esta operación contribuye de manera limitada a la mitigación y a la adaptación al cambio climático, ya que solo una parte del financiamiento total está destinada a intervenciones relacionadas con saneamiento, infraestructura urbana y reducción del riesgo en zonas costeras. Estas acciones permiten reducir emisiones puntuales y fortalecer la resiliencia frente a eventos climáticos extremos, sin que el cambio climático sea el eje central del programa.",2655900.00,Acceso a Asistencia Técnica,N/A,"Tasa, Plazo, Monto, Días para aprobar proyecto, Días para desembolso, Disponibilidad ante emergencias, Período de gracia, Otros.","Plazo, Días para aprobar proyecto, Periodo de gracia, Tasa, Días para desembolso, Monto, Prestigio del BCIE (apertura para nuevas fuentes)","El BCIE agrega valor a la operación mediante una tasa competitiva, períodos de gracia favorables, plazos y montos acordes a las necesidades del cliente, complementados por procesos ágiles para la aprobación de proyectos y el desembolso de recursos. Asimismo, su prestigio y sólido respaldo institucional facilitan la apertura y diversificación de nuevas fuentes de financiamiento, fortaleciendo la capacidad financiera y el desarrollo sostenible de la institución.",https://www.bcie.org/proyectos/501217,https://datosabiertos.bcie.org/dataset/impacto-del-desarrollo/resource/75bed7b6-0842-4f86-9235-6c6fd851b0f9,https://www.bcie.org/contactenos,https://d-portal.iatistandard.org/ctrack.html?tongue=spa#view=act&aid=XM-DAC-46007-501217
124,501298,"Línea Global de Crédito - Banco Promérica, S.A.","Línea de crédito revolvente por un monto de USD 14,000,000.00 para financiar operaciones que se enmarquen dentro de los programas de intermediación financiera del BCIE.",N/A,Línea Global de Crédito,Garantía No Soberana,Aprobación,Honduras,Honduras,Honduras,N/A,"Banco Promérica, Sociedad Anónima",Intermediarios financieros del sector formal,Servicios Bancarios y Financieros,Si,N/A,2026-07-28,2026-09-11,2026-07-28,14000000,0.0,N/A,N/A,USD,N/A,Recursos Ordinarios,N/A,N/A,0,C,NO,N/A,N/A,N/A,N/A,N/A,N/A,N/A,N/A,N/A,N/A,N/A,https://www.bcie.org/proyectos/501298,https://datosabiertos.bcie.org/dataset/impacto-del-desarrollo/resource/75bed7b6-0842-4f86-9235-6c6fd851b0f9,https://www.bcie.org/contactenos,N/A
125,500845,OPD en apoyo a la acción climática y la transición energética,La OPD tiene como objetivo de desarrollo apoyar a la República de Colombia para promover un crecimiento verde y la reactivación económica sostenible.,N/A,OPD - Fondos Ordinarios,Garantía Soberana,Cierre,Colombia,Colombia,N/A,https://www.minhacienda.gov.co/; https://www.dnp.gov.co/,Ministerio de Hacienda y Crédito Público/Departamento Nacional de Planeación,Política energética y gestión administrativa,N/A,N/A,2023-02-17,2022-06-07,2026-09-11,2022-06-07,250000000,250000000,N/A,N/A,USD,N/A,Recursos Ordinarios,N/A,N/A,N/A,C,NO,N/A,N/A,N/A,N/A,N/A,N/A,Acceso a Asistencia Técnica,N/A,"Tasa, Plazo, Monto, Días para aprobar proyecto, Días para desembolso, Disponibilidad ante emergencias, Período de gracia, Otros.","Días para Desembolso, Días para aprobar proyecto, Prestigio del BCIE (Apertura para nuevas fuentes), Disponibilidad ante crisis","El BCIE agrega valor a la operación mediante procesos ágiles para la aprobación de proyectos y el desembolso de recursos, facilitando el acceso oportuno al financiamiento. Asimismo, su prestigio y sólido respaldo institucional favorecen la apertura y diversificación de nuevas fuentes de financiamiento, mientras que la disponibilidad de apoyo financiero ante situaciones de crisis fortalece la capacidad de respuesta y resiliencia de la institución.",https://www.bcie.org/proyectos/500845,https://datosabiertos.bcie.org/dataset/impacto-del-desarrollo/resource/75bed7b6-0842-4f86-9235-6c6fd851b0f9,https://www.bcie.org/contactenos,https://d-portal.iatistandard.org/ctrack.html?tongue=spa#view=act&aid=XM-DAC-46007-500845
126,500692,Apoyo para implementación del Plan Nacional de introducción de vacuna contra COVID-19,"El proyecto tiene la finalidad de apoyar las medidas que el gobierno de Honduras está emprendiendo, a través del proceso de vacunación masiva contra la COVID-19, para evitar la expansión del virus y así reducir el número víctimas mortales e infectados, lo que ayudará a mitigar los efectos negativos en la salud de la población hondureña y la economía nacional.",N/A,Proyecto - Fondos Ordinarios,Garantía Soberana,Cierre,Honduras,Las ambulancias se distribuiran en 16 departamentos de Honduras (solamente La Paz y Atlántida no tienen asignación).,N/A,https://sshome.salud.gob.hn/,SESAL,N/A,N/A,N/A,2021-06-04,2021-03-11,2026-09-11,2021-03-11,35000000,35000000,N/A,N/A,USD,N/A,Recursos Ordinarios,N/A,N/A,N/A,C,NO,N/A,N/A,N/A,N/A,N/A,N/A,N/A,N/A,N/A,N/A,N/A,https://www.bcie.org/proyectos/500692,https://datosabiertos.bcie.org/dataset/impacto-del-desarrollo/resource/75bed7b6-0842-4f86-9235-6c6fd851b0f9,https://www.bcie.org/contactenos,N/A
127,500995,Programa de Apoyo a la Red Hospitalaria (PARH),"El Programa de Apoyo a la Red Hospitalaria (PARH) prevé financiar el diseño, construcción, equipamiento y puesta en marcha de dos hospitales generales localizados en los municipios de Tocoa y Choluteca, departamentos de Colón y Choluteca, respectivamente.",N/A,"Proyecto - Fondos No Reembolsables, Proyecto - Fondos Ordinarios, Proyecto - PRPEES",Garantía Soberana,Ejecución,Honduras,"Aldea San Francisco del Palomar, Parque Industrial Balcanes, Ciudad de Choluteca, Departamento de Choluteca, Colonia Satélite, Ciudad de Tocoa, departamento de Colón.",N/A,https://sshome.salud.gob.hn/,Secretaría de Salud,Infraestructura básica de salud,Salud,N/A,2024-02-27,2023-09-05,2026-09-11,2023-09-05,135000000,54750949.22999,N/A,N/A,USD,N/A,Recursos Ordinarios,N/A,N/A,N/A,B,NO,N/A,N/A,N/A,N/A,N/A,N/A,N/A,N/A,N/A,N/A,N/A,https://www.bcie.org/proyectos/500995,https://datosabiertos.bcie.org/dataset/impacto-del-desarrollo/resource/75bed7b6-0842-4f86-9235-6c6fd851b0f9,https://www.bcie.org/contactenos,https://d-portal.iatistandard.org/ctrack.html?tongue=spa#view=act&aid=XM-DAC-46007-500995
128,500818,Programa de Inversión Social en Seguridad Ciudadana para la Provincia del Chaco,"El objetivo general de la operación es contribuir a mejorar la calidad de la prestación del servicio de seguridad ciudadana, y garantizar estándares mínimos, dignos y seguros, en establecimientos edilicios para las personas en contexto de encierro.",N/A,Proyecto - Fondos Ordinarios,Garantía Soberana,Ejecución,Argentina,"El ámbito de referencia incluye la Ciudad de Resistencia , la Ciudad de Barranqueras, la Ciudad de Presidencia Plaza y la Ciudad de Villa Ángela ( todas ubicadas en la provincia de Chaco, Argentina.",N/A,N/A,"Ministerio de Hacienda y Finanzas en coordinación con Ministerio de Seguridad y Ministerio de Infraestructura, Obras y Servicios Públicos de la Provincia del Chaco",Desarrollo jurídico y judicial,Gobierno y Sociedad Civil,N/A,2024-09-26,2022-06-07,2026-09-11,2022-06-07,15000000,1389682.0,N/A,N/A,USD,N/A,Recursos Ordinarios,N/A,N/A,N/A,B,NO,N/A,N/A,N/A,N/A,N/A,N/A,Acceso a Asistencia Técnica,N/A,"Tasa, Plazo, Monto, Días para aprobar proyecto, Días para desembolso, Disponibilidad ante emergencias, Período de gracia, Otros.","Disponibilidad ante emergencias, Otros, Días para Desembolso, Días para aprobar proyecto, Período Gracia, Monto, Tasa, Plazo, El BCIE aporta valor respecto de: tasa, monto, plazo, período de gracia, días para aprobar el proyecto, entre otros.","El BCIE aporta valor a la operación mediante condiciones financieras competitivas en tasa, monto, plazo y período de gracia, complementadas por procesos ágiles para la aprobación de proyectos y el desembolso de recursos. Asimismo, la disponibilidad de financiamiento ante situaciones de emergencia y otros beneficios asociados a la relación con el Banco fortalecen la flexibilidad financiera, la capacidad de respuesta institucional y el cumplimiento oportuno de los objetivos del cliente.",https://www.bcie.org/proyectos/500818,https://datosabiertos.bcie.org/dataset/impacto-del-desarrollo/resource/75bed7b6-0842-4f86-9235-6c6fd851b0f9,https://www.bcie.org/contactenos,https://d-portal.iatistandard.org/ctrack.html?tongue=spa#view=act&aid=XM-DAC-46007-500818
129,500806,LC - Instituto Costarricense de Electricidad (ICE),Atender necesidades de capital de trabajo del prestatario.,N/A,Línea de Crédito,Garantía No Soberana,Ejecución,Costa Rica,Costa Rica,Costa Rica,https://www.grupoice.com,Instituto Costarricense de Electricidad,Transmisión y distribución de energía eléctrica (redes centralizadas),Distribución de energía,Si,2023-06-08,2023-02-28,2026-09-11,2023-02-28,150000000,0.0,N/A,N/A,USD,N/A,Recursos Ordinarios,N/A,N/A,0,C,NO,N/A,N/A,N/A,N/A,N/A,N/A,N/A,N/A,N/A,N/A,N/A,https://www.bcie.org/proyectos/500806,https://datosabiertos.bcie.org/dataset/impacto-del-desarrollo/resource/75bed7b6-0842-4f86-9235-6c6fd851b0f9,https://www.bcie.org/contactenos,N/A
130,501265,Proyecto Manzanillo Power Land,"Financiar parcialmente el diseño, la construcción y puesta en operación de una central eléctrica de ciclo combinado a base de gas natural, con una capacidad neta de 414 MW y sus obras complementarias, denominada Manzanillo Power Land.",N/A,Préstamo Sindicado,Garantía No Soberana,Aprobación,República Dominicana,República Dominicana,República Dominicana,N/A,"Energía 2000, S. A.",Centrales eléctricas de gas natural,Energía,No,N/A,2026-04-28,2026-09-11,2026-04-28,150000000,0.0,N/A,N/A,USD,N/A,Recursos Ordinarios,N/A,N/A,0,A,NO,N/A,N/A,N/A,N/A,N/A,N/A,N/A,N/A,N/A,N/A,N/A,https://www.bcie.org/proyectos/501265,https://datosabiertos.bcie.org/dataset/impacto-del-desarrollo/resource/75bed7b6-0842-4f86-9235-6c6fd851b0f9,https://www.bcie.org/contactenos,N/A
131,501149,Complejo Educativo y Deportivo Campus San Cristóbal,"El proyecto consiste en el diseño, construcción y operación del complejo educativo y deportivo Campus San Cristóbal (CSC), el cual constará de tres ejes principales: a) Un campus de colegio PK-12 con capacidad de 1,400 estudiantes. b) Un campus universitario con capacidad de 10,000 estudiantes. c) Un campus deportivo con instalaciones deportivas de nivel olímpico.",N/A,Préstamo Sindicado,Garantía No Soberana,Ejecución,Guatemala,Guatemala,Guatemala,N/A,"Corporación Educativa Montesquieu, S.A.",Instalaciones educativas y formación,Educación,No,2024-12-20,2024-10-29,2026-09-11,2024-10-29,11000000,7348103.82999,N/A,N/A,USD,N/A,Recursos Ordinarios,N/A,N/A,0,B,NO,N/A,N/A,N/A,N/A,N/A,N/A,N/A,N/A,N/A,N/A,N/A,https://www.bcie.org/proyectos/501149,https://datosabiertos.bcie.org/dataset/impacto-del-desarrollo/resource/75bed7b6-0842-4f86-9235-6c6fd851b0f9,https://www.bcie.org/contactenos,https://d-portal.iatistandard.org/ctrack.html?tongue=spa#view=act&aid=XM-DAC-46007-501149
132,500887,"Incremento Línea Global de Crédito - Banco Industrial, S.A","Este incremento de la línea estará orientado principalmente a programas de apoyo a la pequeña y mediana empresa (PYME), incluyendo la facilidad de apoyo al sector financiero del Programa de Emergencia de Apoyo y de Preparación ante el COVID-19 y de Reactivación Económica.",N/A,Línea Global de Crédito,Garantía No Soberana,Ejecución,Guatemala,Guatemala,Guatemala,N/A,Banco Industrial S. A.,"Asistencia alimentaria, Protección social, Intermediarios financieros del sector formal","Asistencia Alimentaria para el Desarrollo, Otras Infraestructuras y Servicios Sociales, Servicios Bancarios y Financieros",Si,2023-06-20,2022-11-01,2026-09-11,2022-11-01,100000000,0.0,N/A,N/A,USD,N/A,Recursos Ordinarios,N/A,N/A,0,C,NO,N/A,N/A,N/A,N/A,N/A,N/A,N/A,N/A,N/A,N/A,N/A,https://www.bcie.org/proyectos/500887,https://datosabiertos.bcie.org/dataset/impacto-del-desarrollo/resource/75bed7b6-0842-4f86-9235-6c6fd851b0f9,https://www.bcie.org/contactenos,https://d-portal.iatistandard.org/ctrack.html?tongue=spa#view=act&aid=XM-DAC-46007-500887
133,501226,Programa de Transmisión Eléctrica Etapa I,"El Programa de Transmisión Eléctrica, Etapa I, busca responder a la problemática actual que la República de Honduras enfrenta en su red de transmisión eléctrica, la que presenta limitaciones en su capacidad de transmisión. Lo anterior afecta la cobertura y calidad del suministro de energía eléctrica en diversas regiones del país y tiene incidencia directa en los altos niveles de perdidas técnicas y no técnicas. Busca fortalecer la capacidad de transporte del sistema de transmisión eléctrica nacional mediante la construcción de 2 subestaciones eléctricas,113 kilómetros de líneas de transmisión en 230 kV, 9 kilómetros en 138 kV y 0.5 km en 69kV.","El objetivo general del Programa es el fortalecimiento de la capacidad de transporte del sistema de transmisión eléctrica nacional, por medio de la construcción de aproximadamente 122 km de líneas de transmisión y dos nuevas subestaciones, así como la ampliación de cuatro bahías en subestaciones existentes.",Proyecto - Fondos Ordinarios,Garantía Soberana,Aprobación,Honduras,Honduras,N/A,https://www.enee.hn/,Empresa Nacional de Energía Eléctrica (ENEE),Transmisión y distribución de energía eléctrica (redes centralizadas),Distribución de energía,N/A,N/A,2025-06-11,2026-09-11,2025-06-06,165000000,0.0,N/A,N/A,USD,165000000.00,Recursos Ordinarios,N/A,N/A,N/A,A,SI,Adaptación,1633500.00,0.00,1633500.00,"Esta operación contribuye de manera limitada a la adaptación al cambio climático, ya que el financiamiento climático corresponde a una porción pequeña del total aprobado y está vinculado a evaluar medidas que podrán implementarse para fortalecer la resiliencia del sistema de transmisión eléctrica frente a eventos climáticos extremos.",0.00,Acceso a Asistencia Técnica,N/A,"Tasa, Plazo, Monto, Días para aprobar proyecto, Días para desembolso, Disponibilidad ante emergencias, Período de gracia, Otros.","Plazo, Días para aprobar proyecto, Periodo de gracia, Días para desembolso, Monto","El BCIE agrega valor a la operación mediante plazos y montos acordes a las necesidades del cliente, períodos de gracia favorables y procesos ágiles para la aprobación de proyectos y el desembolso de recursos. Estas condiciones facilitan el acceso oportuno al financiamiento, fortalecen la planificación financiera y contribuyen a la ejecución eficiente de los proyectos e inversiones de la institución.",https://www.bcie.org/proyectos/501226,https://datosabiertos.bcie.org/dataset/impacto-del-desarrollo/resource/75bed7b6-0842-4f86-9235-6c6fd851b0f9,https://www.bcie.org/contactenos,https://d-portal.iatistandard.org/ctrack.html?tongue=spa#view=act&aid=XM-DAC-46007-501226
134,500639,Programa de Fortalecimiento Regional de la Infraestructura Hospitalaria (PFRIH),"El objetivo general del programa es fortalecer la red del sistema de salud de la Caja Costarricense de Seguro Social (CCSS) a través del financiamiento del diseño, construcción, equipamiento y mantenimiento inicial de tres nuevas sedes hospitalarias, lo cual ayudará a mejorar la calidad de servicios hospitalarios y por ende la calidad de vida de la población beneficiaria de la CCSS.",N/A,Proyecto - Fondos Ordinarios,Garantía Soberana,Aprobación,Costa Rica,Costa Rica,N/A,www.ccss.sa.cr,CCSS,N/A,N/A,N/A,N/A,2021-01-20,2026-09-11,2021-01-20,500000000,0.0,N/A,N/A,USD,N/A,Recursos Ordinarios,N/A,N/A,N/A,A,NO,N/A,N/A,N/A,N/A,N/A,N/A,N/A,N/A,N/A,N/A,N/A,https://www.bcie.org/proyectos/500639,https://datosabiertos.bcie.org/dataset/impacto-del-desarrollo/resource/75bed7b6-0842-4f86-9235-6c6fd851b0f9,https://www.bcie.org/contactenos,N/A
135,501239,Programa de Apoyo a la Seguridad Alimentaria en Argentina. Fase IV,"El Programa de Apoyo a la Seguridad Alimentaria en Argentina - Fase IV, se encuentra dirigido a apoyar, de modo que se brinde asistencia alimentaria específicamente a sujetos de derecho que pertenecen a estos hogares: niños/as, adolescentes hasta 17 años, personas con discapacidad y mujeres embarazadas.",El objetivo general del Programa consiste en apoyar a la ejecución del Plan Nacional Argentina contra el Hambre para contribuir a la seguridad alimentaria de familias en situación de vulnerabilidad social en la Argentina.,Proyecto - Fondos Ordinarios,Garantía Soberana,Ejecución,Argentina,en los 2300 gobiernos locales distribuidos a lo largo de las 24 provincias del país.,N/A,https://www.argentina.gob.ar/capital-humano,Ministerio de Capital Humano,Programas de seguridad alimentaria en los hogares,Otros Multisectoriales,N/A,2025-09-29,2025-08-12,2026-09-11,2025-08-12,100000000,99900000,N/A,N/A,USD,100000000.00,Recursos Ordinarios,N/A,N/A,N/A,C,NO,N/A,N/A,N/A,N/A,N/A,N/A,Acceso a Asistencia Técnica,N/A,"Tasa, Plazo, Monto, Días para aprobar proyecto, Días para desembolso, Disponibilidad ante emergencias, Período de gracia, Otros.","Plazo, Días para aprobar proyecto, Periodo de gracia, Días para desembolso, Monto","El BCIE agrega valor a la operación mediante plazos y montos acordes a las necesidades del cliente, períodos de gracia favorables y procesos ágiles para la aprobación de proyectos y el desembolso de recursos. Estas condiciones facilitan el acceso oportuno al financiamiento, fortalecen la planificación financiera y contribuyen a la ejecución eficiente de los proyectos e inversiones de la institución.",https://www.bcie.org/proyectos/501239,https://datosabiertos.bcie.org/dataset/impacto-del-desarrollo/resource/75bed7b6-0842-4f86-9235-6c6fd851b0f9,https://www.bcie.org/contactenos,https://d-portal.iatistandard.org/ctrack.html?tongue=spa#view=act&aid=XM-DAC-46007-501239
136,501111,Incremento de LCR para Entidades Públicas Descentralizadas No. 2310 a cargo de FOVIAL,El destino de la LC es para atender necesidades de capital de trabajo y/o inversiones en activos del prestatario.,N/A,Línea de Crédito,Garantía Soberana,Cierre,El Salvador,El Salvador,N/A,https://www.fovial.gob.sv/,FOVIAL,N/A,N/A,N/A,2024-08-14,2024-04-16,2026-09-11,2024-04-16,150000000,150000000,N/A,N/A,USD,N/A,Recursos Ordinarios,N/A,N/A,N/A,A,NO,N/A,N/A,N/A,N/A,N/A,N/A,N/A,N/A,N/A,N/A,N/A,https://www.bcie.org/proyectos/501111,https://datosabiertos.bcie.org/dataset/impacto-del-desarrollo/resource/75bed7b6-0842-4f86-9235-6c6fd851b0f9,https://www.bcie.org/contactenos,N/A
137,501238,Proyecto Acueducto Múltiple Región Suroeste (ASURO),"El Proyecto Acueducto Múltiple Región Suroeste (ASURO) contempla inversiones para el fortalecimiento y modernización de la infraestructura de agua potable en la región suroeste de la República Dominicana, contribuyendo a mejorar el acceso al servicio y las condiciones de vida de la población beneficiaria.","El objetivo del proyecto es mejorar el acceso al servicio de agua potable en comunidades prioritarias de las provincias de Barahona, Bahoruco e Independencia, mediante el fortalecimiento de la infraestructura de abastecimiento, el aumento de la capacidad de tratamiento y almacenamiento y la implementación de medidas complementarias de sostenibilidad operativa, institucional y ambiental.",Proyecto - Fondos Ordinarios,Garantía Soberana,Aprobación,República Dominicana,"El Proyecto se localiza en la región suroeste de República Dominicana: Barahona, Bahoruco e Independencia.",N/A,https://www.inapa.gob.do/,Instituto Nacional de Aguas Potables y Alcantarillados INAPA,Suministro de agua: grandes sistemas,Abastecimiento de agua y saneamiento,N/A,N/A,2025-07-22,2026-09-11,2025-07-22,80900000,0.0,N/A,N/A,USD,80900000.00,Recursos Ordinarios,N/A,N/A,N/A,A,SI,Mitigación y Adaptación,80900000.00,80900000.00,444950.00,"Esta operación contribuye de manera significativa a la mitigación y a la adaptación al cambio climático, ya que el total del financiamiento total está destinado a mejorar la eficiencia del sistema de abastecimiento de agua, reducir pérdidas, disminuir consumo energético y fortalecer la resiliencia hídrica frente a sequías y eventos extremos.",0.00,Acceso a Asistencia Técnica,Acceso a Asistencia Técnica,"Tasa, Plazo, Monto, Días para aprobar proyecto, Días para desembolso, Disponibilidad ante emergencias, Período de gracia, Otros.","Plazo, Monto","El BCIE agrega valor a la operación mediante plazos y montos de financiamiento acordes a las necesidades del cliente, proporcionando condiciones que favorecen la adecuada planificación financiera y la ejecución eficiente de sus proyectos e iniciativas de desarrollo. Asimismo, el BCIE complementa su financiamiento con asistencia técnica especializada, generando valor agregado",https://www.bcie.org/proyectos/501238,https://datosabiertos.bcie.org/dataset/impacto-del-desarrollo/resource/75bed7b6-0842-4f86-9235-6c6fd851b0f9,https://www.bcie.org/contactenos,https://d-portal.iatistandard.org/ctrack.html?tongue=spa#view=act&aid=XM-DAC-46007-501238
138,500900,Programa de Abastecimiento de Ambulancias para el Sistema de Salud,El objetivo general del programa es fortalecer los servicios de atención a emergencias médicas del sistema de salud de la República Dominicana.,N/A,"Proyecto - Fondos Externos, Proyecto - Fondos Ordinarios",Garantía Soberana,Cancelada,República Dominicana,El programa estará localizado en las 25 provincias y 104 municipios donde el Sistema Nacional de Emergencias 9-1-1 tiene cobertura.,N/A,https://minpre.gob.do/,Ministerio de la Presidencia,Servicios médicos,Salud,N/A,2025-11-17,2022-11-01,2026-09-11,2022-11-01,30000000,0.0,N/A,N/A,USD,N/A,Recursos Ordinarios,N/A,N/A,N/A,C,NO,N/A,N/A,N/A,N/A,N/A,N/A,Acceso a Asistencia Técnica,Acceso a Asistencia Técnica,"Tasa, Plazo, Monto, Días para aprobar proyecto, Días para desembolso, Disponibilidad ante emergencias, Período de gracia, Otros.","Monto, días de aprobación, Otros: fuentas externas","Dentro de los criterios en los que el BCIE aporta valor agregado a esta operación, se incluyen: acceso a asitencia técnica, prestigio del BCIE (apertura para nuevas fuentes), monto y días para aprobar proyecto.",https://www.bcie.org/proyectos/500900,https://datosabiertos.bcie.org/dataset/impacto-del-desarrollo/resource/75bed7b6-0842-4f86-9235-6c6fd851b0f9,https://www.bcie.org/contactenos,https://d-portal.iatistandard.org/ctrack.html?tongue=spa#view=act&aid=XM-DAC-46007-500900
139,500930,Construcción de las Obras Complementarias de Riego y Suministro de Agua de la Presa Montegrande,"El proyecto consiste en construir y desarrollar las obras complementarias de la Presa Montegrande, las cuales incluyen: estudios de preinversión para desarrollar los estudios de factibilidad y diseño final de las obras complementarias de la Presa Montegrande, la construcción de una línea mixta para riego y agua potable, obras de rehabilitación y modernización del Dique Santana, construcción de tubería para suministro de agua potable, así como también la construcción y puesta en operación de una central hidroeléctrica",N/A,Proyecto - Fondos Ordinarios,Garantía Soberana,Ejecución,República Dominicana,"El proyecto se encuentra localizado en la zona de influencia de la presa Montegrande, dentro de la cuenca baja del Río Yaque del Sur al suroeste de República Dominicana. Provincias de Barahona, Independencia y Bahoruco",N/A,https://indrhi.gob.do/,INSTITUTO NACIONAL DE RECURSOS HIDRÁULICOS (INDRHI),"Recursos hídricos agrícolas, Centrales hidroeléctricas, Reducción del Riesgo de Desastres, Suministro de agua: grandes sistemas","Abastecimiento de agua y saneamiento, Agricultura, Energía, Otros Multisectoriales",N/A,2023-12-21,2023-02-15,2026-09-11,2023-02-15,236926411.00000006,37000000,N/A,N/A,USD,N/A,Recursos Ordinarios,N/A,N/A,N/A,A,NO,N/A,N/A,N/A,N/A,N/A,N/A,N/A,N/A,N/A,N/A,N/A,https://www.bcie.org/proyectos/500930,https://datosabiertos.bcie.org/dataset/impacto-del-desarrollo/resource/75bed7b6-0842-4f86-9235-6c6fd851b0f9,https://www.bcie.org/contactenos,https://d-portal.iatistandard.org/ctrack.html?tongue=spa#view=act&aid=XM-DAC-46007-500930
140,500891,OPD para apoyar acciones de política y resultados de desarrollo,"El objetivo de desarrollo de la OPD es apoyar la recuperación económica resiliente y la descarbonización del desarrollo con énfasis en la mejora del desempeño operativo del sector eléctrico, transición energética sostenible, impulso a la acción climática y fortalecimiento de la transparencia de la información pública para el desarrollo sostenible.",N/A,OPD - Fondos Ordinarios,Garantía Soberana,Cierre,Honduras,Honduras,N/A,https://www.sefin.gob.hn/,Secretaría de Estado en el Despacho de Finanzas (SEFIN),Política energética y gestión administrativa,N/A,N/A,2022-12-02,2022-09-20,2026-09-11,2022-09-20,250000000,250000000,N/A,N/A,USD,N/A,Recursos Ordinarios,N/A,N/A,N/A,C,NO,N/A,N/A,N/A,N/A,N/A,N/A,Acceso a Asistencia Técnica,N/A,"Tasa, Plazo, Monto, Días para aprobar proyecto, Días para desembolso, Disponibilidad ante emergencias, Período de gracia, Otros.","Días para Desembolso, Tasa, Período Gracia, Días para aprobar proyecto, Prestigio del BCIE (Apertura para nuevas fuentes), Plazo, Monto, Disponibilidad ante crisis","El BCIE agrega valor a la operación mediante una tasa competitiva, períodos de gracia favorables, plazos y montos acordes a las necesidades del cliente, complementados por procesos ágiles para la aprobación de proyectos y el desembolso de recursos. Asimismo, el prestigio y sólido respaldo institucional del BCIE facilitan la apertura y diversificación de nuevas fuentes de financiamiento, mientras que la disponibilidad de apoyo financiero ante situaciones de crisis fortalece la resiliencia y capacidad de respuesta de la institución.",https://www.bcie.org/proyectos/500891,https://datosabiertos.bcie.org/dataset/impacto-del-desarrollo/resource/75bed7b6-0842-4f86-9235-6c6fd851b0f9,https://www.bcie.org/contactenos,https://d-portal.iatistandard.org/ctrack.html?tongue=spa#view=act&aid=XM-DAC-46007-500891
141,500698,"LGC - Banco Ficohsa Guatemala, S.A.","Los recursos de esta línea financiarán actividades de importación y exportación de materias primas e insumos, productos primarios y manufacturados, así como capital para cubrir los períodos de pre y post embarque, a fin de facilitar la exportación de los productos y la incorporación de bienes y servicios que contribuyan al desarrollo de la región. También se canalizarán recursos a favor de pequeños y medianos empresarios como parte de la  Facilidad de Apoyo a la MIPYME.",N/A,Línea Global de Crédito,Garantía No Soberana,Cancelada,Guatemala,Guatemala,Guatemala,N/A,"Banco Ficohsa Guatemala, S.A.",N/A,N/A,No,2023-06-09,2023-03-01,2026-09-11,2023-03-01,15000000,0.0,N/A,N/A,USD,N/A,Recursos Ordinarios,N/A,N/A,0,C,NO,N/A,N/A,N/A,N/A,N/A,N/A,N/A,N/A,N/A,N/A,N/A,https://www.bcie.org/proyectos/500698,https://datosabiertos.bcie.org/dataset/impacto-del-desarrollo/resource/75bed7b6-0842-4f86-9235-6c6fd851b0f9,https://www.bcie.org/contactenos,N/A
142,500610,Programa de Apoyo a Medidas de Recuperación Económica Implementadas en beneficio de las Empresas y el Empleo afectados por el COVID-19,"El financiamiento solicitado va dirigido a apoyar al Gobierno de la República de El Salvador (GOES) en la implementación de las medidas económicas destinadas a atenuar los impactos negativos en la economía derivados de la Pandemia COVID-19; específicamente se estaría financiando una medida de alivio denominado Programa de Apoyo a Medidas de Recuperación Económica Implementadas en beneficio de las Empresas y el Empleo afectados por el COVID-19 (el Programa), que consiste en un conjunto de tres subprogramas de apoyo financiero a las empresas afectadas por la pandemia, con prioridad en las micro, pequeñas y medianas empresas (mipyme).",N/A,Proyecto - Fondos Ordinarios,Garantía Soberana,Cierre,El Salvador,El Salvador,N/A,https://www.mh.gob.sv/,Ministerio de Hacienda,N/A,N/A,N/A,2021-07-20,2021-04-27,2026-09-11,2021-04-27,600000000,600000000,N/A,N/A,USD,N/A,Recursos Ordinarios,N/A,N/A,N/A,B,NO,N/A,N/A,N/A,N/A,N/A,N/A,N/A,N/A,N/A,N/A,N/A,https://www.bcie.org/proyectos/500610,https://datosabiertos.bcie.org/dataset/impacto-del-desarrollo/resource/75bed7b6-0842-4f86-9235-6c6fd851b0f9,https://www.bcie.org/contactenos,N/A
143,500920,"LGC - Banco de Occidente, S. A., de la República de Honduras","Los recursos solicitados se destinarán principalmente, pero no limitado, al financiamiento de la Facilidad de Apoyo a la Micro, Pequeña y Mediana Empresa (MIPYME) (86.3%), Fomento a Sectores Productivos (7.5%), Financiamiento de Estructura Municipal (5.0%) y Financiamiento para Comercio Exterior (1.2%).",N/A,Línea Global de Crédito,Garantía No Soberana,Aprobación,Honduras,Honduras,Honduras,N/A,"Banco de Occidente, S.A.",N/A,N/A,Si,2023-11-30,2023-03-28,2026-09-11,2023-03-28,20000000,0.0,N/A,N/A,USD,N/A,Recursos Ordinarios,N/A,N/A,0,A,NO,N/A,N/A,N/A,N/A,N/A,N/A,N/A,N/A,N/A,N/A,N/A,https://www.bcie.org/proyectos/500920,https://datosabiertos.bcie.org/dataset/impacto-del-desarrollo/resource/75bed7b6-0842-4f86-9235-6c6fd851b0f9,https://www.bcie.org/contactenos,N/A
144,500868,"Préstamo Estructurado - Financiamiento para la adquisición de la Compañía de Seguros América, S.A.","Financiar parcialmente la adquisición de Compañía de Seguros América, S.A., de la República de Nicaragua, por parte del prestatario.",N/A,Línea de Crédito,Garantía No Soberana,Cierre,Panamá,Panamá,Panamá,N/A,Interamericana Holding Group S.A.,Intermediarios financieros del sector formal,Servicios Bancarios y Financieros,No,2023-01-10,2022-09-20,2026-09-11,2022-09-20,10000000,10000000,N/A,N/A,USD,N/A,Recursos Ordinarios,N/A,N/A,0,C,NO,N/A,N/A,N/A,N/A,N/A,N/A,Acceso a Asistencia Técnica,N/A,"Tasa, Plazo, Monto, Días para aprobar proyecto, Días para desembolso, Disponibilidad ante emergencias, Período de gracia, Otros.","Días para Desembolso, Tasa, Período Gracia, Días para aprobar proyecto, Plazo, Monto","El BCIE agrega valor a la operación mediante una tasa competitiva, períodos de gracia favorables, plazos y montos acordes a las necesidades del cliente, complementados por procesos ágiles para la aprobación de proyectos y el desembolso de recursos. Estas condiciones facilitan el acceso oportuno al financiamiento, fortalecen la flexibilidad financiera y contribuyen al cumplimiento eficiente de los objetivos de inversión y desarrollo de la institución.",https://www.bcie.org/proyectos/500868,https://datosabiertos.bcie.org/dataset/impacto-del-desarrollo/resource/75bed7b6-0842-4f86-9235-6c6fd851b0f9,https://www.bcie.org/contactenos,https://d-portal.iatistandard.org/ctrack.html?tongue=spa#view=act&aid=XM-DAC-46007-500868
145,501305,Proyecto Represa Multipropósito Quiebra Montes,"La Represa Quiebra Montes forma parte de las acciones orientadas al abastecimiento de agua potable para-Tegucigalpa y el control de inundaciones, en el marco del fortalecimiento de la gestión del recurso hídrico y la resiliencia ante eventos climáticos extremos.",N/A,Proyecto - Fondos Ordinarios,Garantía Soberana,Aprobación,Honduras,Honduras,N/A,N/A,Secretaría de Infraestructura y Transporte (SIT),Desarrollo de cuencas hidrográficas; Reducción del Riesgo de Desastres; Suministro de agua: grandes sistemas,Abastecimiento de agua y saneamiento; Otros Multisectoriales,N/A,N/A,2026-08-19,2026-09-11,2026-08-19,182000000,0.0,N/A,N/A,USD,N/A,Recursos Ordinarios,N/A,N/A,N/A,A,NO,N/A,N/A,N/A,N/A,N/A,N/A,N/A,N/A,N/A,N/A,N/A,https://www.bcie.org/proyectos/501305,https://datosabiertos.bcie.org/dataset/impacto-del-desarrollo/resource/75bed7b6-0842-4f86-9235-6c6fd851b0f9,https://www.bcie.org/contactenos,N/A
146,500761,Programa de Reducción de Brecha Digital en Centros Escolares,"El objetivo general del programa es universalizar el acceso a las tecnologías de la información y comunicación de los estudiantes y docentes del sistema público nacional, en apoyo a los aprendizajes y a los procesos administrativos.",N/A,Proyecto - Fondos Ordinarios,Garantía Soberana,Cierre,El Salvador,El Salvador,N/A,https://www.mined.gob.sv/,Ministerio de Educación Ciencia y Tecnología,N/A,N/A,N/A,2021-12-02,2021-11-18,2026-09-11,2021-11-03,214700000,209568449.19,N/A,N/A,USD,N/A,Recursos Ordinarios,N/A,N/A,N/A,N/A,NO,N/A,N/A,N/A,N/A,N/A,N/A,N/A,N/A,N/A,N/A,N/A,https://www.bcie.org/proyectos/500761,https://datosabiertos.bcie.org/dataset/impacto-del-desarrollo/resource/75bed7b6-0842-4f86-9235-6c6fd851b0f9,https://www.bcie.org/contactenos,N/A
147,500857,Programa Temporal de Apoyo ante la Crisis de los Combustibles en Costa Rica,Los fondos provenientes del préstamo serán utilizados por el prestatario exclusivamente para financiar la implementación del Programa Temporal de Apoyo ante la Crisis de los Combustibles.,N/A,P. Combustibles - Fondos Ordinarios,Garantía Soberana,Aprobación,Costa Rica,Costa Rica,N/A,https://www.hacienda.go.cr/,Ministerio de Hacienda,N/A,N/A,N/A,N/A,2022-06-03,2026-09-11,2022-06-03,200000000,0.0,N/A,N/A,USD,N/A,Recursos Ordinarios,N/A,N/A,N/A,C,NO,N/A,N/A,N/A,N/A,N/A,N/A,N/A,N/A,"Tasa, Plazo, Monto, Días para aprobar proyecto, Días para desembolso, Disponibilidad ante emergencias, Período de gracia, Otros.","Tasa, plazo, monto, días para aprobar, dias para desembolso","Dentro de los criterios en los que el BCIE aporta valor agregado a esta operación, se incluyen: tasa, plazo, monto, días para aprobar la intervención y días para desembolsar.",https://www.bcie.org/proyectos/500857,https://datosabiertos.bcie.org/dataset/impacto-del-desarrollo/resource/75bed7b6-0842-4f86-9235-6c6fd851b0f9,https://www.bcie.org/contactenos,https://d-portal.iatistandard.org/ctrack.html?tongue=spa#view=act&aid=XM-DAC-46007-500857
148,501291,Corredor de las Playas II Tramo (CPA El Espino- Sajalices) y Variante Campana,"Ampliación de la carretera Panamericana en un tramo de aproximadamente 20 kilómetros, desde la entrada de Hacienda Los Calderones en La Chorrera (El Espino) hasta el puente sobre el río Sajalices (Chame)",N/A,Préstamo Estructurado,Garantía Soberana,Aprobación,Panamá,Panamá,N/A,N/A,BICSA Factoring,Transporte por carretera,Transporte y almacenamiento,N/A,N/A,2026-04-28,2026-09-11,2026-04-28,135000000,0.0,N/A,N/A,USD,N/A,Recursos Ordinarios,N/A,N/A,N/A,A,NO,N/A,N/A,N/A,N/A,N/A,N/A,N/A,N/A,N/A,N/A,N/A,https://www.bcie.org/proyectos/501291,https://datosabiertos.bcie.org/dataset/impacto-del-desarrollo/resource/75bed7b6-0842-4f86-9235-6c6fd851b0f9,https://www.bcie.org/contactenos,N/A
149,500832,Proyecto de Construcción de la Línea 2C del Metro de Santo Domingo,"El objetivo general es disponer de un transporte eficiente, para interconectar la zona de Santo Domingo Oeste con la ampliación de la Línea 2C del Metro de Santo Domingo, incrementando los niveles de satisfacción del transporte con infraestructura de calidad acorde a los niveles de confiabilidad, reduciendo la contaminación ambiental, el gasto familiar, la inseguridad y favoreciendo la descongestión vehicular.",N/A,Proyecto - Fondos Ordinarios,Garantía Soberana,Ejecución,República Dominicana,"Ubicado en las zonas del Gran Santo Domingo, impactando su construcción directamente los municipios de Santo Domingo Oeste, Los Alcarrizos y el Distrito Nacional",N/A,https://www.opret.gob.do/,Oficina para el Reordenamiento del Transporte (OPRET),Transporte ferroviario,Transporte y almacenamiento,N/A,2023-12-02,2022-06-03,2026-09-11,2022-06-03,250000000,209938050.8,N/A,N/A,USD,N/A,Recursos Ordinarios,N/A,N/A,N/A,A,NO,N/A,N/A,N/A,N/A,N/A,N/A,Acceso a Asistencia Técnica,Acceso a Asistencia Técnica,"Tasa, Plazo, Monto, Días para aprobar proyecto, Días para desembolso, Disponibilidad ante emergencias, Período de gracia, Otros.","Acceso a asitencia técnica, Días para aprobar proyecto, Prestigio del BCIE (Apertura para nuevas fuentes), Monto","El BCIE agrega valor a la operación mediante el acceso a asistencia técnica especializada, procesos ágiles para la aprobación de proyectos y montos de financiamiento acordes a las necesidades del cliente. Asimismo, el prestigio y respaldo institucional del BCIE facilitan la apertura y diversificación de nuevas fuentes de financiamiento, fortaleciendo las capacidades de desarrollo y sostenibilidad financiera de la institución. Asimismo, el BCIE complementa su financiamiento con asistencia técnica especializada, generando valor agregado",https://www.bcie.org/proyectos/500832,https://datosabiertos.bcie.org/dataset/impacto-del-desarrollo/resource/75bed7b6-0842-4f86-9235-6c6fd851b0f9,https://www.bcie.org/contactenos,https://d-portal.iatistandard.org/ctrack.html?tongue=spa#view=act&aid=XM-DAC-46007-500832
150,501193,Línea Global de Crédito - Crédito Hipotecario Nacional de Guatemala (CHN),"Línea de crédito revolvente por un monto de USD 60,000,000.00 para financiar operaciones que se enmarquen dentro de los programas de intermediación financiera del BCIE.",La operación tiene como objetivo financiar o realizar operaciones que se enmarquen en los programas de intermediación financiera del BCIE para los que el prestatario sea elegible según las estipulaciones contenidas en cada programa.,Línea Global de Crédito,Garantía No Soberana,Aprobación,Guatemala,Guatemala,Guatemala,https://www.chn.com.gt/,El Crédito Hipotecario Nacional,Intermediarios financieros del sector formal,Servicios Bancarios y Financieros,No,N/A,2025-08-12,2026-09-11,2025-08-12,60000000,0.0,N/A,N/A,USD,60000000.00,Recursos Ordinarios,N/A,N/A,0,C,NO,N/A,N/A,N/A,N/A,N/A,N/A,Acceso a Asistencia Técnica,Acceso a Asistencia Técnica,"Tasa, Plazo, Monto, Días para aprobar proyecto, Días para desembolso, Disponibilidad ante emergencias, Período de gracia, Otros, Revolvencia","Monto, Revolvencia, Plazo","Los principales criterios en los que el BCIE aporta valor agregados son en el monto de la transacción ya que esta es la primera línea de carácter internacional y multilateral de Banco CHN, asímismo la capacidad de resolvencia de la línea que facilicita su utilización en el largo plazo. Adicionalmente, con el uso de los recursos Banco CHN tendrá la posiblidad de acceder a Asitencia Técnica.",https://www.bcie.org/proyectos/501193,https://datosabiertos.bcie.org/dataset/impacto-del-desarrollo/resource/75bed7b6-0842-4f86-9235-6c6fd851b0f9,https://www.bcie.org/contactenos,https://d-portal.iatistandard.org/ctrack.html?tongue=spa#view=act&aid=XM-DAC-46007-501193
151,501138,Programa Surf City - Fase I,"El Programa consiste en mejorar las condiciones de movilidad urbana, turística y logística; y la gestión de los recursos naturales a través del saneamiento básico de aguas residuales en el corredor de la Carretera Litoral (CA02), y en consecuencia, estimular los esfuerzos de desarrollo humano, productivo y turístico para contribuir a la mejora de la calidad de vida de las personas.",N/A,Proyecto - Fondos Ordinarios,Garantía Soberana,Ejecución,El Salvador,"Proyecto 1: Ampliación de Carretera CA02W – tramo II: Es un tramo de la carretera del Litoral y se ubica en los distritos de La Libertad y Tamanique, ambos en el municipio de La Libertad Costa, departamento de La Libertad. Planta de tratamiento de aguas residuales: Lotificación Choconuzco, Block B lotes 3 y 4, cantón San Alfonso, distrito de Tamanique, municipio de La Libertad Costa, departamento de La Libertad. Construcción de intercambiador en Corredor Pacífico, intersección entre carretera Litoral CA02W y Carretera a Acajutla CA12S (Kilo 5), Distrito de Acajutla, Departamento de Sonsonate. Su nombre indica la ubicación",N/A,https://www.mop.gob.sv/,MOPT,"Transporte por carretera, Saneamiento - grandes sistemas","Abastecimiento de agua y saneamiento, Transporte y almacenamiento",N/A,2025-03-25,2024-09-24,2026-09-11,2024-07-22,113900000,34454750,N/A,N/A,USD,N/A,Recursos Ordinarios,N/A,N/A,N/A,A,NO,N/A,N/A,N/A,N/A,N/A,N/A,N/A,N/A,N/A,N/A,N/A,https://www.bcie.org/proyectos/501138,https://datosabiertos.bcie.org/dataset/impacto-del-desarrollo/resource/75bed7b6-0842-4f86-9235-6c6fd851b0f9,https://www.bcie.org/contactenos,https://d-portal.iatistandard.org/ctrack.html?tongue=spa#view=act&aid=XM-DAC-46007-501138
152,500712,Programa de Vivienda y Vida Digna (PROVIDA) - Fondo Social para la Vivienda,"Tiene como objetivo apoyar a los hogares de bajos ingresos para que tengan acceso a una solución habitacional, a través del financiamiento en condiciones diferenciadas para comprar o construir una vivienda en los departamentos con mayor índice de pobreza multidimensional.",N/A,Proyecto - PRPEES,Garantía Soberana,Cierre,El Salvador,"Guatemala ,Petén ,Quetzaltenango ,El Progreso ,Baja Verapaz,Chiquimula ,Quiché ,San Macos,San Marcos ,Jutiapa ,Santa Rosa ,Retalhuleu,Sololá ,Suchitepéquez,Alta Verapaz ,Huehuetenango ,Izabal ,,Huehuetenango,Quetzaltenango,Quiché,San Marcos,Sololá,Santa Rosa,Chiquimula,Jalapa,Escuintla,Chimaltenango",N/A,https://portal.fsv.gob.sv,FSV,N/A,N/A,N/A,2021-08-26,2021-06-29,2026-09-11,2021-06-29,50000000,50000000,N/A,N/A,USD,N/A,Recursos Ordinarios,N/A,N/A,N/A,B,NO,N/A,N/A,N/A,N/A,N/A,N/A,N/A,N/A,N/A,N/A,N/A,https://www.bcie.org/proyectos/500712,https://datosabiertos.bcie.org/dataset/impacto-del-desarrollo/resource/75bed7b6-0842-4f86-9235-6c6fd851b0f9,https://www.bcie.org/contactenos,N/A
153,501105,OPD para apoyo a la transición energética e impulso de la acción climática de la República de Panamá,El objetivo de esta OPD es apoyar a la República de Panamá en la transición energética ante el cambio climático.,N/A,OPD - Fondos Ordinarios,Garantía Soberana,Cierre,Panamá,Panamá,N/A,https://www.mef.gob.pa/en/,Ministerio de Economía y Finanzas,N/A,N/A,N/A,2024-06-05,2024-03-12,2026-09-11,2024-03-12,240000000,240000000,N/A,N/A,USD,N/A,Recursos Ordinarios,N/A,N/A,N/A,C,NO,N/A,N/A,N/A,N/A,N/A,N/A,N/A,N/A,N/A,N/A,N/A,https://www.bcie.org/proyectos/501105,https://datosabiertos.bcie.org/dataset/impacto-del-desarrollo/resource/75bed7b6-0842-4f86-9235-6c6fd851b0f9,https://www.bcie.org/contactenos,N/A
154,501290,Programa de Infraestructura Vial y Movilidad Urbana (PIVMU) - Fase 2,"El programa consiste en la construcción del corredor norte del Área Metropolitana de San Salvador y de la ampliación y mejoramiento de la carretera RN13W, tramo desvío Atiquizaya desvío Bypass Ahuachapán.",N/A,Proyecto - Fondos Ordinarios,Garantía Soberana,Ejecución,El Salvador,El Salvador,N/A,N/A,Ministerio de Obras Públicas y de Transporte,Desarrollo y gestión urbana; Reducción del Riesgo de Desastres; Transporte por carretera,Otros Multisectoriales; Transporte y almacenamiento,N/A,2026-07-31,2026-04-28,2026-09-11,2026-04-15,155000000,0.0,N/A,N/A,USD,N/A,Recursos Ordinarios,N/A,N/A,N/A,A,NO,N/A,N/A,N/A,N/A,N/A,N/A,N/A,N/A,N/A,N/A,N/A,https://www.bcie.org/proyectos/501290,https://datosabiertos.bcie.org/dataset/impacto-del-desarrollo/resource/75bed7b6-0842-4f86-9235-6c6fd851b0f9,https://www.bcie.org/contactenos,N/A
155,501224,Incremento de línea de crédito revolvente para Entidades Públicas Descentralizadas No. 2310 a cargo del Fondo de Conservación Vial (FOVIAL),"Atender necesidades de capital de trabajo del prestatario, quien tiene como responsabilidad principal realizar un nivel adecuado de servicio de conservación en la red vial nacional prioritaria mantenible y en la red vial urbana prioritaria mantenible, así como el desarrollo de infraestructura considerada clave para el engranaje de la red vial.",Apoyar al Fondo de Conservación Vial (FOVIAL) en la conservación y mejoramiento de la infraestructura vial nacional y urbana de la República de El Salvador.,Línea de Crédito,Garantía Soberana,Cierre,El Salvador,El Salvador,N/A,https://www.fovial.gob.sv/,Fondo de Conservación Vial,Transporte por carretera,Transporte y almacenamiento,N/A,2025-08-22,2025-05-27,2026-09-11,2025-05-27,150000000,149999999.99999002,N/A,N/A,USD,150000000.00,Recursos Ordinarios,N/A,N/A,N/A,A,NO,N/A,N/A,N/A,N/A,N/A,N/A,Acceso a Asistencia Técnica,N/A,"Tasa, Plazo, Monto, Días para aprobar proyecto, Días para desembolso, Disponibilidad ante emergencias, Período de gracia, Otros.","Tasa, plazo, monto, días para desembolso, disponibilidad ante emergencias","El BCIE aporta valor agregar a la operación mediante: la tasa, Plazo, Monto, días para desembolso y disponibilidad ante emergencias.",https://www.bcie.org/proyectos/501224,https://datosabiertos.bcie.org/dataset/impacto-del-desarrollo/resource/75bed7b6-0842-4f86-9235-6c6fd851b0f9,https://www.bcie.org/contactenos,https://d-portal.iatistandard.org/ctrack.html?tongue=spa#view=act&aid=XM-DAC-46007-501224
156,501282,Proyecto de Seguridad Integral y Gestión de Movilidad Avanzada (SIGMA),"Fortalecer la capacidad de respuesta del Ministerio de Seguridad Pública, mediante la adquisición de equipamiento que optimice la movilidad institucional y robustezca la presencia preventiva y oportuna de los cuerpos policiales con el fin de consolidar entornos más seguros y mejorar la seguridad ciudadana en todo el territorio nacional",N/A,Proyecto - Fondos Ordinarios,Garantía Soberana,Aprobación,Costa Rica,Costa Rica,N/A,N/A,Ministerio de Seguridad Pública,Desarrollo jurídico y judicial,Gobierno y Sociedad Civil,N/A,N/A,2026-02-25,2026-09-11,2026-02-25,150000000,0.0,N/A,N/A,USD,N/A,Recursos Ordinarios,N/A,N/A,N/A,B,NO,N/A,N/A,N/A,N/A,N/A,N/A,N/A,N/A,N/A,N/A,N/A,https://www.bcie.org/proyectos/501282,https://datosabiertos.bcie.org/dataset/impacto-del-desarrollo/resource/75bed7b6-0842-4f86-9235-6c6fd851b0f9,https://www.bcie.org/contactenos,N/A
157,500940,Programa de Apoyo al Plan Nacional Argentina contra el Hambre II - Alimentar,El objetivo general del Programa consiste en apoyar a la ejecución del Plan Nacional Argentina contra el Hambre para contribuir a la seguridad alimentaria de familias en situación de vulnerabilidad social en la Argentina,N/A,Proyecto - Fondos Ordinarios,Garantía Soberana,Ejecución,Argentina,en los 2300 gobiernos locales distribuidos a lo largo de las 24 provincias del país.,N/A,https://www.argentina.gob.ar/capital-humano,Ministerio de Capital Humano,Programas de seguridad alimentaria en los hogares,Otros Multisectoriales,N/A,2023-03-17,2023-03-01,2026-09-11,2023-03-01,400000000,396049000,N/A,N/A,USD,N/A,Recursos Ordinarios,N/A,N/A,N/A,A,NO,N/A,N/A,N/A,N/A,N/A,N/A,N/A,N/A,N/A,N/A,N/A,https://www.bcie.org/proyectos/500940,https://datosabiertos.bcie.org/dataset/impacto-del-desarrollo/resource/75bed7b6-0842-4f86-9235-6c6fd851b0f9,https://www.bcie.org/contactenos,https://d-portal.iatistandard.org/ctrack.html?tongue=spa#view=act&aid=XM-DAC-46007-500940
158,501074,Programa de Fortalecimiento del Sistema Nacional de Comprobación Técnica de Emisiones (SNCTE),"El Programa comprende los recursos necesarios para modernizar y ampliar las capacidades institucionales y operativas del Ente Nacional de Comunicaciones (ENACOM), de modo que éste pueda administrar, regular y monitorear el uso y aprovechamiento del espectro radioeléctrico  argentino de una manera más eficaz y fiable.",N/A,Proyecto - Fondos Ordinarios,Garantía Soberana,Aprobación,Argentina,Argentina,N/A,https://www.argentina.gob.ar/jefatura,Jefatura de Gabinete de Ministros de la Nación,N/A,N/A,N/A,N/A,2023-10-23,2026-09-11,2023-10-23,40000000,0.0,N/A,N/A,USD,N/A,Recursos Ordinarios,N/A,N/A,N/A,C,NO,N/A,N/A,N/A,N/A,N/A,N/A,N/A,N/A,N/A,N/A,N/A,https://www.bcie.org/proyectos/501074,https://datosabiertos.bcie.org/dataset/impacto-del-desarrollo/resource/75bed7b6-0842-4f86-9235-6c6fd851b0f9,https://www.bcie.org/contactenos,N/A
159,501271,Programa de Conectividad y Desarrollo Vial de la Provincia de Entre Ríos (CONDVER),Los recursos serán destinados a la ejecución de obras viales prioritarias que incluyen la rehabilitación de un tramo carretero y pavimentación de un segundo tramo lo que brindaría un acceso más ágil y de mayor calidad.,El objetivo general del Programa es contribuir al desarrollo socioeconómico y la integración territorial de la Provincia de Entre Ríos a través del fortalecimiento de la infraestructura vial provincial.,Proyecto - Fondos Ordinarios,Garantía Soberana,Aprobación,Argentina,Argentina,N/A,https://portal.entrerios.gov.ar/infraestructura/unidadejecutoraprovincial/inicio,Unidad Ejecutora Provincial (UEP),Educación y formación en transporte y almacenamiento; Reducción del Riesgo de Desastres; Transporte por carretera,Otros Multisectoriales; Transporte y almacenamiento,N/A,N/A,2025-11-12,2026-09-11,2025-11-12,27500000,0.0,N/A,N/A,USD,27500000.00,Recursos Ordinarios,N/A,N/A,N/A,A,SI,Adaptación,275000.00,0.00,275000.00,"Esta operación contribuye de manera limitada a la adaptación al cambio climático, dado que el monto de financiamiento climático es reducido en relación con el total aprobado y está asociado a evaluar la potencial implementación de medidas específicas para reducir la vulnerabilidad de la infraestructura vial frente a inundaciones y eventos extremos.",0.00,N/A,N/A,N/A,N/A,N/A,https://www.bcie.org/proyectos/501271,https://datosabiertos.bcie.org/dataset/impacto-del-desarrollo/resource/75bed7b6-0842-4f86-9235-6c6fd851b0f9,https://www.bcie.org/contactenos,https://d-portal.iatistandard.org/ctrack.html?tongue=spa#view=act&aid=XM-DAC-46007-501271
160,500650,"LGC - Banco Atlántida El Salvador, S. A.",El objetivo es financiar operaciones que se enmarquen en los diferentes programas de intermediación financiera del BCIE con énfasis en los programas de apoyo a la MIPYME y eficiencia energética y energías renovables.,N/A,Línea Global de Crédito,Garantía No Soberana,Ejecución,El Salvador,El Salvador,El Salvador,N/A,"Banco Atlántida El Salvador, S. A.",N/A,N/A,No,2021-04-22,2021-02-24,2026-09-11,2021-02-24,20000000,24158000,N/A,N/A,USD,N/A,Recursos Ordinarios,N/A,N/A,0,B,NO,N/A,N/A,N/A,N/A,N/A,N/A,N/A,N/A,N/A,N/A,N/A,https://www.bcie.org/proyectos/500650,https://datosabiertos.bcie.org/dataset/impacto-del-desarrollo/resource/75bed7b6-0842-4f86-9235-6c6fd851b0f9,https://www.bcie.org/contactenos,N/A
161,501227,Operación de Política de Desarrollo (OPD) para el impulso de la acción climática y conservación del capital natural,"Tiene el propósito de continuar apoyando al país en el fortalecimiento de la agenda de acción climática, finanzas sostenibles y sostenibilidad ambiental en Colombia. Esto por medio de la implementación de reformas institucionales, normativas y técnicas que consoliden un marco habilitante para la descarbonización, la adaptación al cambio climático y la protección del capital natural.","El objetivo es fortalecer la capacidad del Estado para implementar de manera efectiva su agenda climática y ambiental, mediante reformas normativas, institucionales y técnicas que aceleren la descarbonización, la adaptación al cambio climático y la conservación de los ecosistemas estratégicos.",OPD - Fondos Ordinarios,Garantía Soberana,Cierre,Colombia,Esta operación comprende el financiamiento de una iniciativa de gobierno a nivel país.,N/A,https://www.minhacienda.gov.co/,Ministerio de Hacienda y Crédito Público/Departamento Nacional de Planeación,Política ambiental y gestión administrativa,Protección General del Medio Ambiente,N/A,2026-04-24,2025-08-12,2026-09-11,2025-08-12,75000000,75000000,N/A,N/A,USD,75000000.00,Recursos Ordinarios,N/A,N/A,N/A,C,SI,Mitigación y Adaptación,30000000.00,15000000.00,15000000.00,"Esta operación contribuye de manera significativa a la mitigación y a la adaptación al cambio climático, dado que una proporción relevante del financiamiento total está destinada a fortalecer políticas públicas, capacidades institucionales y condiciones habilitantes para la acción climática y la conservación del capital natural.",0.00,Acceso a Asistencia Técnica,N/A,"Tasa, Plazo, Monto, Días para aprobar proyecto, Días para desembolso, Disponibilidad ante emergencias, Período de gracia, Otros.","Plazo, Días para aprobar proyecto, Tasa","El BCIE agrega valor a la operación mediante una tasa competitiva, plazos acordes a las necesidades del cliente y procesos ágiles para la aprobación de proyectos. Estas condiciones facilitan el acceso oportuno al financiamiento, fortalecen la planificación financiera y contribuyen a la ejecución eficiente de los objetivos de inversión y desarrollo de la institución.",https://www.bcie.org/proyectos/501227,https://datosabiertos.bcie.org/dataset/impacto-del-desarrollo/resource/75bed7b6-0842-4f86-9235-6c6fd851b0f9,https://www.bcie.org/contactenos,https://d-portal.iatistandard.org/ctrack.html?tongue=spa#view=act&aid=XM-DAC-46007-501227
162,501142,Programa de Mejoramiento y Ampliación en 4 Sistemas de Agua Potable en 5 Ciudades de Nicaragua,"El objetivo general del Programa es contribuir a aumentar el nivel de vida de la población de las ciudades atendidas, mediante la ampliación y mejoramiento de sistemas de agua potable con mejoras en la continuidad, eficiencia y calidad del servicio, de forma compatible con el medio ambiente.",N/A,"Proyecto - Fondos Ordinarios, Proyecto - PRPEES",Garantía Soberana,Ejecución,Nicaragua,"Ocotal, Camoapa, Diriamba, San Jorge y Buenos Aires (municipio de Rivas).",N/A,https://www.enacal.com.ni/,ENACAL,Suministro de agua: grandes sistemas,Abastecimiento de agua y saneamiento,N/A,2025-04-03,2024-09-23,2026-09-11,2024-07-24,130000000,356261.68,N/A,N/A,USD,N/A,Recursos Ordinarios,N/A,N/A,N/A,A,NO,N/A,N/A,N/A,N/A,N/A,N/A,N/A,N/A,N/A,N/A,N/A,https://www.bcie.org/proyectos/501142,https://datosabiertos.bcie.org/dataset/impacto-del-desarrollo/resource/75bed7b6-0842-4f86-9235-6c6fd851b0f9,https://www.bcie.org/contactenos,https://d-portal.iatistandard.org/ctrack.html?tongue=spa#view=act&aid=XM-DAC-46007-501142
163,500779,Participación del BCIE en un crédito sindicado para proveer recursos para el financiamiento del Proyecto Gatún,"El Proyecto abarca el diseño, suministro y construcción de una planta eléctrica que operará con turbinas de ciclo combinado en base a gas natural, la cual se denominará Planta Generadora de Gatún y cuya capacidad instalada será de 670.0 MW, estimando entrar en operación comercial a finales del mes de mayo 2024.",N/A,Préstamo Sindicado,Garantía No Soberana,Cancelada,Panamá,Panamá,Panamá,N/A,"Generadora de Gatún, S.A.",N/A,N/A,No,2022-02-02,2021-10-27,2026-09-11,2021-10-27,125000000,0.0,N/A,N/A,USD,N/A,Recursos Ordinarios,N/A,N/A,0,A,NO,N/A,N/A,N/A,N/A,N/A,N/A,N/A,N/A,N/A,N/A,N/A,https://www.bcie.org/proyectos/500779,https://datosabiertos.bcie.org/dataset/impacto-del-desarrollo/resource/75bed7b6-0842-4f86-9235-6c6fd851b0f9,https://www.bcie.org/contactenos,N/A
164,500745,OPD en Apoyo a la Implementación de la Ley General de la Industria Eléctrica (LGIE),"El objetivo de desarrollo de la OPD es el contribuir a asentar las bases para avanzar en el mediano y largo plazo con el saneamiento financiero del sector eléctrico, lo que tiene implicaciones en la posición fiscal del país, de manera que se siga trabajando en pro de un crecimiento económico inclusivo y sostenible manteniendo la estabilidad macroeconómica.",N/A,OPD - Fondos Ordinarios,Garantía Soberana,Aprobación,Honduras,Honduras,N/A,https://www.sefin.gob.hn/,Secretaria de Finanzas,N/A,N/A,N/A,N/A,2021-08-31,2026-09-11,2021-08-19,250000000,0.0,N/A,N/A,USD,N/A,Recursos Ordinarios,N/A,N/A,N/A,B,NO,N/A,N/A,N/A,N/A,N/A,N/A,N/A,N/A,N/A,N/A,N/A,https://www.bcie.org/proyectos/500745,https://datosabiertos.bcie.org/dataset/impacto-del-desarrollo/resource/75bed7b6-0842-4f86-9235-6c6fd851b0f9,https://www.bcie.org/contactenos,N/A
165,501268,"Línea Global de Crédito - Banco Promérica, S.A.","Línea de crédito revolvente por un monto de USD 100,000,000.00 para financiar operaciones que se enmarquen dentro de los programas de intermediación financiera del BCIE.","La operación tiene como objetivo financiar o realizar operaciones que se enmarquen en los programas de intermediación financiera del BCIE, indicativamente, se prevé apoyar a la MIPYME, sectores productivos, vivienda social, emprendimiento con énfasis en mujeres y comercio exterior.",Línea Global de Crédito,Garantía No Soberana,Ejecución,Guatemala,Guatemala,Guatemala,www.bancopromerica.com.gt,"Banco Promerica, S.A. (Guatemala)",Intermediarios financieros del sector formal,Servicios Bancarios y Financieros,Si,2025-11-27,2025-11-12,2026-09-11,2025-11-12,100000000,55429944.14,N/A,N/A,USD,100000000.00,Recursos Ordinarios y Recursos Externos,TaiwanICDF,1003203.00,0,C,NO,N/A,N/A,N/A,N/A,N/A,N/A,N/A,N/A,N/A,N/A,N/A,https://www.bcie.org/proyectos/501268,https://datosabiertos.bcie.org/dataset/impacto-del-desarrollo/resource/75bed7b6-0842-4f86-9235-6c6fd851b0f9,https://www.bcie.org/contactenos,https://d-portal.iatistandard.org/ctrack.html?tongue=spa#view=act&aid=XM-DAC-46007-501268
166,501279,"Proyecto Abastecimiento Acueducto Metropolitano (PAAM), V Etapa","El Proyecto Abastecimiento para el Acueducto Metropolitano (PAAM), consiste en el desarrollo de un conjunto integral de obras de infraestructura orientadas a la captación, conducción, potabilización y distribución de un caudal de agua potable.",N/A,Proyecto - Fondos Ordinarios,Garantía Soberana,Aprobación,Costa Rica,Costa Rica,N/A,N/A,AyA,Reducción del Riesgo de Desastres; Suministro de agua: grandes sistemas,Abastecimiento de agua y saneamiento; Otros Multisectoriales,N/A,N/A,2026-05-18,2026-09-11,2026-05-18,574000000,0.0,N/A,N/A,USD,N/A,Recursos Ordinarios,N/A,N/A,N/A,A,NO,N/A,N/A,N/A,N/A,N/A,N/A,N/A,N/A,N/A,N/A,N/A,https://www.bcie.org/proyectos/501279,https://datosabiertos.bcie.org/dataset/impacto-del-desarrollo/resource/75bed7b6-0842-4f86-9235-6c6fd851b0f9,https://www.bcie.org/contactenos,N/A
167,500684,Proyecto Adquisición y Aplicación de Vacunas COVID-19,"El Proyecto ""Adquisición y Aplicación de Vacunas COVID-19"" (AAV-COVID-19) consiste en el financiamiento para la compra de vacunas contra la COVID-19, así como el equipamiento y suministros requeridos para su aplicación a la población meta definida por la República de Costa Rica, según la Comisión Nacional de Vacunación y Epidemiología.",N/A,Proyecto - Fondos Ordinarios,Garantía Soberana,Cierre,Costa Rica,Costa Rica,N/A,N/A,Comisión Nacional de Emergencia,N/A,N/A,N/A,2021-10-01,2021-02-24,2026-09-11,2021-02-24,80000000,80000000,N/A,N/A,USD,N/A,Recursos Ordinarios,N/A,N/A,N/A,C,NO,N/A,N/A,N/A,N/A,N/A,N/A,N/A,N/A,N/A,N/A,N/A,https://www.bcie.org/proyectos/500684,https://datosabiertos.bcie.org/dataset/impacto-del-desarrollo/resource/75bed7b6-0842-4f86-9235-6c6fd851b0f9,https://www.bcie.org/contactenos,N/A
