"IsDB Group Approvals","","Group Chief Economist - as of June 30, 2026","","","","","Exported at September 16, 2026",""
"Economy","Project Name","Description","US$ Million","Year","Status","Mode of Finance","Major Mode","Major Source"
"Azerbaijan","Reconstruction of the Garabagh Irrigation Canal","Project objective is to improve agricultural productivity, reduce irrigation water losses, and contribute to rural development and livelihoods in line with “Azerbaijan 2030” Vision, aiming for green growth, climate resilience, and food security. The existing irrigation structure, currently functioning as an unlined earthen canal, suffers from significant water losses and fails to deliver sufficient and consistent irrigation across the entire command area, which limits agricultural output. The project will fully rehabilitate the existing canal and introduce modern irrigation technologies.   The Project will provide irrigation water to 166,034 ha of land in Yevlakh, Mingachevir, Goranboy, Barda, Aghjabadi, Beylagan, Tartar, and Aghdam districts, including 115,000 ha (gross) existing irrigated land, and 51,034 ha of land to be covered by the new canal. The 51,034 hectares to be added to the QSK irrigation rotation consist of lands that are currently irrigated by Khankyzı Canal or not under agricultural use. Irrigation via reconstructed QSK instead of Khankyzı Canal, fed by Araz river, will enhance agricultural output in the area.  Reconstruction of the Garabagh Irrigation Canal will improve agricultural water efficiency and contribute to rural development in line with the “Azerbaijan 2030: National Priorities f","0.12","2026","Active","Technical Assistance","Technical Assistance Operations","Other Funds"
"Kazakhstan","Development of Economic and Industrial Zones Project","The development objective of the program is to enhance economic diversification and competitiveness in Kazakhstan by improving infrastructure and operational efficiency of Special Economic Zones and Industrial Zones and construction of Small Industrial Zones to attract investment, generate jobs, and foster sustainable industrial development","0.15","2026","Active","Technical Assistance","Technical Assistance Operations","Other Funds"
"Kazakhstan","Development of Economic and Industrial Zones Project","The development objective of the program is to enhance economic diversification and competitiveness in Kazakhstan by improving infrastructure and operational efficiency of Special Economic Zones and Industrial Zones and construction of Small Industrial Zones to attract investment, generate jobs, and foster sustainable industrial development","0.15","2026","Active","Technical Assistance","Technical Assistance Operations","Other Funds"
"Kazakhstan","Development of Economic and Industrial Zones Project","The development objective of the program is to enhance economic diversification and competitiveness in Kazakhstan by improving infrastructure and operational efficiency of Special Economic Zones and Industrial Zones and construction of Small Industrial Zones to attract investment, generate jobs, and foster sustainable industrial development","0.15","2026","Active","Technical Assistance","Technical Assistance Operations","Other Funds"
"Azerbaijan","Reconstruction of the Garabagh Irrigation Canal","Project objective is to improve agricultural productivity, reduce irrigation water losses, and contribute to rural development and livelihoods in line with “Azerbaijan 2030” Vision, aiming for green growth, climate resilience, and food security. The existing irrigation structure, currently functioning as an unlined earthen canal, suffers from significant water losses and fails to deliver sufficient and consistent irrigation across the entire command area, which limits agricultural output. The project will fully rehabilitate the existing canal and introduce modern irrigation technologies.   The Project will provide irrigation water to 166,034 ha of land in Yevlakh, Mingachevir, Goranboy, Barda, Aghjabadi, Beylagan, Tartar, and Aghdam districts, including 115,000 ha (gross) existing irrigated land, and 51,034 ha of land to be covered by the new canal. The 51,034 hectares to be added to the QSK irrigation rotation consist of lands that are currently irrigated by Khankyzı Canal or not under agricultural use. Irrigation via reconstructed QSK instead of Khankyzı Canal, fed by Araz river, will enhance agricultural output in the area.  Reconstruction of the Garabagh Irrigation Canal will improve agricultural water efficiency and contribute to rural development in line with the “Azerbaijan 2030: National Priorities f","0.16","2026","Active","Technical Assistance","Technical Assistance Operations","Other Funds"
"Kazakhstan","Development of Economic and Industrial Zones Project","The development objective of the program is to enhance economic diversification and competitiveness in Kazakhstan by improving infrastructure and operational efficiency of Special Economic Zones and Industrial Zones and construction of Small Industrial Zones to attract investment, generate jobs, and foster sustainable industrial development","0.2","2026","Active","Technical Assistance","Technical Assistance Operations","Other Funds"
"Kazakhstan","Development of Economic and Industrial Zones Project","The development objective of the program is to enhance economic diversification and competitiveness in Kazakhstan by improving infrastructure and operational efficiency of Special Economic Zones and Industrial Zones and construction of Small Industrial Zones to attract investment, generate jobs, and foster sustainable industrial development","0.25","2026","Active","Technical Assistance","Technical Assistance Operations","Other Funds"
"Kazakhstan","Development of Economic and Industrial Zones Project","The development objective of the program is to enhance economic diversification and competitiveness in Kazakhstan by improving infrastructure and operational efficiency of Special Economic Zones and Industrial Zones and construction of Small Industrial Zones to attract investment, generate jobs, and foster sustainable industrial development","0.4","2026","Active","Technical Assistance","Technical Assistance Operations","Other Funds"
"Nigeria","YOBE STATE INTEGRATED AGRICULTURAL DEVELOPMENT PROJECT (YSIADP)","The primary objective of the Yobe State Integrated Agricultural Development Project (YSIADP) is to enhance agricultural productivity, strengthen resilience to climate and market shocks, and promote inclusive economic growth through the development of sustainable agricultural value chains. The project is designed to transform the agricultural sector in Yobe State into a more competitive, market-oriented, and climate-resilient system that can sustainably support livelihoods and contribute to food security.","1.898288","2026","Active","Loan","Project Financing","IsDB OCR"
"Senegal","School Meals and Advanced Resources Technology (SMART) for Empowering Local Communities","The general objective of the project is to improve teaching-learning conditions and the academic performance and wellbeing of learners in vulnerable areas by strengthening local production to supply school canteens. The project will provide meals for over 100,000 students from 956 primary schools in Senegal during the implementation period.The project will provide meals for schools using food produced within the local economy to stimulate local production and income growth. This project will enhance access to healthy and nutritious meals for children, fostering improved learning outcomes and contributing to the development of local agriculture and communities.The project will strengthen school WASH infrastructure and hygiene behaviors to maximize the nutritional impact of school feeding and support improved health and learning outcomes among students.The project will strengthen school access to internet and digital content through online platforms and improve the monitoring and evaluation system...The project will use a multi-sector and multi-actor approach to link and facilitate rural transformation to create a multiplier effect on the local economy and make rural communities more resilient to shocks and schoolchildren better fed.More specifically, the project aims to : (i) Strengthen students' access","4.818126","2026","Active","Loan","Project Financing","IsDB OCR"
"Mauritania","Establishment for Vocational Centers in Mauritania","The main objective of the project is to contribute to building an effective, equitable and inclusive Technical and Vocational Education and Training (TVET) system that serves the economy, contribute to its competitiveness and growth and equip young men and women with the required skills and competencies to improve their employability and help them integrate quickly and sustainably into decent jobs. Such a system should also enable companies to improve the skills of their workers through continuous and effective training. More specifically, the project aims at expanding access and improving the quality of VT systems to meet the needs of the economic stakeholders in terms of skills required to develop the economy.","5","2026","Active","Loan","Project Financing","IsDB OCR"
"Mauritania","Construction and Equipment of Reference Hospital for Maternal, Child and Newborn Health","Overall Objective: to contribute to the achievement of the health-related SDG3 (Target 3.1 and 3.2) in Mauritania, which aims at reducing the global maternal mortality ratio to less than 70 per 100 000 live births and ending preventable deaths of newborns and children under 5 years of age, aiming to reduce neonatal mortality and under 5 mortality to at least as low as 12 per 1,000 live births and 25 per 1,000 live births, respectively.Specific Objective: The project will contribute to reducing mortality and morbidity from major maternal and child diseases through the construction and equipping of 400 beds referral hospital for maternal, neonatal and child health in Nouakchott, to better meet the growing population's demand for specialized care in gynecology, obstetric, neonatology, and pediatrics including surgery.","5.0005","2026","Active","Loan","Project Financing","IsDB OCR"
"Comoros","Modernization of the Comorian Public Administration through E-Government Project","The primary objective of this project is to enhance the governance, quality, affordability, and accessibility of relevant public services provided to users. Specifically, it aims to foster the development of a comprehensive and cohesive range of digital services that meet the needs of the population, ultimately integrating the country into the information society","6.5","2026","Active","Loan","Project Financing","IsDB OCR"
"Morocco","Water stress Mitigation Project in Morocco","The Project Objective is to increase water resources developed for multiple use and storage capacity in dams of Bou Ahmed and Tfer across the Kanar and Loukkos rivers basins respectively and to enhance inter-basin water transfer (from northern basins with excess of water to the southern basins with water deficit) to contribute to mitigate the water stress experienced by Morocco.","7.00179","2026","Active","Loan","Project Financing","IsDB OCR"
"Chad","Chad SmartED for Basic Education Project","The Project Development Objective (PDO) is to contribute to expanding equitable access to inclusive and quality basic education in Chad and to improving learning outcomes for all school-age children. The project places particular emphasis on addressing the barriers faced by disadvantaged and marginalized groups, including girls, children with disabilities (CwDs), refugees, and internally displaced children. By targeting these populations, the PDO seeks not only to increase enrollment and retention but also to promote equity, social cohesion, and long-term human capital development. Ultimately, the project aims to create an enabling environment where every child—regardless of gender, ability, or socio-economic background—can acquire the foundational skills needed to thrive and contribute to the country’s sustainable development.To achieve this objective, the project will focus on strengthening the capacity, resilience, and efficiency of the education system in the Republic of Chad to:i. Improve access, effective participation and completion of basic education for target groups and project beneficiaries.ii. Facilitate and institutionalize inclusion and equity in basic education through the strengthening of inclusive education for all.iii. Enhance education quality, teaching-learning processes and learning outc","10","2026","Active","Loan","Project Financing","IsDB OCR"
"Palestine","Khalid Al-Hassan Cancer Hospital Project","The Project’s development objective is to contribute to the development of the health system in Palestine through establishment of a world-class Center of Excellence for Cancer that would provide comprehensives cancer prevention and treatment services in addition to serving as a national hub for training and research in the field.","10","2026","Active","Loan","Project Financing","IsDB OCR"
"Sierra Leone","Cassava Value Chain Development Project, Sierra Leone","PROJECT OBJECTIVESThe overall development objectives of the project would be to reduce poverty, generate employment for over 30,000 women and youths and improve the standard of living of the rural population, as well as to diversify the economy and reduce dependence on other revenues streams.","13","2026","Active","Loan","Project Financing","IsDB OCR"
"Sierra Leone","Freetown Water and Sanitation Improvement Project (FWASIP)","The project aims to improve access to safe, reliable, and climate-resilient water supply and sanitation services, while ensuring the environmental sustainability of the Western Area watershed and strengthening the health and well-being of the population of Freetown, particularly women and children.","14.807351","2026","Active","Loan","Project Financing","IsDB OCR"
"Djibouti","Establishment of National Oncology Center","The project development objective (PDO) and supporting project activities are based on the National Plan and initiative which aims at ensuring access to healthcare services for all and particularly to radiotherapy and other related services. The project will contribute to the reduction of morbidity and mortality related to cancer.","15","2026","Active","Loan","Project Financing","IsDB OCR"
"Tajikistan","Central Asia-South Asia Electricity Transmission and Trade Project (CASA-1000)","The objective of the project is to meet the electricity demand in Afghanistan and Pakistan through the establishment of cross-border energy exchange among four member countries as part of regional economic integration. The exchange will be utilizing efficient, and environmentally friendly indigenous hydropower resources of Tajikistan and Kyrgyz Republic","15","2026","Active","Leasing","Project Financing","IsDB OCR"
"Sierra Leone","LLF-Livestock and Livelihoods Development Project (LLDP), Sierra Leone","The overall goal of the Project is to contribute to poverty reduction, enhance food security and nutrition of rural households and create employment opportunities for rural women and youth in Sierra Leone.","16","2026","Active","Loan","Project Financing","IsDB OCR"
"Uganda","Establishment of Regional Oncology Center","The project aims to support the GoU in alleviating the burden of cancer treatment and care, which significantly impacts the social well-being and economic productivity of the population in the country. Specifically, the project seeks to improve access to oncology services in West Nile and Eastern Uganda through (a) Construction and equipping oncology centers in Arua and Mbale Cities; (ii) Development of human resource capacity for cancer diagnosis and treatment; and (iii) Establishment of a cancer registry system for the targeted regions to monitor trends and treatment outcomes.","19.5","2026","Active","Loan","Project Financing","IsDB OCR"
"Burkina Faso","Project for the Revitalization of Infrastructure Supporting the Economy (PRISE)","The project aims to improve the road network and enhance mobility for goods and people by constructing, asphalting, and rehabilitating 302.8 km of roads across five regions, alongside revitalizing the railway connecting Côte d'Ivoire to Burkina Faso. It also focuses on boosting regional integration by developing a railway network linking Mali, Niger, and Burkina Faso, improving transport services, and enhancing connectivity for both urban and rural areas. The project seeks to improve road safety, reduce transportation costs, and promote collaboration among WAEMU member states for sustainable growth and regional integration.","21.8904","2026","Active","Loan","Project Financing","IsDB OCR"
"Tajikistan","Central Asia-South Asia Electricity Transmission and Trade Project (CASA-1000)","The objective of the project is to meet the electricity demand in Afghanistan and Pakistan through the establishment of cross-border energy exchange among four member countries as part of regional economic integration. The exchange will be utilizing efficient, and environmentally friendly indigenous hydropower resources of Tajikistan and Kyrgyz Republic","25","2026","Active","Loan","Project Financing","IsDB OCR"
"Oman","Climate-Resilient Flood Protection Dams Project","The project aims at achieving a high level of flood risk control in four critical areas in the Sultanate of Oman: WADI MAJLASS Dam in Quriyat Province, Muscat Governorate; WADI AL-KHAWD Dam in Al Seeb Province,  Muscat Governate; WADI AHIN Dam in Saham Province, North Al Batinah Governorate; and WADI RIJMA Dam in Shinas Province, North Al Batinah Governorate. By enhancing flood protection infrastructure, the project will secure these urban and developing areas against the recurring threat of floods. Additionally, the project will contribute to the improvement of groundwater recharge downstream.","30","2026","Active","Loan","Project Financing","IsDB OCR"
"Tajikistan","Construction of Rogun Hydropower Plant (Left Bank Structures)","The project development objective is to develop a multi-purpose dam for generating electricity, regulating water, and reducing the risk of floods and droughts. The Rogun HPP will produce sufficient environmentally friendly and clean electricity to fully satisfy Tajikistan’s electricity demand. It will also generate enough electricity to export to neighbouring countries which presently use mostly fossil fuels for electricity. The full commission of Rogun HPP will increase its generation capacity by 50-60%, and construction of a bigger reservoir will also help to guarantee supply during the whole year, including winter. The Rogun HPP represents a sustainable water and energy solution contributing to global mitigation goals and regional adaptation objectives. It will provide a valuable contribution to the reduction of the CO2 emissions in the region. In addition, the Rogun HPP will help to create new jobs and businesses improving the social and economic situation in Tajikistan and neighbouring countries and supporting the sustainable development goals","30","2026","Active","Loan","Project Financing","IsDB OCR"
"Senegal","Upgrading of Dakar Expressway Project, Section IV (Tivaouane Peulh – Diamniadio, Intersection A1)","The upgrading of the Dakar Expressway (VDN) aims at improving the urban mobility in Dakar city and its surroundings and thus generating important socio-economic benefits to the country, by: - Promoting the decongestion of Dakar and facilitating its access through the VDN-4: it has been recorded that, during peak hours, the journey time per kilometer is usually more than 12 min/km.- Improving road safety: lack of road safety generates 6,000 road accidents per year with a cost amounting to USD 150 million - Reducing inequalities and disparities in terms of structuring infrastructure.- Participating in the development of new cities of Diamniadio and Lac Rose.- Enabling local populations to have better access to basic social facilities and services.","134.883721","2026","Active","Instalment Sale","Project Financing","IsDB OCR"
"Jordan","Aqaba-Amman Water Desalination & Conveyance Project","The project is expected to contribute to the following objectives:•Secure future supply of drinking water in the Aqaba and Amman, in addition to the country’s northern regions•Adapt to and mitigate the impacts of climate change•Support economic growth and activity in Jordan•Promote private sector involvement in the water sector","160","2026","Active","Leasing","Project Financing","IsDB OCR"
"Bahrain","Salman Industrial City Expansion Project","The project aims to reinforce Bahrain’s position as a regional hub for manufacturing activities, capitalizing on its strategic geographic location and well-connected logistics infrastructure, including proximity to major seaports and the international airport.","330.07","2026","Active","Instalment Sale","Project Financing","IsDB OCR"
"Azerbaijan","Reconstruction of the Garabagh Irrigation Canal","Project objective is to improve agricultural productivity, reduce irrigation water losses, and contribute to rural development and livelihoods in line with “Azerbaijan 2030” Vision, aiming for green growth, climate resilience, and food security. The existing irrigation structure, currently functioning as an unlined earthen canal, suffers from significant water losses and fails to deliver sufficient and consistent irrigation across the entire command area, which limits agricultural output. The project will fully rehabilitate the existing canal and introduce modern irrigation technologies.   The Project will provide irrigation water to 166,034 ha of land in Yevlakh, Mingachevir, Goranboy, Barda, Aghjabadi, Beylagan, Tartar, and Aghdam districts, including 115,000 ha (gross) existing irrigated land, and 51,034 ha of land to be covered by the new canal. The 51,034 hectares to be added to the QSK irrigation rotation consist of lands that are currently irrigated by Khankyzı Canal or not under agricultural use. Irrigation via reconstructed QSK instead of Khankyzı Canal, fed by Araz river, will enhance agricultural output in the area.  Reconstruction of the Garabagh Irrigation Canal will improve agricultural water efficiency and contribute to rural development in line with the “Azerbaijan 2030: National Priorities f","436.39","2026","Active","Instalment Sale","Project Financing","IsDB OCR"
"Kazakhstan","Development of Economic and Industrial Zones Project","The development objective of the program is to enhance economic diversification and competitiveness in Kazakhstan by improving infrastructure and operational efficiency of Special Economic Zones and Industrial Zones and construction of Small Industrial Zones to attract investment, generate jobs, and foster sustainable industrial development","1306.04","2026","Active","Leasing","Project Financing","IsDB OCR"
"Cameroon","Sustainable Irrigation and Agricultural Value Chain Development Project, Cameroon","The Project Development Objective (PDO) aims to improve the living conditions of the rural households in the Far North Region by strengthening sustainable agricultural value chain  through expended  access to the improved irrigation system, high quality seeds and other critical inputs that enhance productivity, resilience and market integration.   The project also invests in critical social and economic infrastructure, including schools, health centers, roads, bridges, market facilities, and WASH services—to foster inclusive growth and community resilience.","0.0936","2025","Active","Technical Assistance","Technical Assistance Operations","Other Funds"
"Mauritania","Establishment for Vocational Centers in Mauritania","The main objective of the project is to contribute to building an effective, equitable and inclusive Technical and Vocational Education and Training (TVET) system that serves the economy, contribute to its competitiveness and growth and equip young men and women with the required skills and competencies to improve their employability and help them integrate quickly and sustainably into decent jobs. Such a system should also enable companies to improve the skills of their workers through continuous and effective training. More specifically, the project aims at expanding access and improving the quality of VT systems to meet the needs of the economic stakeholders in terms of skills required to develop the economy.","0.094227","2025","Active","Technical Assistance","Technical Assistance Operations","Other Funds"
"Kyrgyz Republic","Line of Financing for Promoting Agriculture Mechanization in Kyrgyz Republic","The project development objective is to empower rural livelihoods in the Kyrgyz Republic through sustainable agricultural mechanization. Long-term funds will be provided to commercial banks, which will extend Shariah-compliant sub-financing to eligible end-beneficiaries, especially smallholder farmers, for purchasing necessary machinery and equipment. The aim is to empower farmers with advanced machinery and technology, fostering a more competitive, efficient, and lucrative agricultural landscape in the Kyrgyz Republic. Through the strategic integration of mechanization, the project seeks to enhance the sector's capacity to meet market demands, increase yields, and ultimately elevate the socio-economic well-being of the agricultural community.","0.11","2025","Active","Technical Assistance","Technical Assistance Operations","Other Funds"
"Senegal","School Meals and Advanced Resources Technology (SMART) for Empowering Local Communities","The general objective of the project is to improve teaching-learning conditions and the academic performance and wellbeing of learners in vulnerable areas by strengthening local production to supply school canteens. The project will provide meals for over 100,000 students from 956 primary schools in Senegal during the implementation period.The project will provide meals for schools using food produced within the local economy to stimulate local production and income growth. This project will enhance access to healthy and nutritious meals for children, fostering improved learning outcomes and contributing to the development of local agriculture and communities.The project will strengthen school WASH infrastructure and hygiene behaviors to maximize the nutritional impact of school feeding and support improved health and learning outcomes among students.The project will strengthen school access to internet and digital content through online platforms and improve the monitoring and evaluation system...The project will use a multi-sector and multi-actor approach to link and facilitate rural transformation to create a multiplier effect on the local economy and make rural communities more resilient to shocks and schoolchildren better fed.More specifically, the project aims to : (i) Strengthen students' access","0.12857","2025","Active","Technical Assistance","Technical Assistance Operations","Other Funds"
"Nigeria","Zamfara State Climate Change Adaptation and Agricultural Value Chain Development Project","The project development objective is to contribute to poverty reduction and to strengthen the food and nutrition security of vulnerable populations in Zamfara state through sustainable development of Agricultural value chains. The project will support the government’s efforts of enhancing rural micro-finance initiatives through the Financial Service Association (FSA). The project will support accelerated economic growth on a sustainable basis through various reform systems.","0.15","2025","Active","Technical Assistance","Technical Assistance Operations","Other Funds"
"Mauritania","Establishment for Vocational Centers in Mauritania","The main objective of the project is to contribute to building an effective, equitable and inclusive Technical and Vocational Education and Training (TVET) system that serves the economy, contribute to its competitiveness and growth and equip young men and women with the required skills and competencies to improve their employability and help them integrate quickly and sustainably into decent jobs. Such a system should also enable companies to improve the skills of their workers through continuous and effective training. More specifically, the project aims at expanding access and improving the quality of VT systems to meet the needs of the economic stakeholders in terms of skills required to develop the economy.","0.154154","2025","Active","Technical Assistance","Technical Assistance Operations","Other Funds"
"Sierra Leone","LLF-Livestock and Livelihoods Development Project (LLDP), Sierra Leone","The overall goal of the Project is to contribute to poverty reduction, enhance food security and nutrition of rural households and create employment opportunities for rural women and youth in Sierra Leone.","0.18","2025","Active","Technical Assistance","Technical Assistance Operations","Other Funds"
"Sierra Leone","Freetown Water and Sanitation Improvement Project (FWASIP)","The project aims to improve access to safe, reliable, and climate-resilient water supply and sanitation services, while ensuring the environmental sustainability of the Western Area watershed and strengthening the health and well-being of the population of Freetown, particularly women and children.","0.1989","2025","Active","Technical Assistance","Technical Assistance Operations","Other Funds"
"Sierra Leone","Freetown Water and Sanitation Improvement Project (FWASIP)","The project aims to improve access to safe, reliable, and climate-resilient water supply and sanitation services, while ensuring the environmental sustainability of the Western Area watershed and strengthening the health and well-being of the population of Freetown, particularly women and children.","0.1989","2025","Active","Technical Assistance","Technical Assistance Operations","Other Funds"
"Sierra Leone","Freetown Water and Sanitation Improvement Project (FWASIP)","The project aims to improve access to safe, reliable, and climate-resilient water supply and sanitation services, while ensuring the environmental sustainability of the Western Area watershed and strengthening the health and well-being of the population of Freetown, particularly women and children.","0.1989","2025","Active","Technical Assistance","Technical Assistance Operations","Other Funds"
"Sierra Leone","Freetown Water and Sanitation Improvement Project (FWASIP)","The project aims to improve access to safe, reliable, and climate-resilient water supply and sanitation services, while ensuring the environmental sustainability of the Western Area watershed and strengthening the health and well-being of the population of Freetown, particularly women and children.","0.1989","2025","Active","Technical Assistance","Technical Assistance Operations","Other Funds"
"Bangladesh","Sonagazi 220 MW Solar Power and Livelihoods Improvement Project","Project Development Objective: The project’s overarching development objective is to contribute to the nationwide economic development and improvement of living standard by supporting towards the achievement of the national power generation capacity target of 40,000 MW by 2030. The specific objectives include:i) To increase total electricity from renewable energy sources.ii) To contribute to reducing carbon emission.iii) Livelihoods of the people will be improved through agricultural activities on the project land.","0.2","2025","Active","Technical Assistance","Technical Assistance Operations","Other Funds"
"Gambia","The School of Medicine and Allied Health Sciences (SMAHS) of the University of the Gambia","Project ObjectiveTo increase enrollment capacity, enhance training infrastructure, and introduce new academic programs to produce a highly skilled healthcare workforce in The Gambia.","0.2","2025","Active","Technical Assistance","Technical Assistance Operations","Other Funds"
"Tajikistan","Tourism Business Education Development Project","The specific development objective is to improve access to and the quality of higher professional education in tourism and hospitality, based on best international practices, through the upgrading of the existing education institution to a modern, inclusive, and sustainable institution in Dangara city and strengthening its potential to serve as a Hub for tourism and hospitality education as a champion of Halal Tourism education expanding best practices within the country and in the region.","0.2","2025","Active","Technical Assistance","Technical Assistance Operations","Other Funds"
"Türkiye","Municipal Infrastructure for Recovery and Resilience Project","The project aims to improve health and safety of people living in Turkish cities through better and more resilient municipal services in water, wastewater and transport sectors. The Project Development Objective (PDO) is to support municipalities in Türkiye in the development of sustainable and resilient environmental and urban mobility infrastructure.","0.216","2025","Active","Technical Assistance","Technical Assistance Operations","Other Funds"
"Senegal","School Meals and Advanced Resources Technology (SMART) for Empowering Local Communities","The general objective of the project is to improve teaching-learning conditions and the academic performance and wellbeing of learners in vulnerable areas by strengthening local production to supply school canteens. The project will provide meals for over 100,000 students from 956 primary schools in Senegal during the implementation period.The project will provide meals for schools using food produced within the local economy to stimulate local production and income growth. This project will enhance access to healthy and nutritious meals for children, fostering improved learning outcomes and contributing to the development of local agriculture and communities.The project will strengthen school WASH infrastructure and hygiene behaviors to maximize the nutritional impact of school feeding and support improved health and learning outcomes among students.The project will strengthen school access to internet and digital content through online platforms and improve the monitoring and evaluation system...The project will use a multi-sector and multi-actor approach to link and facilitate rural transformation to create a multiplier effect on the local economy and make rural communities more resilient to shocks and schoolchildren better fed.More specifically, the project aims to : (i) Strengthen students' access","0.240035","2025","Active","Technical Assistance","Technical Assistance Operations","Other Funds"
"Jordan","HOPE Jordan : Sustainable Agricultural Growth and Rural Employment Project","The project aims to support job creation and retention—with a particular focus on women and youth—by expanding access to affordable financing, delivering structured capacity-building, and strengthening market linkages for smallholder farmers, agricultural cooperatives, and micro, small, and medium agri-business enterprises. These efforts will also promote the adoption of climate-smart agriculture practices to ensure sustainable growth and enhanced food security. ","0.25","2025","Active","Technical Assistance","Technical Assistance Operations","Other Funds"
"Sierra Leone","Cassava Value Chain Development Project, Sierra Leone","PROJECT OBJECTIVESThe overall development objectives of the project would be to reduce poverty, generate employment for over 30,000 women and youths and improve the standard of living of the rural population, as well as to diversify the economy and reduce dependence on other revenues streams.","0.25","2025","Active","Technical Assistance","Technical Assistance Operations","Other Funds"
"Tajikistan","Tourism Business Education Development Project","The specific development objective is to improve access to and the quality of higher professional education in tourism and hospitality, based on best international practices, through the upgrading of the existing education institution to a modern, inclusive, and sustainable institution in Dangara city and strengthening its potential to serve as a Hub for tourism and hospitality education as a champion of Halal Tourism education expanding best practices within the country and in the region.","0.25","2025","Active","Technical Assistance","Technical Assistance Operations","Other Funds"
"Burkina Faso","Project for the Revitalization of Infrastructure Supporting the Economy (PRISE)","The project aims to improve the road network and enhance mobility for goods and people by constructing, asphalting, and rehabilitating 302.8 km of roads across five regions, alongside revitalizing the railway connecting Côte d'Ivoire to Burkina Faso. It also focuses on boosting regional integration by developing a railway network linking Mali, Niger, and Burkina Faso, improving transport services, and enhancing connectivity for both urban and rural areas. The project seeks to improve road safety, reduce transportation costs, and promote collaboration among WAEMU member states for sustainable growth and regional integration.","0.258","2025","Active","Technical Assistance","Technical Assistance Operations","Other Funds"
"Palestine","Khalid Al-Hassan Cancer Hospital Project","The Project’s development objective is to contribute to the development of the health system in Palestine through establishment of a world-class Center of Excellence for Cancer that would provide comprehensives cancer prevention and treatment services in addition to serving as a national hub for training and research in the field.","0.26","2025","Active","Technical Assistance","Technical Assistance Operations","Other Funds"
"Mauritania","Strengthening the Capacity of Stakeholders in the Public Procurement System Project - Phase II, Mauritania","This project aims at improving transparency and promoting participatory governance in the field of public procurement by building and strengthening the capacity of stakeholders concerned. Moreover, the project will contribute to the implementation of the new public procurement reform and will support ARMP in operationalizing the recommendations of the various studies and evaluations through technical assistance and training of public procurement stakeholders.More specifically, the project will contribute to strengthening the procurement system through the following:• Developing a strategy for sustainable procurement. • Establishing a new framework for the professionalization of the procurement function.• Building the capacity of the stakeholders intervening in the public procurement sector. ","0.27","2025","Active","Technical Assistance","Technical Assistance Operations","Other Funds"
"Jordan","HOPE Jordan : Sustainable Agricultural Growth and Rural Employment Project","The project aims to support job creation and retention—with a particular focus on women and youth—by expanding access to affordable financing, delivering structured capacity-building, and strengthening market linkages for smallholder farmers, agricultural cooperatives, and micro, small, and medium agri-business enterprises. These efforts will also promote the adoption of climate-smart agriculture practices to ensure sustainable growth and enhanced food security. ","0.3","2025","Active","Technical Assistance","Technical Assistance Operations","Other Funds"
"Jordan","HOPE Jordan : Sustainable Agricultural Growth and Rural Employment Project","The project aims to support job creation and retention—with a particular focus on women and youth—by expanding access to affordable financing, delivering structured capacity-building, and strengthening market linkages for smallholder farmers, agricultural cooperatives, and micro, small, and medium agri-business enterprises. These efforts will also promote the adoption of climate-smart agriculture practices to ensure sustainable growth and enhanced food security. ","0.3","2025","Active","Technical Assistance","Technical Assistance Operations","Other Funds"
"Sierra Leone","Cassava Value Chain Development Project, Sierra Leone","PROJECT OBJECTIVESThe overall development objectives of the project would be to reduce poverty, generate employment for over 30,000 women and youths and improve the standard of living of the rural population, as well as to diversify the economy and reduce dependence on other revenues streams.","0.3","2025","Active","Technical Assistance","Technical Assistance Operations","Other Funds"
"Uganda","Establishment of Regional Oncology Center","The project aims to support the GoU in alleviating the burden of cancer treatment and care, which significantly impacts the social well-being and economic productivity of the population in the country. Specifically, the project seeks to improve access to oncology services in West Nile and Eastern Uganda through (a) Construction and equipping oncology centers in Arua and Mbale Cities; (ii) Development of human resource capacity for cancer diagnosis and treatment; and (iii) Establishment of a cancer registry system for the targeted regions to monitor trends and treatment outcomes.","0.3","2025","Active","Technical Assistance","Technical Assistance Operations","Other Funds"
"Cameroon","Sustainable Irrigation and Agricultural Value Chain Development Project, Cameroon","The Project Development Objective (PDO) aims to improve the living conditions of the rural households in the Far North Region by strengthening sustainable agricultural value chain  through expended  access to the improved irrigation system, high quality seeds and other critical inputs that enhance productivity, resilience and market integration.   The project also invests in critical social and economic infrastructure, including schools, health centers, roads, bridges, market facilities, and WASH services—to foster inclusive growth and community resilience.","0.3042","2025","Active","Technical Assistance","Technical Assistance Operations","Other Funds"
"Uganda","Local Economic Growth Support Project Second Phase","To address development challenges outline in the agriculture and rural development in Uganda, the development objective of the proposed project is to contribute to the transformation of Uganda’s agricultural and rural development landscape by enhancing agrifood system productivity, promoting inclusion, and strengthening institutional capacity for agricultural resilience practices. The project will be implemented across 55 districts, in line with the NDPIV, PDM, and will contribute to the realization of Uganda Vision 2040 and the Sustainable Development Goals (SDGs 1, 2, 5, 6, 7 and 13). It will play a pivotal role in advancing local development by:• Increasing adoption of climate-smart farming practices, particularly among women smallholders.• Enhancing household nutritional intake, with a focus on women and girls.• Improving access to safe and clean water, located within short walking distances, thereby promoting household health and freeing up time for women to engage in economic activities.Key Specific Objectives• Improve agricultural production and productivity, strengthening value chain linkages to create economic opportunities, especially for women farmers.• Establish sustainable financial models to support smallholder farmers, catalyze investments along agribusiness value chains, and ensure long-te","0.304523","2025","Active","Technical Assistance","Technical Assistance Operations","Other Funds"
"Morocco","Water stress Mitigation Project in Morocco","The Project Objective is to increase water resources developed for multiple use and storage capacity in dams of Bou Ahmed and Tfer across the Kanar and Loukkos rivers basins respectively and to enhance inter-basin water transfer (from northern basins with excess of water to the southern basins with water deficit) to contribute to mitigate the water stress experienced by Morocco.","0.333683","2025","Active","Technical Assistance","Technical Assistance Operations","Other Funds"
"Benin","Godomey–Ouidah–Hillacondji Road Capacity Expansion and Upgrading Project","45. Benin has adopted a transport sector strategy from which it has defined an investment program that aims, among other objectives, to rehabilitate essential transport infrastructure through periodic maintenance and rehabilitation projects, and development of the existing road network.46. Indeed, the main axes of the National Transport Sector Development Strategy emphasize the promotion of growth, socio-economic development, and regional and national integration, notably through the upgrading of transport infrastructure. Among the axes of the program developed based on this strategy, we note support for poverty reduction through heavy investments that create wealth and improve the conditions for the movement of goods and people.47. One of the objectives shared by the West African Economic and Monetary Union (WAEMU) and the Economic Community of West African States (ECOWAS) is to facilitate circulation and reduce insecurity between major cities in Benin, as well as improve the performance of the Abidjan-Lagos corridor.48. Considering the constantly increasing traffic supported by the Abidjan-Lagos corridor and especially the saturation observed on these axes at the gates of the city of Cotonou, the Government of Benin has undertaken for several years, as part of the implementation of the road network developm","0.3978","2025","Active","Technical Assistance","Technical Assistance Operations","Other Funds"
"Comoros","Modernization of the Comorian Public Administration through E-Government Project","The primary objective of this project is to enhance the governance, quality, affordability, and accessibility of relevant public services provided to users. Specifically, it aims to foster the development of a comprehensive and cohesive range of digital services that meet the needs of the population, ultimately integrating the country into the information society","0.398649","2025","Active","Technical Assistance","Technical Assistance Operations","Other Funds"
"Jordan","HOPE Jordan : Sustainable Agricultural Growth and Rural Employment Project","The project aims to support job creation and retention—with a particular focus on women and youth—by expanding access to affordable financing, delivering structured capacity-building, and strengthening market linkages for smallholder farmers, agricultural cooperatives, and micro, small, and medium agri-business enterprises. These efforts will also promote the adoption of climate-smart agriculture practices to ensure sustainable growth and enhanced food security. ","0.4","2025","Active","Technical Assistance","Technical Assistance Operations","Other Funds"
"Djibouti","Establishment of National Oncology Center","The project development objective (PDO) and supporting project activities are based on the National Plan and initiative which aims at ensuring access to healthcare services for all and particularly to radiotherapy and other related services. The project will contribute to the reduction of morbidity and mortality related to cancer.","0.4","2025","Active","Technical Assistance","Technical Assistance Operations","Other Funds"
"Mauritania","Establishment for Vocational Centers in Mauritania","The main objective of the project is to contribute to building an effective, equitable and inclusive Technical and Vocational Education and Training (TVET) system that serves the economy, contribute to its competitiveness and growth and equip young men and women with the required skills and competencies to improve their employability and help them integrate quickly and sustainably into decent jobs. Such a system should also enable companies to improve the skills of their workers through continuous and effective training. More specifically, the project aims at expanding access and improving the quality of VT systems to meet the needs of the economic stakeholders in terms of skills required to develop the economy.","0.427319","2025","Active","Technical Assistance","Technical Assistance Operations","Other Funds"
"Mauritania","Construction and Equipment of Reference Hospital for Maternal, Child and Newborn Health","Overall Objective: to contribute to the achievement of the health-related SDG3 (Target 3.1 and 3.2) in Mauritania, which aims at reducing the global maternal mortality ratio to less than 70 per 100 000 live births and ending preventable deaths of newborns and children under 5 years of age, aiming to reduce neonatal mortality and under 5 mortality to at least as low as 12 per 1,000 live births and 25 per 1,000 live births, respectively.Specific Objective: The project will contribute to reducing mortality and morbidity from major maternal and child diseases through the construction and equipping of 400 beds referral hospital for maternal, neonatal and child health in Nouakchott, to better meet the growing population's demand for specialized care in gynecology, obstetric, neonatology, and pediatrics including surgery.","0.45","2025","Active","Technical Assistance","Technical Assistance Operations","Other Funds"
"Mauritania","Strengthening the Capacity of Stakeholders in the Public Procurement System Project - Phase II, Mauritania","This project aims at improving transparency and promoting participatory governance in the field of public procurement by building and strengthening the capacity of stakeholders concerned. Moreover, the project will contribute to the implementation of the new public procurement reform and will support ARMP in operationalizing the recommendations of the various studies and evaluations through technical assistance and training of public procurement stakeholders.More specifically, the project will contribute to strengthening the procurement system through the following:• Developing a strategy for sustainable procurement. • Establishing a new framework for the professionalization of the procurement function.• Building the capacity of the stakeholders intervening in the public procurement sector. ","1.492803","2025","Active","Loan","Project Financing","IsDB OCR"
"Sierra Leone","LLF-Livestock and Livelihoods Development Project (LLDP), Sierra Leone","The overall goal of the Project is to contribute to poverty reduction, enhance food security and nutrition of rural households and create employment opportunities for rural women and youth in Sierra Leone.","2.7","2025","Active","Instalment Sale","Project Financing","IsDB OCR"
"Gambia","Enhancing Value Addition in the Groundnut Sector Phase II – Gambia","The objective of the Project is to enable reaching the general goal of the original project which is to contribute towards the growth of Gambia’s groundnut sector, thus enhancing its contribution to economic growth, poverty reduction, and economic stability.","3","2025","Active","Loan","Project Financing","IsDB OCR"
"Tajikistan","Tourism Business Education Development Project","The specific development objective is to improve access to and the quality of higher professional education in tourism and hospitality, based on best international practices, through the upgrading of the existing education institution to a modern, inclusive, and sustainable institution in Dangara city and strengthening its potential to serve as a Hub for tourism and hospitality education as a champion of Halal Tourism education expanding best practices within the country and in the region.","4","2025","Active","Leasing","Project Financing","IsDB OCR"
"Gambia","The School of Medicine and Allied Health Sciences (SMAHS) of the University of the Gambia","Project ObjectiveTo increase enrollment capacity, enhance training infrastructure, and introduce new academic programs to produce a highly skilled healthcare workforce in The Gambia.","4","2025","Active","Technical Assistance","Technical Assistance Operations","Other Funds"
"Nigeria","Zamfara State Climate Change Adaptation and Agricultural Value Chain Development Project","The project development objective is to contribute to poverty reduction and to strengthen the food and nutrition security of vulnerable populations in Zamfara state through sustainable development of Agricultural value chains. The project will support the government’s efforts of enhancing rural micro-finance initiatives through the Financial Service Association (FSA). The project will support accelerated economic growth on a sustainable basis through various reform systems.","4.38","2025","Active","Loan","Project Financing","IsDB OCR"
"Senegal","School Meals and Advanced Resources Technology (SMART) for Empowering Local Communities","The general objective of the project is to improve teaching-learning conditions and the academic performance and wellbeing of learners in vulnerable areas by strengthening local production to supply school canteens. The project will provide meals for over 100,000 students from 956 primary schools in Senegal during the implementation period.The project will provide meals for schools using food produced within the local economy to stimulate local production and income growth. This project will enhance access to healthy and nutritious meals for children, fostering improved learning outcomes and contributing to the development of local agriculture and communities.The project will strengthen school WASH infrastructure and hygiene behaviors to maximize the nutritional impact of school feeding and support improved health and learning outcomes among students.The project will strengthen school access to internet and digital content through online platforms and improve the monitoring and evaluation system...The project will use a multi-sector and multi-actor approach to link and facilitate rural transformation to create a multiplier effect on the local economy and make rural communities more resilient to shocks and schoolchildren better fed.More specifically, the project aims to : (i) Strengthen students' access","4.822673","2025","Active","Loan","Project Financing","Other Funds"
"Jordan","HOPE Jordan : Sustainable Agricultural Growth and Rural Employment Project","The project aims to support job creation and retention—with a particular focus on women and youth—by expanding access to affordable financing, delivering structured capacity-building, and strengthening market linkages for smallholder farmers, agricultural cooperatives, and micro, small, and medium agri-business enterprises. These efforts will also promote the adoption of climate-smart agriculture practices to ensure sustainable growth and enhanced food security. ","5","2025","Active","Loan","Project Financing","Other Funds"
"Mauritania","Establishment for Vocational Centers in Mauritania","The main objective of the project is to contribute to building an effective, equitable and inclusive Technical and Vocational Education and Training (TVET) system that serves the economy, contribute to its competitiveness and growth and equip young men and women with the required skills and competencies to improve their employability and help them integrate quickly and sustainably into decent jobs. Such a system should also enable companies to improve the skills of their workers through continuous and effective training. More specifically, the project aims at expanding access and improving the quality of VT systems to meet the needs of the economic stakeholders in terms of skills required to develop the economy.","5","2025","Active","Loan","Project Financing","Other Funds"
"Gambia","Widening of Bertil–Harding Highway Phase III, Gambia","The general objective of the project is to contribute to the economic growth of the country by supporting the transport development objective of increasing the percentage of the primary road network in good condition from 80% to 100% fixed by the country Recovery Focused National Development Plan 2023-2027.","5","2025","Active","Loan","Project Financing","IsDB OCR"
"Jordan","HOPE Jordan : Sustainable Agricultural Growth and Rural Employment Project","The project aims to support job creation and retention—with a particular focus on women and youth—by expanding access to affordable financing, delivering structured capacity-building, and strengthening market linkages for smallholder farmers, agricultural cooperatives, and micro, small, and medium agri-business enterprises. These efforts will also promote the adoption of climate-smart agriculture practices to ensure sustainable growth and enhanced food security. ","5","2025","Active","Loan","Project Financing","IsDB OCR"
"Uganda","Local Economic Growth Support Project Second Phase","To address development challenges outline in the agriculture and rural development in Uganda, the development objective of the proposed project is to contribute to the transformation of Uganda’s agricultural and rural development landscape by enhancing agrifood system productivity, promoting inclusion, and strengthening institutional capacity for agricultural resilience practices. The project will be implemented across 55 districts, in line with the NDPIV, PDM, and will contribute to the realization of Uganda Vision 2040 and the Sustainable Development Goals (SDGs 1, 2, 5, 6, 7 and 13). It will play a pivotal role in advancing local development by:• Increasing adoption of climate-smart farming practices, particularly among women smallholders.• Enhancing household nutritional intake, with a focus on women and girls.• Improving access to safe and clean water, located within short walking distances, thereby promoting household health and freeing up time for women to engage in economic activities.Key Specific Objectives• Improve agricultural production and productivity, strengthening value chain linkages to create economic opportunities, especially for women farmers.• Establish sustainable financial models to support smallholder farmers, catalyze investments along agribusiness value chains, and ensure long-te","5.071482","2025","Active","Loan","Project Financing","Other Funds"
"Uganda","Local Economic Growth Support Project Second Phase","To address development challenges outline in the agriculture and rural development in Uganda, the development objective of the proposed project is to contribute to the transformation of Uganda’s agricultural and rural development landscape by enhancing agrifood system productivity, promoting inclusion, and strengthening institutional capacity for agricultural resilience practices. The project will be implemented across 55 districts, in line with the NDPIV, PDM, and will contribute to the realization of Uganda Vision 2040 and the Sustainable Development Goals (SDGs 1, 2, 5, 6, 7 and 13). It will play a pivotal role in advancing local development by:• Increasing adoption of climate-smart farming practices, particularly among women smallholders.• Enhancing household nutritional intake, with a focus on women and girls.• Improving access to safe and clean water, located within short walking distances, thereby promoting household health and freeing up time for women to engage in economic activities.Key Specific Objectives• Improve agricultural production and productivity, strengthening value chain linkages to create economic opportunities, especially for women farmers.• Establish sustainable financial models to support smallholder farmers, catalyze investments along agribusiness value chains, and ensure long-te","5.175992","2025","Active","Instalment Sale","Project Financing","Other Funds"
"Benin","Godomey–Ouidah–Hillacondji Road Capacity Expansion and Upgrading Project","45. Benin has adopted a transport sector strategy from which it has defined an investment program that aims, among other objectives, to rehabilitate essential transport infrastructure through periodic maintenance and rehabilitation projects, and development of the existing road network.46. Indeed, the main axes of the National Transport Sector Development Strategy emphasize the promotion of growth, socio-economic development, and regional and national integration, notably through the upgrading of transport infrastructure. Among the axes of the program developed based on this strategy, we note support for poverty reduction through heavy investments that create wealth and improve the conditions for the movement of goods and people.47. One of the objectives shared by the West African Economic and Monetary Union (WAEMU) and the Economic Community of West African States (ECOWAS) is to facilitate circulation and reduce insecurity between major cities in Benin, as well as improve the performance of the Abidjan-Lagos corridor.48. Considering the constantly increasing traffic supported by the Abidjan-Lagos corridor and especially the saturation observed on these axes at the gates of the city of Cotonou, the Government of Benin has undertaken for several years, as part of the implementation of the road network developm","7.2704","2025","Active","Loan","Project Financing","IsDB OCR"
"Uganda","Local Economic Growth Support Project Second Phase","To address development challenges outline in the agriculture and rural development in Uganda, the development objective of the proposed project is to contribute to the transformation of Uganda’s agricultural and rural development landscape by enhancing agrifood system productivity, promoting inclusion, and strengthening institutional capacity for agricultural resilience practices. The project will be implemented across 55 districts, in line with the NDPIV, PDM, and will contribute to the realization of Uganda Vision 2040 and the Sustainable Development Goals (SDGs 1, 2, 5, 6, 7 and 13). It will play a pivotal role in advancing local development by:• Increasing adoption of climate-smart farming practices, particularly among women smallholders.• Enhancing household nutritional intake, with a focus on women and girls.• Improving access to safe and clean water, located within short walking distances, thereby promoting household health and freeing up time for women to engage in economic activities.Key Specific Objectives• Improve agricultural production and productivity, strengthening value chain linkages to create economic opportunities, especially for women farmers.• Establish sustainable financial models to support smallholder farmers, catalyze investments along agribusiness value chains, and ensure long-te","8.922437","2025","Active","Loan","Project Financing","IsDB OCR"
"Mauritania","Expansion of the National Center for Cardiology Project","The overall objective: to contribute to the achievement of the health-related SDG3 (Target 3.4) to reduce by one third premature mortality from non-communicable diseases including cardiovascular diseases.The specific objective: The project will contribute to reducing mortality and morbidity from major cardiovascular diseases and outpatient evacuation of children for cardiovascular healthcare services by 50% through increasing the capacity of the National center of Cardiology to better meet the population's demand for:- Specialized pediatric cardiac surgery care - Neurovascular and respiratory diseases care- Cardiovascular intensive care - Units for prevention, cardiac rehabilitation and therapeutic education for cardiovascular pathologies.","9.0573","2025","Active","Loan","Project Financing","IsDB OCR"
"Tajikistan","Tourism Business Education Development Project","The specific development objective is to improve access to and the quality of higher professional education in tourism and hospitality, based on best international practices, through the upgrading of the existing education institution to a modern, inclusive, and sustainable institution in Dangara city and strengthening its potential to serve as a Hub for tourism and hospitality education as a champion of Halal Tourism education expanding best practices within the country and in the region.","9.5","2025","Active","Loan","Project Financing","IsDB OCR"
"Cameroon","CAMEROON BASIC EDUCATION SUPPORT PROJECT (CAMBESP)","This project aims to contribute to the implementation of the Government of Cameroon Education and Training Sector Strategy for the period 2020-2030 currently being finalized through with a focus on the following:• Improving access to and completion of pre-primary and primary education.• Improving the quality of education in the pre-primary, primary and primary cycles.• Enhancing scientific and digital literacy among primary school teachers and students. • Providing access to nutrition and balanced school nutrition for vulnerable children or children living in disadvantaged areas, while strengthening their health, good growth, and psychosocial development.• Transforming the curricula to train a new type of qualified teachers, able to use alternative teaching approaches, taking into       account the needs of the national economy and the job market, while promoting the entrepreneurial culture among young people.","9.860487","2025","Active","Loan","Project Financing","IsDB OCR"
"Morocco","El Menzel Pumped Storage Hydropower Plant (PSH) Project","The project aims to support the energy sector's strategic goals of achieving a 52% share of renewable energy in the power sector by 2030 and transitioning to net-zero emissions by 2050. Specifically, the project will help meet the power demand during peak periods with a clean, renewable, and cost-effective power supply.","9.949937","2025","Active","Loan","Project Financing","IsDB OCR"
"Cameroon","CAMEROON BASIC EDUCATION SUPPORT PROJECT (CAMBESP)","This project aims to contribute to the implementation of the Government of Cameroon Education and Training Sector Strategy for the period 2020-2030 currently being finalized through with a focus on the following:• Improving access to and completion of pre-primary and primary education.• Improving the quality of education in the pre-primary, primary and primary cycles.• Enhancing scientific and digital literacy among primary school teachers and students. • Providing access to nutrition and balanced school nutrition for vulnerable children or children living in disadvantaged areas, while strengthening their health, good growth, and psychosocial development.• Transforming the curricula to train a new type of qualified teachers, able to use alternative teaching approaches, taking into       account the needs of the national economy and the job market, while promoting the entrepreneurial culture among young people.","10","2025","Active","Loan","Project Financing","Other Funds"
"Chad","Chad SmartED for Basic Education Project","The Project Development Objective (PDO) is to contribute to expanding equitable access to inclusive and quality basic education in Chad and to improving learning outcomes for all school-age children. The project places particular emphasis on addressing the barriers faced by disadvantaged and marginalized groups, including girls, children with disabilities (CwDs), refugees, and internally displaced children. By targeting these populations, the PDO seeks not only to increase enrollment and retention but also to promote equity, social cohesion, and long-term human capital development. Ultimately, the project aims to create an enabling environment where every child—regardless of gender, ability, or socio-economic background—can acquire the foundational skills needed to thrive and contribute to the country’s sustainable development.To achieve this objective, the project will focus on strengthening the capacity, resilience, and efficiency of the education system in the Republic of Chad to:i. Improve access, effective participation and completion of basic education for target groups and project beneficiaries.ii. Facilitate and institutionalize inclusion and equity in basic education through the strengthening of inclusive education for all.iii. Enhance education quality, teaching-learning processes and learning outc","10","2025","Active","Loan","Project Financing","Other Funds"
"Mauritania","Construction and Equipment of Reference Hospital for Maternal, Child and Newborn Health","Overall Objective: to contribute to the achievement of the health-related SDG3 (Target 3.1 and 3.2) in Mauritania, which aims at reducing the global maternal mortality ratio to less than 70 per 100 000 live births and ending preventable deaths of newborns and children under 5 years of age, aiming to reduce neonatal mortality and under 5 mortality to at least as low as 12 per 1,000 live births and 25 per 1,000 live births, respectively.Specific Objective: The project will contribute to reducing mortality and morbidity from major maternal and child diseases through the construction and equipping of 400 beds referral hospital for maternal, neonatal and child health in Nouakchott, to better meet the growing population's demand for specialized care in gynecology, obstetric, neonatology, and pediatrics including surgery.","10","2025","Active","Loan","Project Financing","Other Funds"
"Bangladesh","Construction of Five Climate Resilient Bridges in Mymensingh Division, Bangladesh","The Project Development Objective (PDO) is to improve the socio-economic conditions of people living in the project’s zone of influence by upgrading the level of service on the Sunamganj – Jamalpur Border Road (Z-2834) and Shymganj – Durgapur Border Road (Z-3704) through the construction of 5 climate resilient bridges to improve connectivity in Mymensingh Division. This objective is directly relevant to the problem statement, i.e. the poor road connectivity along the Z-2834 and Z-3704, hinders the socio-economic development of the region. The objective is also in line with the country's development objectives and targets for the road transport sub-sector.The specific project objectives are: (i) reducing travel time, vehicle operating cost, improving road safety, comfort and convenience for passengers and freight transporters, (ii) improving access to markets, social services, and other economic opportunities, (iii) stimulating economic activities, income generation, employment creation and poverty reduction along the road corridor, (iv) enhancing social services delivery such as health, education, for the population, especially women, children and vulnerable groups, (v) supporting the urban and rural development, while minimizing regional disparities and social inequalities, and (vi) utilizing bridges for engi","10","2025","Active","Loan","Project Financing","IsDB OCR"
"Bangladesh","Sonagazi 220 MW Solar Power and Livelihoods Improvement Project","Project Development Objective: The project’s overarching development objective is to contribute to the nationwide economic development and improvement of living standard by supporting towards the achievement of the national power generation capacity target of 40,000 MW by 2030. The specific objectives include:i) To increase total electricity from renewable energy sources.ii) To contribute to reducing carbon emission.iii) Livelihoods of the people will be improved through agricultural activities on the project land.","10","2025","Active","Loan","Project Financing","IsDB OCR"
"Jordan","Emergency Food Security Project Phase II","The Project development objective is mainly to strengthen Jordan's food security and climate resilience by enhancing the strategic reserve through securing stocks of two vital commodities, wheat, and barley. Additionally, it seeks to improve resilient agricultural production by addressing challenges related to water scarcity, storage, and food safety.","10","2025","Active","Loan","Project Financing","IsDB OCR"
"Turkmenistan","Improving Quality of Oncology Services and Construction  of Cancer Treatment Centers Project","The objective of the project is to contribute to improvement of access to high quality oncology services in Turkmenistan through construction and equipping of oncology centers with state-of-the-art medical equipment and training of health care providers and specialized staff. It will be achieved through (i) Improving Access to Oncology Services - construction of three oncology centers in Balkanabad, Turkmenabad and Mary cities and (ii) Improving Quality of Oncology Services with particular emphasis on training in oncology and related fields for medical and technical personnel, trainers, and physicists.","10","2025","Active","Loan","Project Financing","IsDB OCR"
"Uzbekistan","Support to Development of Oncology Services Project (Phase II)","The objective of the project is to enhance access of the population in Uzbekistan to quality oncology services","10","2025","Active","Instalment Sale","Project Financing","IsDB OCR"
"Djibouti","Establishment of National Oncology Center","The project development objective (PDO) and supporting project activities are based on the National Plan and initiative which aims at ensuring access to healthcare services for all and particularly to radiotherapy and other related services. The project will contribute to the reduction of morbidity and mortality related to cancer.","10.7","2025","Active","Instalment Sale","Project Financing","IsDB OCR"
"Sierra Leone","LLF-Livestock and Livelihoods Development Project (LLDP), Sierra Leone","The overall goal of the Project is to contribute to poverty reduction, enhance food security and nutrition of rural households and create employment opportunities for rural women and youth in Sierra Leone.","11.6","2025","Active","Instalment Sale","Project Financing","IsDB OCR"
"Pakistan","Poverty Graduation Project - A Community Driven Intervention","The Project Development Objective (PDO) is to enable the rural poor in the project locations, especially women and youth, to sustainably improve their livelihoods and attain a higher level of socio-economic well-being.","12.5","2025","Active","Loan","Project Financing","IsDB OCR"
"Lebanon","Construction of Bqerqasha Diversion & Bqerqasha – Bcharre Road Project","The overall objective of the project is to contribute to the socio-economic development of the Qadisha Valley region of Lebanon through enhancing connectivity and mobility of people, supporting local livelihoods, and facilitating inclusive access to essential services and economic opportunities. By improving mobility, the project aims to unlock economic opportunities, particularly in the agriculture and tourism sectors, and expand access to social services for the population of the region.","13.5","2025","Active","Instalment Sale","Project Financing","IsDB OCR"
"Gambia","The School of Medicine and Allied Health Sciences (SMAHS) of the University of the Gambia","Project ObjectiveTo increase enrollment capacity, enhance training infrastructure, and introduce new academic programs to produce a highly skilled healthcare workforce in The Gambia.","14","2025","Active","Loan","Project Financing","IsDB OCR"
"Kyrgyz Republic","Line of Financing for Promoting Agriculture Mechanization in Kyrgyz Republic","The project development objective is to empower rural livelihoods in the Kyrgyz Republic through sustainable agricultural mechanization. Long-term funds will be provided to commercial banks, which will extend Shariah-compliant sub-financing to eligible end-beneficiaries, especially smallholder farmers, for purchasing necessary machinery and equipment. The aim is to empower farmers with advanced machinery and technology, fostering a more competitive, efficient, and lucrative agricultural landscape in the Kyrgyz Republic. Through the strategic integration of mechanization, the project seeks to enhance the sector's capacity to meet market demands, increase yields, and ultimately elevate the socio-economic well-being of the agricultural community.","14","2025","Active","Loan","Project Financing","IsDB OCR"
"Sierra Leone","Freetown Water and Sanitation Improvement Project (FWASIP)","The project aims to improve access to safe, reliable, and climate-resilient water supply and sanitation services, while ensuring the environmental sustainability of the Western Area watershed and strengthening the health and well-being of the population of Freetown, particularly women and children.","14.625","2025","Active","Instalment Sale","Project Financing","IsDB OCR"
"Palestine","Khalid Al-Hassan Cancer Hospital Project","The Project’s development objective is to contribute to the development of the health system in Palestine through establishment of a world-class Center of Excellence for Cancer that would provide comprehensives cancer prevention and treatment services in addition to serving as a national hub for training and research in the field.","16.4","2025","Active","Loan","Project Financing","IsDB OCR"
"Sierra Leone","Cassava Value Chain Development Project, Sierra Leone","PROJECT OBJECTIVESThe overall development objectives of the project would be to reduce poverty, generate employment for over 30,000 women and youths and improve the standard of living of the rural population, as well as to diversify the economy and reduce dependence on other revenues streams.","17","2025","Active","Instalment Sale","Project Financing","IsDB OCR"
"Uganda","Establishment of Regional Oncology Center","The project aims to support the GoU in alleviating the burden of cancer treatment and care, which significantly impacts the social well-being and economic productivity of the population in the country. Specifically, the project seeks to improve access to oncology services in West Nile and Eastern Uganda through (a) Construction and equipping oncology centers in Arua and Mbale Cities; (ii) Development of human resource capacity for cancer diagnosis and treatment; and (iii) Establishment of a cancer registry system for the targeted regions to monitor trends and treatment outcomes.","17","2025","Active","Instalment Sale","Project Financing","IsDB OCR"
"Gambia","The School of Medicine and Allied Health Sciences (SMAHS) of the University of the Gambia","Project ObjectiveTo increase enrollment capacity, enhance training infrastructure, and introduce new academic programs to produce a highly skilled healthcare workforce in The Gambia.","18","2025","Active","Instalment Sale","Project Financing","IsDB OCR"
"Mauritania","Expansion of the National Center for Cardiology Project","The overall objective: to contribute to the achievement of the health-related SDG3 (Target 3.4) to reduce by one third premature mortality from non-communicable diseases including cardiovascular diseases.The specific objective: The project will contribute to reducing mortality and morbidity from major cardiovascular diseases and outpatient evacuation of children for cardiovascular healthcare services by 50% through increasing the capacity of the National center of Cardiology to better meet the population's demand for:- Specialized pediatric cardiac surgery care - Neurovascular and respiratory diseases care- Cardiovascular intensive care - Units for prevention, cardiac rehabilitation and therapeutic education for cardiovascular pathologies.","19.62","2025","Active","Instalment Sale","Project Financing","IsDB OCR"
"Cameroon","CAMEROON BASIC EDUCATION SUPPORT PROJECT (CAMBESP)","This project aims to contribute to the implementation of the Government of Cameroon Education and Training Sector Strategy for the period 2020-2030 currently being finalized through with a focus on the following:• Improving access to and completion of pre-primary and primary education.• Improving the quality of education in the pre-primary, primary and primary cycles.• Enhancing scientific and digital literacy among primary school teachers and students. • Providing access to nutrition and balanced school nutrition for vulnerable children or children living in disadvantaged areas, while strengthening their health, good growth, and psychosocial development.• Transforming the curricula to train a new type of qualified teachers, able to use alternative teaching approaches, taking into       account the needs of the national economy and the job market, while promoting the entrepreneurial culture among young people.","20","2025","Active","Instalment Sale","Project Financing","IsDB OCR"
"Chad","Chad SmartED for Basic Education Project","The Project Development Objective (PDO) is to contribute to expanding equitable access to inclusive and quality basic education in Chad and to improving learning outcomes for all school-age children. The project places particular emphasis on addressing the barriers faced by disadvantaged and marginalized groups, including girls, children with disabilities (CwDs), refugees, and internally displaced children. By targeting these populations, the PDO seeks not only to increase enrollment and retention but also to promote equity, social cohesion, and long-term human capital development. Ultimately, the project aims to create an enabling environment where every child—regardless of gender, ability, or socio-economic background—can acquire the foundational skills needed to thrive and contribute to the country’s sustainable development.To achieve this objective, the project will focus on strengthening the capacity, resilience, and efficiency of the education system in the Republic of Chad to:i. Improve access, effective participation and completion of basic education for target groups and project beneficiaries.ii. Facilitate and institutionalize inclusion and equity in basic education through the strengthening of inclusive education for all.iii. Enhance education quality, teaching-learning processes and learning outc","20","2025","Active","Instalment Sale","Project Financing","IsDB OCR"
"Morocco","Inland Aquaculture Value Chain Development Project","The project's main goal is to enhance food security and improve living conditions by promoting the inland aquaculture value chain through technology transfer and capacity building. Specifically, it aims to increase inland fish production by developing sustainable aquaculture infrastructure and to strengthen aquaculture cooperatives, private sector enterprises, and national institutions through targeted capacity-building programs. These efforts will expand fish supply for domestic and export markets, raise incomes, create youth employment, and improve the connection between policy, research, and practice.","21.445882","2025","Active","Instalment Sale","Project Financing","IsDB OCR"
"Togo","Drinking Water Supply Project for Kara Region","The overall objective of the project is to improve the living conditions of the populations of the city of Kara by providing improved and sustainable access to basic drinking water services. The specific objectives of the project are to (i) Increase the drinking water coverage rate in the city of kara from 50% to 75% (ii) increase by 50% the daily volume of water produced (iii) provided with access to safe water supply to 6200 households","23.860285","2025","Active","Instalment Sale","Project Financing","IsDB OCR"
"Kyrgyz Republic","Construction of Electricity Transmission Line and Substations in Tamga and Karakol in Issyk-Kul Region Project","The project objective is to construct new transmission line and substations in Tamga and Karakol, addresses the critical need for reliable electricity supply in rural communities, fostering economic growth, improving living standards, and bridging the urban-rural development gap. This development will ensure a steady electricity supply in the Issyk-Kul region.","25.25","2025","Active","Loan","Project Financing","IsDB OCR"
"Uganda","Local Economic Growth Support Project Second Phase","To address development challenges outline in the agriculture and rural development in Uganda, the development objective of the proposed project is to contribute to the transformation of Uganda’s agricultural and rural development landscape by enhancing agrifood system productivity, promoting inclusion, and strengthening institutional capacity for agricultural resilience practices. The project will be implemented across 55 districts, in line with the NDPIV, PDM, and will contribute to the realization of Uganda Vision 2040 and the Sustainable Development Goals (SDGs 1, 2, 5, 6, 7 and 13). It will play a pivotal role in advancing local development by:• Increasing adoption of climate-smart farming practices, particularly among women smallholders.• Enhancing household nutritional intake, with a focus on women and girls.• Improving access to safe and clean water, located within short walking distances, thereby promoting household health and freeing up time for women to engage in economic activities.Key Specific Objectives• Improve agricultural production and productivity, strengthening value chain linkages to create economic opportunities, especially for women farmers.• Establish sustainable financial models to support smallholder farmers, catalyze investments along agribusiness value chains, and ensure long-te","25.802483","2025","Active","Instalment Sale","Project Financing","IsDB OCR"
"Uganda","Local Economic Growth Support Project Second Phase","To address development challenges outline in the agriculture and rural development in Uganda, the development objective of the proposed project is to contribute to the transformation of Uganda’s agricultural and rural development landscape by enhancing agrifood system productivity, promoting inclusion, and strengthening institutional capacity for agricultural resilience practices. The project will be implemented across 55 districts, in line with the NDPIV, PDM, and will contribute to the realization of Uganda Vision 2040 and the Sustainable Development Goals (SDGs 1, 2, 5, 6, 7 and 13). It will play a pivotal role in advancing local development by:• Increasing adoption of climate-smart farming practices, particularly among women smallholders.• Enhancing household nutritional intake, with a focus on women and girls.• Improving access to safe and clean water, located within short walking distances, thereby promoting household health and freeing up time for women to engage in economic activities.Key Specific Objectives• Improve agricultural production and productivity, strengthening value chain linkages to create economic opportunities, especially for women farmers.• Establish sustainable financial models to support smallholder farmers, catalyze investments along agribusiness value chains, and ensure long-te","26.181878","2025","Active","Instalment Sale","Project Financing","IsDB OCR"
"Mauritania","Establishment for Vocational Centers in Mauritania","The main objective of the project is to contribute to building an effective, equitable and inclusive Technical and Vocational Education and Training (TVET) system that serves the economy, contribute to its competitiveness and growth and equip young men and women with the required skills and competencies to improve their employability and help them integrate quickly and sustainably into decent jobs. Such a system should also enable companies to improve the skills of their workers through continuous and effective training. More specifically, the project aims at expanding access and improving the quality of VT systems to meet the needs of the economic stakeholders in terms of skills required to develop the economy.","28.249511","2025","Active","Instalment Sale","Project Financing","IsDB OCR"
"Tajikistan","Construction of Rogun Hydropower Plant (Left Bank Structures)","The project development objective is to develop a multi-purpose dam for generating electricity, regulating water, and reducing the risk of floods and droughts. The Rogun HPP will produce sufficient environmentally friendly and clean electricity to fully satisfy Tajikistan’s electricity demand. It will also generate enough electricity to export to neighbouring countries which presently use mostly fossil fuels for electricity. The full commission of Rogun HPP will increase its generation capacity by 50-60%, and construction of a bigger reservoir will also help to guarantee supply during the whole year, including winter. The Rogun HPP represents a sustainable water and energy solution contributing to global mitigation goals and regional adaptation objectives. It will provide a valuable contribution to the reduction of the CO2 emissions in the region. In addition, the Rogun HPP will help to create new jobs and businesses improving the social and economic situation in Tajikistan and neighbouring countries and supporting the sustainable development goals","30","2025","Active","Loan","Project Financing","IsDB OCR"
"Senegal","School Meals and Advanced Resources Technology (SMART) for Empowering Local Communities","The general objective of the project is to improve teaching-learning conditions and the academic performance and wellbeing of learners in vulnerable areas by strengthening local production to supply school canteens. The project will provide meals for over 100,000 students from 956 primary schools in Senegal during the implementation period.The project will provide meals for schools using food produced within the local economy to stimulate local production and income growth. This project will enhance access to healthy and nutritious meals for children, fostering improved learning outcomes and contributing to the development of local agriculture and communities.The project will strengthen school WASH infrastructure and hygiene behaviors to maximize the nutritional impact of school feeding and support improved health and learning outcomes among students.The project will strengthen school access to internet and digital content through online platforms and improve the monitoring and evaluation system...The project will use a multi-sector and multi-actor approach to link and facilitate rural transformation to create a multiplier effect on the local economy and make rural communities more resilient to shocks and schoolchildren better fed.More specifically, the project aims to : (i) Strengthen students' access","31.621462","2025","Active","Instalment Sale","Project Financing","IsDB OCR"
"Tunisia","Construction of Saida and kalaa Kibira Dams and Water Transfer Infrastructure Project","The objective of the project is to ensure water supply, quality, and security in Cap Bon, Sfax and Sahel for both potable and irrigation water for the next decades.","35.1","2025","Active","Instalment Sale","Project Financing","IsDB OCR"
"Guinea","Construction of Boké - Quebo Road (Section Boké – Dabiss Road - 45 Km)","The objective of the project is to improve the level of service along road infrastructure in a cost-effective manner that supports economic infrastructures in agricultural production areas, improves rural accessibility and delivers an all year all-weather access to markets to boost high-level agricultural value chain.","37","2025","Active","Instalment Sale","Project Financing","IsDB OCR"
"Uzbekistan","Samarkand-I Utility Scale Solar Photovoltaic and Battery Storage Project","The Project objectives include increasing the supply of privately financed solar power generation to meet Uzbekistan’s increasing energy demand while ensuring the stabilization of the grid. It will avoid grid congestion, regulate peak loads, and improve the efficiency and reliability of power supply to the national economy and the population. The project is expected to generate 1,125 million kWh per year of electricity from solar energy resources, enough to power more than 300,000 households.","41.581122","2025","Active","Leasing","Project Financing","IsDB OCR"
"Cameroon","Sustainable Irrigation and Agricultural Value Chain Development Project, Cameroon","The Project Development Objective (PDO) aims to improve the living conditions of the rural households in the Far North Region by strengthening sustainable agricultural value chain  through expended  access to the improved irrigation system, high quality seeds and other critical inputs that enhance productivity, resilience and market integration.   The project also invests in critical social and economic infrastructure, including schools, health centers, roads, bridges, market facilities, and WASH services—to foster inclusive growth and community resilience.","42.4944","2025","Active","Instalment Sale","Project Financing","IsDB OCR"
"Nigeria","Zamfara State Climate Change Adaptation and Agricultural Value Chain Development Project","The project development objective is to contribute to poverty reduction and to strengthen the food and nutrition security of vulnerable populations in Zamfara state through sustainable development of Agricultural value chains. The project will support the government’s efforts of enhancing rural micro-finance initiatives through the Financial Service Association (FSA). The project will support accelerated economic growth on a sustainable basis through various reform systems.","47.852749","2025","Active","Instalment Sale","Project Financing","IsDB OCR"
"Nigeria","YOBE STATE INTEGRATED AGRICULTURAL DEVELOPMENT PROJECT (YSIADP)","The primary objective of the Yobe State Integrated Agricultural Development Project (YSIADP) is to enhance agricultural productivity, strengthen resilience to climate and market shocks, and promote inclusive economic growth through the development of sustainable agricultural value chains. The project is designed to transform the agricultural sector in Yobe State into a more competitive, market-oriented, and climate-resilient system that can sustainably support livelihoods and contribute to food security.","48","2025","Active","Instalment Sale","Project Financing","IsDB OCR"
"Kazakhstan","Climate Resilient Water Resources Development Project (Phase-1)","The development objective of the Program is to improve agricultural productivity, ensure food and water security for vulnerable communities, and build resilience to climate change impacts. This will be achieved at the first stage of the Program through the construction, modernization and rehabilitation of 11 small and medium water reservoirs and water regulators, and approximately 3.400 km irrigation networks, and related infrastructure that would be resilient to climate variability and extreme weather events. The project also aims to enhance institutional capacity in water sector and mainstream technologies and digitization for improved water resources management and decision making process.","50","2025","Active","Loan","Project Financing","IsDB OCR"
"Nigeria","Sokoto Health Infrastructure Project (SHIP)","The objective of the project is to contribute to the healthcare system strengthening in Sokoto State through fostering excellence in medical education and development of resilient and quality healthcare and pharmaceutical infrastructure.The project`s main activities to:- Enhance Medical Education and Training through the construction and equipping of 3 faculties, library and 2 hostels for the College of Medical Sciences under the Sokoto State University to address health workforce shortages, improve public health outcomes, advance research capabilities, foster innovation in healthcare delivery.- Enhance healthcare supply chain resilience through the construction of Zonal Medical Warehouse with the state-of-the-art medical equipment meeting international quality standards and requirements. - Improve access to quality of healthcare services to 6,391,000 people in the Sokoto State.","50","2025","Active","Instalment Sale","Project Financing","IsDB OCR"
"Türkiye","Municipal Infrastructure for Recovery and Resilience Project","The project aims to improve health and safety of people living in Turkish cities through better and more resilient municipal services in water, wastewater and transport sectors. The Project Development Objective (PDO) is to support municipalities in Türkiye in the development of sustainable and resilient environmental and urban mobility infrastructure.","54","2025","Active","Instalment Sale","Project Financing","IsDB OCR"
"Mauritania","Construction and Equipment of Reference Hospital for Maternal, Child and Newborn Health","Overall Objective: to contribute to the achievement of the health-related SDG3 (Target 3.1 and 3.2) in Mauritania, which aims at reducing the global maternal mortality ratio to less than 70 per 100 000 live births and ending preventable deaths of newborns and children under 5 years of age, aiming to reduce neonatal mortality and under 5 mortality to at least as low as 12 per 1,000 live births and 25 per 1,000 live births, respectively.Specific Objective: The project will contribute to reducing mortality and morbidity from major maternal and child diseases through the construction and equipping of 400 beds referral hospital for maternal, neonatal and child health in Nouakchott, to better meet the growing population's demand for specialized care in gynecology, obstetric, neonatology, and pediatrics including surgery.","56.3355","2025","Active","Instalment Sale","Project Financing","IsDB OCR"
"Uzbekistan","Reconstruction of 4R40 Dashtabad - Zaamin - Bakhmal - Gallyaaral Road, 24-182 km","The project development objective is to improve the efficiency of the 4R40 road transport infrastructure and ensure the safe movement of goods and people along the project road section. Specifically, it will help cope with current traffic and meet future demands for transportation, eliminate the current road efficiency constraints, which is caused by the poor design and condition of the road. Eventually, average travel time as well as vehicle operating costs will decrease. To reach this objective, the project will reconstruct and upgrade 153 km of road. The subject road is one of the main secondary roads which complements the interventions being done along the international M39 road corridor.","57","2025","Active","Instalment Sale","Project Financing","IsDB OCR"
"Uzbekistan","Samarkand-II Utility Scale Solar Photovoltaic and Battery Storage Project","The Project objectives include increasing the supply of privately financed solar power generation to meet Uzbekistan’s increasing energy demand while ensuring the stabilization of the grid. It will avoid grid congestion, regulate peak loads, and improve the efficiency and reliability of power supply to the national economy and the population. The project is expected to generate 1,120 million kWh per year of electricity from solar energy resources, enough to power more than 100,000 households.","62.066813","2025","Active","Leasing","Project Financing","IsDB OCR"
"Mauritania","Mauritania-Mali Electricity Interconnection and Related Solar Power Plants Project","The project aims to enhance regional power trade between Mali/Mauritania, increase access to electricity in both countries, and increase renewable energy production in their power systems.  The project's overall impact is to enhance the energy security of both countries by providing sustainable and affordable energy.","64.5723","2025","Active","Leasing","Project Financing","IsDB OCR"
"Uzbekistan","Reconstruction of 4R40 Dashtabad - Zaamin - Bakhmal - Gallyaaral Road, 24-182 km","The project development objective is to improve the efficiency of the 4R40 road transport infrastructure and ensure the safe movement of goods and people along the project road section. Specifically, it will help cope with current traffic and meet future demands for transportation, eliminate the current road efficiency constraints, which is caused by the poor design and condition of the road. Eventually, average travel time as well as vehicle operating costs will decrease. To reach this objective, the project will reconstruct and upgrade 153 km of road. The subject road is one of the main secondary roads which complements the interventions being done along the international M39 road corridor.","65","2025","Active","Instalment Sale","Project Financing","IsDB OCR"
"Uzbekistan","Reconstruction of 4R40 Dashtabad - Zaamin - Bakhmal - Gallyaaral Road, 24-182 km","The project development objective is to improve the efficiency of the 4R40 road transport infrastructure and ensure the safe movement of goods and people along the project road section. Specifically, it will help cope with current traffic and meet future demands for transportation, eliminate the current road efficiency constraints, which is caused by the poor design and condition of the road. Eventually, average travel time as well as vehicle operating costs will decrease. To reach this objective, the project will reconstruct and upgrade 153 km of road. The subject road is one of the main secondary roads which complements the interventions being done along the international M39 road corridor.","70","2025","Active","Instalment Sale","Project Financing","IsDB OCR"
"Suriname","COMBATING NONCOMMUNICABLE DISEASES THROUGH IMPROVING QUALITY OF HEALTH SERVICES IN SURINAME","The goal of the project is to contribute to the reduction of premature mortality from noncommunicable diseases by one-third by 2030, in line with SDG 3.4. The main objective of the project is to reduce the morbidity and mortality related to noncommunicable diseases (NCDs) in Suriname by strengthening the institutional and human resource capacity of the public health system and hospitals to deliver comprehensive prevention, treatment, and management strategies, thereby improving population health outcomes and healthcare quality.The project directly addresses the problem of inadequate healthcare infrastructure by providing modern facilities that can accommodate the growing healthcare needs of the population. The new hospital will not only expand the capacity for patient care but also introduce advanced medical technologies and services that are currently unavailable or insufficient in the country.Specific objectives of the project include:To enhance Hospital Infrastructure and Capacity for NCD Care through upgrading hospital infrastructure by constructing new AZP super specialized building and equipping facilities with necessary medical equipment and technologies, establishing specialized NCD units, and ensuring hospitals have the physical and operational capacity to deliver high-quality, comprehensive NCD pr","75.075512","2025","Active","Instalment Sale","Project Financing","IsDB OCR"
"Côte d'Ivoire","Regional Rice Value Chain Development Program (RRVCDP)","The project’s general objective is to contribute to reducing the high importation rate of rice and enhance economic growth through improved production, processing, and marketing of rice.","112.536","2025","Active","Instalment Sale","Project Financing","IsDB OCR"
"Bangladesh","Sonagazi 220 MW Solar Power and Livelihoods Improvement Project","Project Development Objective: The project’s overarching development objective is to contribute to the nationwide economic development and improvement of living standard by supporting towards the achievement of the national power generation capacity target of 40,000 MW by 2030. The specific objectives include:i) To increase total electricity from renewable energy sources.ii) To contribute to reducing carbon emission.iii) Livelihoods of the people will be improved through agricultural activities on the project land.","133.08","2025","Active","Leasing","Project Financing","IsDB OCR"
"Türkiye","Municipal Infrastructure for Recovery and Resilience Project","The project aims to improve health and safety of people living in Turkish cities through better and more resilient municipal services in water, wastewater and transport sectors. The Project Development Objective (PDO) is to support municipalities in Türkiye in the development of sustainable and resilient environmental and urban mobility infrastructure.","162","2025","Active","Instalment Sale","Project Financing","IsDB OCR"
"Türkiye","Antalya-Alanya Motorway Project","The Project will contribute to enhanced connectivity, reduction in travel time, alleviation of traffic congestion, emissions reductions, and enhanced road safety conditions between Antalya and Alanya districts/cities","164.149705","2025","Active","Instalment Sale","Project Financing","IsDB OCR"
"Burkina Faso","Project for the Revitalization of Infrastructure Supporting the Economy (PRISE)","The project aims to improve the road network and enhance mobility for goods and people by constructing, asphalting, and rehabilitating 302.8 km of roads across five regions, alongside revitalizing the railway connecting Côte d'Ivoire to Burkina Faso. It also focuses on boosting regional integration by developing a railway network linking Mali, Niger, and Burkina Faso, improving transport services, and enhancing connectivity for both urban and rural areas. The project seeks to improve road safety, reduce transportation costs, and promote collaboration among WAEMU member states for sustainable growth and regional integration.","172.355233","2025","Active","Instalment Sale","Project Financing","IsDB OCR"
"Bahrain","King Faisal Highway Upgrade Project","To enhance urban mobility and traffic efficiency by upgrading King Faisal Highway with grade-separated interchanges, underpasses, and U-turn bridges, thereby reducing travel time and improving connectivity to adjacent developments","180.72","2025","Active","Instalment Sale","Project Financing","IsDB OCR"
"Morocco","Water stress Mitigation Project in Morocco","The Project Objective is to increase water resources developed for multiple use and storage capacity in dams of Bou Ahmed and Tfer across the Kanar and Loukkos rivers basins respectively and to enhance inter-basin water transfer (from northern basins with excess of water to the southern basins with water deficit) to contribute to mitigate the water stress experienced by Morocco.","213.791182","2025","Active","Instalment Sale","Project Financing","IsDB OCR"
"Côte d'Ivoire","Abidjan Sustainable and Integrated Urban Mobility Project","The Project Development Objective is to improve access to economic and social opportunities, increase the efficiency of the public transportation system along the Boulevard Latrille (main north-south corridor) as well as its feeder lines in the commune of Cocody, and contribute to the implementation of the Integrated Multimodal Transport System (SMIT) of Abidjan.Specifically, the project aims to improve the attractiveness of public transport along the Bouvelard Latrille by increasing the number of people transported by BRT by 2,500,000, improving the commercial speed of SOTRA buses by 5 km/h and building the capacity of 2,500 artisanal transporters. The project will also help to reduce greenhouse gas emissions by renewing 500 informal transport vehicles and using gas-powered buses for public transport.","216.216216","2025","Active","Instalment Sale","Project Financing","IsDB OCR"
"Cameroon","Douala-Bafoussam Road Rehabilitation Project","The Project Development Objective (PDO) is to develop the interconnection between the major cities of Douala and Bafoussam (Littoral and West regions), which is considered a bedrock of economic activities in the country. This objective is directly relevant to the problem statement, i.e. the poor condition and low level of service of the existing roads, which hinders the socio-economic development of the concerned regions (Littoral and West regions) and exposes road users to high risks of accidents and insecurity. The objective is also in line with the country's development objectives, which aim to promote regional integration, economic diversification and social inclusion through improved transport infrastructure and services to facilitate trade exchanges between Cameroon, Nigeria, Chad and the Central African RepublicThe specific project objectives are: (i) improving the road condition of the N5 Douala-Bafoussam, (ii) opening up interconnection alternatives within the Douala-N'Djamena corridor, through western Cameroon, (iii) reducing transport costs, (iv) improving the living conditions of the populations of the project's area of influence including Access to Social and Economic Facilities and (v) opening up the production basins of the Littoral and West Regions of Cameroon and enhancing moving of goods to i","221.197917","2025","Active","Instalment Sale","Project Financing","IsDB OCR"
"Bangladesh","Construction of Five Climate Resilient Bridges in Mymensingh Division, Bangladesh","The Project Development Objective (PDO) is to improve the socio-economic conditions of people living in the project’s zone of influence by upgrading the level of service on the Sunamganj – Jamalpur Border Road (Z-2834) and Shymganj – Durgapur Border Road (Z-3704) through the construction of 5 climate resilient bridges to improve connectivity in Mymensingh Division. This objective is directly relevant to the problem statement, i.e. the poor road connectivity along the Z-2834 and Z-3704, hinders the socio-economic development of the region. The objective is also in line with the country's development objectives and targets for the road transport sub-sector.The specific project objectives are: (i) reducing travel time, vehicle operating cost, improving road safety, comfort and convenience for passengers and freight transporters, (ii) improving access to markets, social services, and other economic opportunities, (iii) stimulating economic activities, income generation, employment creation and poverty reduction along the road corridor, (iv) enhancing social services delivery such as health, education, for the population, especially women, children and vulnerable groups, (v) supporting the urban and rural development, while minimizing regional disparities and social inequalities, and (vi) utilizing bridges for engi","231.3","2025","Active","Leasing","Project Financing","IsDB OCR"
"Côte d'Ivoire","Upgrading of the Tafiré – Ferkessédougou Highway (58 km)","The Tafiré–Ferkessédougou Project aims to improve connectivity and access to economic and social opportunities along a vital section of Côte d’Ivoire’s A3 national and regional highway. By upgrading the 58 km corridor to a dual carriageway, the project seeks to reduce travel time, vehicle operating costs, and facilitate trade between central and northern Côte d’Ivoire and neighboring landlocked countries. It incorporates robust engineering standards, climate-resilient infrastructure, and institutional capacity building to ensure long-term sustainability. Additionally, the project focuses on enhancing road safety, promoting social inclusion, and supporting climate adaptation efforts, ultimately contributing to regional development and improved living conditions for local communities,","232","2025","Active","Instalment Sale","Project Financing","IsDB OCR"
"Benin","Godomey–Ouidah–Hillacondji Road Capacity Expansion and Upgrading Project","45. Benin has adopted a transport sector strategy from which it has defined an investment program that aims, among other objectives, to rehabilitate essential transport infrastructure through periodic maintenance and rehabilitation projects, and development of the existing road network.46. Indeed, the main axes of the National Transport Sector Development Strategy emphasize the promotion of growth, socio-economic development, and regional and national integration, notably through the upgrading of transport infrastructure. Among the axes of the program developed based on this strategy, we note support for poverty reduction through heavy investments that create wealth and improve the conditions for the movement of goods and people.47. One of the objectives shared by the West African Economic and Monetary Union (WAEMU) and the Economic Community of West African States (ECOWAS) is to facilitate circulation and reduce insecurity between major cities in Benin, as well as improve the performance of the Abidjan-Lagos corridor.48. Considering the constantly increasing traffic supported by the Abidjan-Lagos corridor and especially the saturation observed on these axes at the gates of the city of Cotonou, the Government of Benin has undertaken for several years, as part of the implementation of the road network developm","351.710928","2025","Active","Instalment Sale","Project Financing","IsDB OCR"
"Pakistan","M-6 Motorway Development Project","The aim of the project is to contribute to a sustainable and resilient transport corridor across the country, which will promote efficient connectivity and smooth flow of traffic, as well as enhance economic development. The Project Development Objective is to enhance regional connectivity, reduce transport costs, and promote inclusive economic development in Pakistan through the construction and operationalization of the M-6 segment, from Hyderabad to Sukkur, of the overall Peshawar - Karachi Motorway (PKM).","475","2025","Active","Instalment Sale","Project Financing","IsDB OCR"
"Türkiye","Disaster Resilient Health Infrastructure Development Project","The Project Development Objective is to contribute to the delivery of resilient, state-of-the-art hospitals in Istanbul that are capable of withstanding major earthquakes while ensuring the continuity of healthcare services during and after such events.","520","2025","Active","Instalment Sale","Project Financing","IsDB OCR"
"Oman","Climate-Resilient Flood Protection Dams Project","The project aims at achieving a high level of flood risk control in four critical areas in the Sultanate of Oman: WADI MAJLASS Dam in Quriyat Province, Muscat Governorate; WADI AL-KHAWD Dam in Al Seeb Province,  Muscat Governate; WADI AHIN Dam in Saham Province, North Al Batinah Governorate; and WADI RIJMA Dam in Shinas Province, North Al Batinah Governorate. By enhancing flood protection infrastructure, the project will secure these urban and developing areas against the recurring threat of floods. Additionally, the project will contribute to the improvement of groundwater recharge downstream.","602.16","2025","Active","Instalment Sale","Project Financing","IsDB OCR"
"Tajikistan","Development of Irrigation in Panj District","The project development objective is to increase the production of key crops in the region through improvement of the irrigation infrastructure in Panj district. The interventions from the project will bring an additional 4,500 hectares under irrigated agriculture. The overall impact of the project is to improve the food security of Tajikistan and increase the living standards of farmers in the area. Specifically, it will help increase the agricultural production and eventually the living standards of 124,000 residents of the district. The project will achieve this through the rehabilitation of irrigation schemes to enhance access to water, and through improved water resource management. The increased production of wheat, corn and cotton would allow commercialization of agriculture in the district leading to increased sales and incomes for the farmers.  ","0.15","2024","Active","Technical Assistance","Technical Assistance Operations","Other Funds"
"Uganda","COMMMERCIAL & RESIDENTIAL COMPLEX FOR UMEA IN KAMPALA","Generate income for UMEA, which will be used to finance the UMEA's activities in suppo1ting its numerous Islamic schools and needy students at the primary and secondary levels.","0.16","2024","Completed","Leasing","Project Financing","Other Funds"
"Uganda","COMMMERCIAL & RESIDENTIAL COMPLEX FOR UMEA IN KAMPALA","Generate income for UMEA, which will be used to finance the UMEA's activities in suppo1ting its numerous Islamic schools and needy students at the primary and secondary levels.","0.16","2024","Active","Leasing","Project Financing","Other Funds"
"Azerbaijan","Construction of the main irrigation canal from the Maiden Tower Reservoir project","The project aims at supporting the reconstruction of the liberated territories in Azerbaijan by providing 8,400 hectares of developed land in the Jabrayil and Fuzuli districts and enhance the water supply infrastructures for 252,000 hectares of agricultural land in the Mil-Mugan Economic Region.","0.25","2024","Active","Technical Assistance","Technical Assistance Operations","Other Funds"
"Uzbekistan","THE JOINT ISDB/ ISFD/ GPE SMARTED PROJECT FOR IMPROVING THE QUALITY AND EFFICIENCY OF EDUCATION SERVICES IN THE REPUBLIC OF UZBEKISTAN","The project aims to support the overarching priorities identified in the Partnership Compact document including equitable access to quality education to be facilitated by interventions in the following priority areas: i) Improving access to student friendly learning environment including construction and equipment of new schools; ii) Improving quality and efficiency of the education services; iii) Improving the quality of pre-school education.","0.25","2024","Active","Technical Assistance","Technical Assistance Operations","Other Funds"
"Togo","Integrated Rural Development Project of the MO Plain 2, Togo","The overarching goal of the project is to enhance the quality of life of the Togolese population, with a particular focus on women, youths, and other groups in need. Specifically, the project development objective is to boost the yield of rice, maize and soyabeans commodities in the Mô prefecture by enhancing farmers’ working conditions and inputs, focusing on innovation, mechanization, modernization, access to relevant infrastructure and capacity building initiatives.","0.253","2024","Active","Technical Assistance","Technical Assistance Operations","Other Funds"
"Jordan","Emergency Food Security Project Phase II","The Project development objective is mainly to strengthen Jordan's food security and climate resilience by enhancing the strategic reserve through securing stocks of two vital commodities, wheat, and barley. Additionally, it seeks to improve resilient agricultural production by addressing challenges related to water scarcity, storage, and food safety.","0.3","2024","Active","Technical Assistance","Technical Assistance Operations","Other Funds"
"Mozambique","Health System Strengthening Project-Nampula Province","The project's objective is to contribute towards strengthening the health system to meet the population's health care needs. Specifically, the project aims at improving access to essential health-care services; strengthening the capacity of a health science training institution; and enhancing the capacity for surgical repair of obstetric fistula.","0.3","2024","Active","Technical Assistance","Technical Assistance Operations","Other Funds"
"Turkmenistan","Improving Quality of Oncology Services and Construction  of Cancer Treatment Centers Project","The objective of the project is to contribute to improvement of access to high quality oncology services in Turkmenistan through construction and equipping of oncology centers with state-of-the-art medical equipment and training of health care providers and specialized staff. It will be achieved through (i) Improving Access to Oncology Services - construction of three oncology centers in Balkanabad, Turkmenabad and Mary cities and (ii) Improving Quality of Oncology Services with particular emphasis on training in oncology and related fields for medical and technical personnel, trainers, and physicists.","0.3","2024","Active","Technical Assistance","Technical Assistance Operations","Other Funds"
"Cameroon","Padi Dja Integrated Rural Development Project","The main objective of the project is to improve the well-being of the populations of the project target areas (Dja loop of the East and South regions) through the creation of income-generating activities and the enhancement of food security. This will be done via improved production, processing, marketing, and support to private sector participation in the various agro-pastoral value chains development activities.Specifically, using the Value chain development approach, the project will seek to: i) Improve the incomes of the inhabitants through the sustainable development of value chains of the agro-pastoral sectors specifically, plantain, cassava, maize, poultry and fish. ii) Improve access of the population to basic socio-economic infrastructure and services (classroom, health units, marketplaces, portable water points, energy supply etc.).iii) Enhance the capacity (operational and institutional) of stakeholders in undertaking sustainable rural development projects.","0.316667","2024","Active","Technical Assistance","Technical Assistance Operations","Other Funds"
"Maldives","MALDIVES FISH SECTOR CAPACITY STRENGTHENING PROJECT","The proposed project will contribute to the economic development of rural Islands and increase the livelihood of families.The key results expected from the project by 2028 include:▪100 MT per day Brine freezing increased;▪1,500 MT Cold storage capacity increased;▪35 MT per day fish processing capacity for packaging increased;▪2 accommodation buildings constructed for decent shelters to 350 MIFCO staff and;▪215 staff and fishermen trained.","0.4","2024","Active","Technical Assistance","Technical Assistance Operations","Other Funds"
"Tunisia","Youth and Women MSMEs and Entrepreneurship Support Project (YWESP)","The objective of the program is primarily to support financial inclusion and economic empowerment for the following categories: Project owners who hold higher education degrees Promoters of projects from graduates of vocational training institutes and centers. Small farmers, craftsmen and traders Skilled people and holders of competencies.The specific objectives of the program are as follows. * Continuing to support projects that have been financed using Islamic financing formulas.* Supporting investment in innovating micro-enterprises.* Supporting investment in high-quality traditional industries.* Financing start-up companies working in the field of innovation and ITC* Financing FIN TEC high-tech enterprises* Supporting investments that are integrated within production systems.","1","2024","Active","Technical Assistance","Technical Assistance Operations","Other Funds"
"Tunisia","Youth and Women MSMEs and Entrepreneurship Support Project (YWESP)","The objective of the program is primarily to support financial inclusion and economic empowerment for the following categories: Project owners who hold higher education degrees Promoters of projects from graduates of vocational training institutes and centers. Small farmers, craftsmen and traders Skilled people and holders of competencies.The specific objectives of the program are as follows. * Continuing to support projects that have been financed using Islamic financing formulas.* Supporting investment in innovating micro-enterprises.* Supporting investment in high-quality traditional industries.* Financing start-up companies working in the field of innovation and ITC* Financing FIN TEC high-tech enterprises* Supporting investments that are integrated within production systems.","1.05","2024","Active","Technical Assistance","Technical Assistance Operations","Other Funds"
"Kazakhstan","Climate Resilient Water Resources Development Project (Phase-1)","The development objective of the Program is to improve agricultural productivity, ensure food and water security for vulnerable communities, and build resilience to climate change impacts. This will be achieved at the first stage of the Program through the construction, modernization and rehabilitation of 11 small and medium water reservoirs and water regulators, and approximately 3.400 km irrigation networks, and related infrastructure that would be resilient to climate variability and extreme weather events. The project also aims to enhance institutional capacity in water sector and mainstream technologies and digitization for improved water resources management and decision making process.","3.5","2024","Active","Technical Assistance","Technical Assistance Operations","Other Funds"
"Tajikistan","Development of Irrigation in Panj District","The project development objective is to increase the production of key crops in the region through improvement of the irrigation infrastructure in Panj district. The interventions from the project will bring an additional 4,500 hectares under irrigated agriculture. The overall impact of the project is to improve the food security of Tajikistan and increase the living standards of farmers in the area. Specifically, it will help increase the agricultural production and eventually the living standards of 124,000 residents of the district. The project will achieve this through the rehabilitation of irrigation schemes to enhance access to water, and through improved water resource management. The increased production of wheat, corn and cotton would allow commercialization of agriculture in the district leading to increased sales and incomes for the farmers.  ","4.541326","2024","Active","Instalment Sale","Project Financing","IsDB OCR"
"Benin","Support to School Feeding, Nutrition and OOSC Project in Benin","The overall objective of the project for Benin is to improve access and retention in basic education by supporting the INSFP towards advancing human capital development goals and commitments in the Republic of Benin. It is also an investment in the future of children to mitigate the negative impact of the pandemic that has caused schools to close. To this end, the project aims to develop inclusive, efficient, and resilient education systems, contributing to healthier and more nutritious diets for children, as well as to the transformation and sustainability of food systems, especially local ones.The specific objectives of the project are: (i) to support the expansion of school feeding coverage in Benin's public elementary school from 75% to 100% by 2026; (ii) to increase enrollment and retention of girls and boys in elementary school; (iii) to support the improvement of diets and livelihoods of communities by strengthening their food systems; and (iv) to support income generation for communities through the local supply of foodstuffs and the creation of local jobs","5","2024","Active","Loan","Project Financing","Other Funds"
"Tunisia","Youth and Women MSMEs and Entrepreneurship Support Project (YWESP)","The objective of the program is primarily to support financial inclusion and economic empowerment for the following categories: Project owners who hold higher education degrees Promoters of projects from graduates of vocational training institutes and centers. Small farmers, craftsmen and traders Skilled people and holders of competencies.The specific objectives of the program are as follows. * Continuing to support projects that have been financed using Islamic financing formulas.* Supporting investment in innovating micro-enterprises.* Supporting investment in high-quality traditional industries.* Financing start-up companies working in the field of innovation and ITC* Financing FIN TEC high-tech enterprises* Supporting investments that are integrated within production systems.","5","2024","Active","Loan","Project Financing","Other Funds"
"Maldives","MALDIVES FISH SECTOR CAPACITY STRENGTHENING PROJECT","The proposed project will contribute to the economic development of rural Islands and increase the livelihood of families.The key results expected from the project by 2028 include:▪100 MT per day Brine freezing increased;▪1,500 MT Cold storage capacity increased;▪35 MT per day fish processing capacity for packaging increased;▪2 accommodation buildings constructed for decent shelters to 350 MIFCO staff and;▪215 staff and fishermen trained.","5","2024","Active","Loan","Project Financing","IsDB OCR"
"Benin","Support to School Feeding, Nutrition and OOSC Project in Benin","The overall objective of the project for Benin is to improve access and retention in basic education by supporting the INSFP towards advancing human capital development goals and commitments in the Republic of Benin. It is also an investment in the future of children to mitigate the negative impact of the pandemic that has caused schools to close. To this end, the project aims to develop inclusive, efficient, and resilient education systems, contributing to healthier and more nutritious diets for children, as well as to the transformation and sustainability of food systems, especially local ones.The specific objectives of the project are: (i) to support the expansion of school feeding coverage in Benin's public elementary school from 75% to 100% by 2026; (ii) to increase enrollment and retention of girls and boys in elementary school; (iii) to support the improvement of diets and livelihoods of communities by strengthening their food systems; and (iv) to support income generation for communities through the local supply of foodstuffs and the creation of local jobs","5.002161","2024","Active","Instalment Sale","Project Financing","IsDB OCR"
"Côte d'Ivoire","Root and Tuber/Regional Cassava Value Chains Development Project","The overall objective of the Project is to contribute to food security, enhance economic growth, and improve household incomes through improved production, processing, marketing, and support for private sector participation in the cassava value chain","5.0141","2024","Active","Loan","Project Financing","IsDB OCR"
"Togo","Integrated Rural Development Project of the MO Plain 2, Togo","The overarching goal of the project is to enhance the quality of life of the Togolese population, with a particular focus on women, youths, and other groups in need. Specifically, the project development objective is to boost the yield of rice, maize and soyabeans commodities in the Mô prefecture by enhancing farmers’ working conditions and inputs, focusing on innovation, mechanization, modernization, access to relevant infrastructure and capacity building initiatives.","5.5","2024","Active","Loan","Project Financing","IsDB OCR"
"Tajikistan","Development of Irrigation in Panj District","The project development objective is to increase the production of key crops in the region through improvement of the irrigation infrastructure in Panj district. The interventions from the project will bring an additional 4,500 hectares under irrigated agriculture. The overall impact of the project is to improve the food security of Tajikistan and increase the living standards of farmers in the area. Specifically, it will help increase the agricultural production and eventually the living standards of 124,000 residents of the district. The project will achieve this through the rehabilitation of irrigation schemes to enhance access to water, and through improved water resource management. The increased production of wheat, corn and cotton would allow commercialization of agriculture in the district leading to increased sales and incomes for the farmers.  ","8.02064","2024","Active","Loan","Project Financing","IsDB OCR"
"Cameroon","Padi Dja Integrated Rural Development Project","The main objective of the project is to improve the well-being of the populations of the project target areas (Dja loop of the East and South regions) through the creation of income-generating activities and the enhancement of food security. This will be done via improved production, processing, marketing, and support to private sector participation in the various agro-pastoral value chains development activities.Specifically, using the Value chain development approach, the project will seek to: i) Improve the incomes of the inhabitants through the sustainable development of value chains of the agro-pastoral sectors specifically, plantain, cassava, maize, poultry and fish. ii) Improve access of the population to basic socio-economic infrastructure and services (classroom, health units, marketplaces, portable water points, energy supply etc.).iii) Enhance the capacity (operational and institutional) of stakeholders in undertaking sustainable rural development projects.","9.6309","2024","Active","Loan","Project Financing","IsDB OCR"
"Benin","Support to School Feeding, Nutrition and OOSC Project in Benin","The overall objective of the project for Benin is to improve access and retention in basic education by supporting the INSFP towards advancing human capital development goals and commitments in the Republic of Benin. It is also an investment in the future of children to mitigate the negative impact of the pandemic that has caused schools to close. To this end, the project aims to develop inclusive, efficient, and resilient education systems, contributing to healthier and more nutritious diets for children, as well as to the transformation and sustainability of food systems, especially local ones.The specific objectives of the project are: (i) to support the expansion of school feeding coverage in Benin's public elementary school from 75% to 100% by 2026; (ii) to increase enrollment and retention of girls and boys in elementary school; (iii) to support the improvement of diets and livelihoods of communities by strengthening their food systems; and (iv) to support income generation for communities through the local supply of foodstuffs and the creation of local jobs","9.83609","2024","Active","Loan","Project Financing","IsDB OCR"
"Uzbekistan","THE JOINT ISDB/ ISFD/ GPE SMARTED PROJECT FOR IMPROVING THE QUALITY AND EFFICIENCY OF EDUCATION SERVICES IN THE REPUBLIC OF UZBEKISTAN","The project aims to support the overarching priorities identified in the Partnership Compact document including equitable access to quality education to be facilitated by interventions in the following priority areas: i) Improving access to student friendly learning environment including construction and equipment of new schools; ii) Improving quality and efficiency of the education services; iii) Improving the quality of pre-school education.","10","2024","Active","Loan","Project Financing","Other Funds"
"Gambia","Widening of Bertil–Harding Highway Phase III, Gambia","The general objective of the project is to contribute to the economic growth of the country by supporting the transport development objective of increasing the percentage of the primary road network in good condition from 80% to 100% fixed by the country Recovery Focused National Development Plan 2023-2027.","10","2024","Active","Instalment Sale","Project Financing","IsDB OCR"
"Jordan","Emergency Food Security Project Phase II","The Project development objective is mainly to strengthen Jordan's food security and climate resilience by enhancing the strategic reserve through securing stocks of two vital commodities, wheat, and barley. Additionally, it seeks to improve resilient agricultural production by addressing challenges related to water scarcity, storage, and food safety.","10","2024","Active","Loan","Project Financing","IsDB OCR"
"Tunisia","Youth and Women MSMEs and Entrepreneurship Support Project (YWESP)","The objective of the program is primarily to support financial inclusion and economic empowerment for the following categories: Project owners who hold higher education degrees Promoters of projects from graduates of vocational training institutes and centers. Small farmers, craftsmen and traders Skilled people and holders of competencies.The specific objectives of the program are as follows. * Continuing to support projects that have been financed using Islamic financing formulas.* Supporting investment in innovating micro-enterprises.* Supporting investment in high-quality traditional industries.* Financing start-up companies working in the field of innovation and ITC* Financing FIN TEC high-tech enterprises* Supporting investments that are integrated within production systems.","10","2024","Active","Loan","Project Financing","IsDB OCR"
"Benin","Cassava Value Chain Development Project","The overall objective of the Project is to contribute to food security, enhance economic growth, and improve household incomes through improved production, processing, marketing, and support for private sector participation in the cassava sweet potato and yam value chainsThe project  adopting a holistic and demand-driven approach, will address the constraints along the targeted roots and tubers (cassava, sweet potato, and yam) value chains to: (i) Strengthen and facilitate cassava, yam and sweet potato research, improving production and productivity; (ii) Strengthen the capacity of public and private institutions responsible for technology development, extension services and training; (iii) Strengthen and promote the use of improved agricultural mechanization technologies in cassava, yam and sweet potato production; (v) Facilitate and strengthen post-harvest management, sub-product development and value addition; (vi) Promote and facilitate cassava, yam and sweet potato commercialization; (vii) Strengthen agriculture related policy and coordination among cassava, yam and sweet potato stakeholders along the value chains; (viii) Strengthen access to financial services by value chains actors; and the availability and accessibility of robust data along the value chains.","10.42328","2024","Active","Loan","Project Financing","IsDB OCR"
"Türkiye","Nakkas – Basaksehir Motorway Project","The Project is expected to enhance economic activity in districts of Istanbul it is covering and contribute to the overall social and economic development. The Project Development Objective is to achieve benefits in terms of connectivity enhancement, alleviation of traffic congestion, emissions reductions, enhanced road safety conditions, reduction in travel time costs and new job creation in wider Istanbul area.","10.691985","2024","Active","Instalment Sale","Project Financing","Other Funds"
"Kyrgyz Republic","Line of Financing for Promoting Agriculture Mechanization in Kyrgyz Republic","The project development objective is to empower rural livelihoods in the Kyrgyz Republic through sustainable agricultural mechanization. Long-term funds will be provided to commercial banks, which will extend Shariah-compliant sub-financing to eligible end-beneficiaries, especially smallholder farmers, for purchasing necessary machinery and equipment. The aim is to empower farmers with advanced machinery and technology, fostering a more competitive, efficient, and lucrative agricultural landscape in the Kyrgyz Republic. Through the strategic integration of mechanization, the project seeks to enhance the sector's capacity to meet market demands, increase yields, and ultimately elevate the socio-economic well-being of the agricultural community.","12","2024","Active","Loan","Project Financing","IsDB OCR"
"Pakistan","Poverty Graduation Project - A Community Driven Intervention","The Project Development Objective (PDO) is to enable the rural poor in the project locations, especially women and youth, to sustainably improve their livelihoods and attain a higher level of socio-economic well-being.","12.5","2024","Active","Loan","Project Financing","IsDB OCR"
"Comoros","Inter-Island Connectivity Project","The Project is focused on improving maritime transport connectivity, resilience and safety between the islands, supporting economic integration in Comoros. Comoros has various untapped growth potentials, but such potential areas remain fragmented because of poor transport connectivity among and within the islands. Poverty is persistently high particularly in remote areas, with regional inequality widening. In addition, Comoros is highly vulnerable to climatic events and natural hazards, such as tropical cyclones, high waves and coastal flooding. Maritime transport safety is becoming a particular concern for local users. The Project addresses efficiency, reliability and safety in both formal and informal (called kwassa kwassa) maritime transport sectors.The main project objectives are: - Increased economic resilience by facilitating economic internal exchanges between island as well as external exchanges.- Reduce disparities in transport infrastructure and improve social well-being.- Induce increased demand.- Reduce the cost of transportation for people and goods;- Reduce travel time; - Ensure the safety of maritime transport users.","15.009292","2024","Active","Loan","Project Financing","IsDB OCR"
"Côte d'Ivoire","Center-West Region Roads project","The objective of the project is to stimulate economic growth of the country and contribute indirectly to the objectives of the government's Poverty Reduction Strategy Program. The project would contribute to the economic and social development of the center-west region and increase the competitiveness of the Ivoirian economy in the West African sub-region. On the international level, the project would contribute to promoting regional integration between Cote d’Ivoire, Guinea, Liberia and Sierra Leone.","16.553875","2024","Active","Instalment Sale","Project Financing","IsDB OCR"
"Turkmenistan","Improving Quality of Oncology Services and Construction  of Cancer Treatment Centers Project","The objective of the project is to contribute to improvement of access to high quality oncology services in Turkmenistan through construction and equipping of oncology centers with state-of-the-art medical equipment and training of health care providers and specialized staff. It will be achieved through (i) Improving Access to Oncology Services - construction of three oncology centers in Balkanabad, Turkmenabad and Mary cities and (ii) Improving Quality of Oncology Services with particular emphasis on training in oncology and related fields for medical and technical personnel, trainers, and physicists.","18","2024","Active","Loan","Project Financing","IsDB OCR"
"Kyrgyz Republic","Line of Financing for Promoting Agriculture Mechanization in Kyrgyz Republic","The project development objective is to empower rural livelihoods in the Kyrgyz Republic through sustainable agricultural mechanization. Long-term funds will be provided to commercial banks, which will extend Shariah-compliant sub-financing to eligible end-beneficiaries, especially smallholder farmers, for purchasing necessary machinery and equipment. The aim is to empower farmers with advanced machinery and technology, fostering a more competitive, efficient, and lucrative agricultural landscape in the Kyrgyz Republic. Through the strategic integration of mechanization, the project seeks to enhance the sector's capacity to meet market demands, increase yields, and ultimately elevate the socio-economic well-being of the agricultural community.","19","2024","Active","Instalment Sale","Project Financing","IsDB OCR"
"Mozambique","Health System Strengthening Project-Nampula Province","The project's objective is to contribute towards strengthening the health system to meet the population's health care needs. Specifically, the project aims at improving access to essential health-care services; strengthening the capacity of a health science training institution; and enhancing the capacity for surgical repair of obstetric fistula.","19.5","2024","Active","Loan","Project Financing","IsDB OCR"
"Bangladesh","Rural and Peri-Urban Housing Finance Project - Second Phase","Project Development Objective is as follows: i) to expand access to affordable finance for constructing 1,989 sustainable multi-storied housings with improved quality and necessary basic facilities for 70,632 lower and middle-income people dwelling in rural and peri-urban areas; ii) to ensure the optimum use of land and save cultivable land; and, iii) to address the climate change issue by introducing 55 climate-resilient housing for climatically vulnerable segments and 39 eco-friendly housing for reducing Green House Gases (GHG) emissions.","22.714498","2024","Active","Loan","Project Financing","IsDB OCR"
"Guinea","40 MW Thermal Power Plant in Kankan, Guinea","The ultimate objective of this project is to help strengthen the region's and the country's security of energy supply by (i) improving and strengthening the services offered to customers, and (ii) meeting the energy demands of the local network.More specifically, this project will enable: (a) a better integration of generators into the local grid; (b) An increase in electricity production capacity of up to 40 MW; (c) An increase in the current service time of more than 12 hours;  (d) a reduction in EDG's costs associated with operating the existing diesel power station; (e) improving access to electricity for the local population; (f) a development of small and medium-sized businesses, a source of job creation (g) a secure power supply to the city and voltage  and frequency stabilization throughout the region and (h)an energy mix in the region through the planned construction of a solar power plant, as provided for in Guinea's master plan for the development of generation and transmission infrastructure.","24.120216","2024","Active","Instalment Sale","Project Financing","IsDB OCR"
"Gambia","Widening of Bertil–Harding Highway Phase III, Gambia","The general objective of the project is to contribute to the economic growth of the country by supporting the transport development objective of increasing the percentage of the primary road network in good condition from 80% to 100% fixed by the country Recovery Focused National Development Plan 2023-2027.","25","2024","Active","Loan","Project Financing","IsDB OCR"
"Kyrgyz Republic","Construction of Electricity Transmission Line and Substations in Tamga and Karakol in Issyk-Kul Region Project","The project objective is to construct new transmission line and substations in Tamga and Karakol, addresses the critical need for reliable electricity supply in rural communities, fostering economic growth, improving living standards, and bridging the urban-rural development gap. This development will ensure a steady electricity supply in the Issyk-Kul region.","33","2024","Active","Loan","Project Financing","IsDB OCR"
"Benin","ELECTRIFICATION SUPPORT PROJECT IN BENIN","This project aims at: (i) mobilizing and enhancing the national energy potential and securing the country’s electricity power generation by implementing the new PV Solar Power Plant of 7.5 MWp in Maria Gléta-2, (ii) opening-up the border areas through extension of networks and electrification by increasing the coverage of the electricity distribution network (MV & LV lines) and the public lighting in the border communes in the targeted areas, (iii) improving the efficiency of energy use by increasing the electricity connections for the benefit of households and socio-economic points to meet the increasing demand: and (iv) strengthening the operational capacities of the Executing Agency","34.88","2024","Active","Instalment Sale","Project Financing","IsDB OCR"
"Cameroon","Padi Dja Integrated Rural Development Project","The main objective of the project is to improve the well-being of the populations of the project target areas (Dja loop of the East and South regions) through the creation of income-generating activities and the enhancement of food security. This will be done via improved production, processing, marketing, and support to private sector participation in the various agro-pastoral value chains development activities.Specifically, using the Value chain development approach, the project will seek to: i) Improve the incomes of the inhabitants through the sustainable development of value chains of the agro-pastoral sectors specifically, plantain, cassava, maize, poultry and fish. ii) Improve access of the population to basic socio-economic infrastructure and services (classroom, health units, marketplaces, portable water points, energy supply etc.).iii) Enhance the capacity (operational and institutional) of stakeholders in undertaking sustainable rural development projects.","34.993291","2024","Active","Instalment Sale","Project Financing","IsDB OCR"
"Tunisia","Youth and Women MSMEs and Entrepreneurship Support Project (YWESP)","The objective of the program is primarily to support financial inclusion and economic empowerment for the following categories: Project owners who hold higher education degrees Promoters of projects from graduates of vocational training institutes and centers. Small farmers, craftsmen and traders Skilled people and holders of competencies.The specific objectives of the program are as follows. * Continuing to support projects that have been financed using Islamic financing formulas.* Supporting investment in innovating micro-enterprises.* Supporting investment in high-quality traditional industries.* Financing start-up companies working in the field of innovation and ITC* Financing FIN TEC high-tech enterprises* Supporting investments that are integrated within production systems.","35","2024","Active","Instalment Sale","Project Financing","IsDB OCR"
"Uganda","Second Line of Financing for Uganda Development Bank Limited (UDBL)","The proposed Facility aims to achieve the following objectives:•Improve access to long-term financing for local SMEs and large enterprises to finance expansion and productivity improvements across various sectors in Uganda, including agriculture, industrial and infrastructure sectors.•Strengthen Uganda’s financing market through increased availability of long-term Islamic financing and increased investment in key sectors of the country’s economy.•Boost the commercialization and competitiveness of local agri-food enterprises in line with the country’s development blueprint to improve the food security situation.","40","2024","Active","Instalment Sale","Project Financing","IsDB OCR"
"Suriname","Expansion of the Power Transmission and Distribution Systems Project","The development objectives of the project are to contribute towards improving the living conditions of the population, and to catalyze the sustained economic growth of the country by meeting the growing demand of energy, through the enhancement of the power system by expanding the electricity transmission and distribution grid and upgrading its transformation capacity.  More specifically, the Project will contribute satisfying the increasing national electricity demand (peak load of 406MW by 2030, baseline 278MW in 2023), and allow connecting 4,350 new household and 470 new commercial units.","47.685","2024","Active","Instalment Sale","Project Financing","IsDB OCR"
"Bahrain","ESTABLISHMENT OF NEW 400KV JASRA SUBSYSTEM in BAHRAIN","The project is one of most important projects at the second phase of Al-Dur station for the production of electricity and water and it is supporting Bahrain in its position as a world-class infrastructure linking Bahrain with the global economy as part of Economic Vision 2030 for Bahrain, the main objectives of this project can be summarized as follows:- Expand and strengthen electricity transmission networks required to meet the needs of increase in demand as a result of natural growth, where the Peak Demand growth rate will reach more than 30% by 2030.- Contributing in transfer part of the electrical energy produced from the second phase of Al-Dur station to all load centers in Bahrain, and to alleviate the other 4 subsystems that are currently highly loaded.- Contributing in the GCC electrical interconnection project as well as improving the ability to trade energy between the GCC.","50","2024","Active","Instalment Sale","Project Financing","IsDB OCR"
"Uzbekistan","Utility Scale Solar Photovoltaic and Battery Storage Project in the Tashkent Region","The Project objectives include increasing the supply of privately financed solar power generation to meet Uzbekistan’s increasing energy demand while ensuring the stabilization of the grid. It will avoid grid congestion, regulate peak loads, and improve the efficiency and reliability of power supply to the national economy and the population of Tashkent and the Tashkent region. The project is expected to generate 470 million kWh per year of electricity from solar energy resources, enough to power more than 160,000 households.","50","2024","Active","Leasing","Project Financing","IsDB OCR"
"Benin","Cassava Value Chain Development Project","The overall objective of the Project is to contribute to food security, enhance economic growth, and improve household incomes through improved production, processing, marketing, and support for private sector participation in the cassava sweet potato and yam value chainsThe project  adopting a holistic and demand-driven approach, will address the constraints along the targeted roots and tubers (cassava, sweet potato, and yam) value chains to: (i) Strengthen and facilitate cassava, yam and sweet potato research, improving production and productivity; (ii) Strengthen the capacity of public and private institutions responsible for technology development, extension services and training; (iii) Strengthen and promote the use of improved agricultural mechanization technologies in cassava, yam and sweet potato production; (v) Facilitate and strengthen post-harvest management, sub-product development and value addition; (vi) Promote and facilitate cassava, yam and sweet potato commercialization; (vii) Strengthen agriculture related policy and coordination among cassava, yam and sweet potato stakeholders along the value chains; (viii) Strengthen access to financial services by value chains actors; and the availability and accessibility of robust data along the value chains.","53.385288","2024","Active","Instalment Sale","Project Financing","IsDB OCR"
"Togo","Integrated Rural Development Project of the MO Plain 2, Togo","The overarching goal of the project is to enhance the quality of life of the Togolese population, with a particular focus on women, youths, and other groups in need. Specifically, the project development objective is to boost the yield of rice, maize and soyabeans commodities in the Mô prefecture by enhancing farmers’ working conditions and inputs, focusing on innovation, mechanization, modernization, access to relevant infrastructure and capacity building initiatives.","55","2024","Active","Instalment Sale","Project Financing","IsDB OCR"
"Guinea","40 MW Thermal Power Plant in Kankan, Guinea","The ultimate objective of this project is to help strengthen the region's and the country's security of energy supply by (i) improving and strengthening the services offered to customers, and (ii) meeting the energy demands of the local network.More specifically, this project will enable: (a) a better integration of generators into the local grid; (b) An increase in electricity production capacity of up to 40 MW; (c) An increase in the current service time of more than 12 hours;  (d) a reduction in EDG's costs associated with operating the existing diesel power station; (e) improving access to electricity for the local population; (f) a development of small and medium-sized businesses, a source of job creation (g) a secure power supply to the city and voltage  and frequency stabilization throughout the region and (h)an energy mix in the region through the planned construction of a solar power plant, as provided for in Guinea's master plan for the development of generation and transmission infrastructure.","55.879784","2024","Active","Leasing","Project Financing","IsDB OCR"
"Uzbekistan","THE JOINT ISDB/ ISFD/ GPE SMARTED PROJECT FOR IMPROVING THE QUALITY AND EFFICIENCY OF EDUCATION SERVICES IN THE REPUBLIC OF UZBEKISTAN","The project aims to support the overarching priorities identified in the Partnership Compact document including equitable access to quality education to be facilitated by interventions in the following priority areas: i) Improving access to student friendly learning environment including construction and equipment of new schools; ii) Improving quality and efficiency of the education services; iii) Improving the quality of pre-school education.","55.93857","2024","Active","Instalment Sale","Project Financing","IsDB OCR"
"Maldives","MALDIVES FISH SECTOR CAPACITY STRENGTHENING PROJECT","The proposed project will contribute to the economic development of rural Islands and increase the livelihood of families.The key results expected from the project by 2028 include:▪100 MT per day Brine freezing increased;▪1,500 MT Cold storage capacity increased;▪35 MT per day fish processing capacity for packaging increased;▪2 accommodation buildings constructed for decent shelters to 350 MIFCO staff and;▪215 staff and fishermen trained.","59.25","2024","Active","Instalment Sale","Project Financing","IsDB OCR"
"Tajikistan","Construction of Rogun Hydropower Plant (Left Bank Structures)","The project development objective is to develop a multi-purpose dam for generating electricity, regulating water, and reducing the risk of floods and droughts. The Rogun HPP will produce sufficient environmentally friendly and clean electricity to fully satisfy Tajikistan’s electricity demand. It will also generate enough electricity to export to neighbouring countries which presently use mostly fossil fuels for electricity. The full commission of Rogun HPP will increase its generation capacity by 50-60%, and construction of a bigger reservoir will also help to guarantee supply during the whole year, including winter. The Rogun HPP represents a sustainable water and energy solution contributing to global mitigation goals and regional adaptation objectives. It will provide a valuable contribution to the reduction of the CO2 emissions in the region. In addition, the Rogun HPP will help to create new jobs and businesses improving the social and economic situation in Tajikistan and neighbouring countries and supporting the sustainable development goals","60","2024","Active","Instalment Sale","Project Financing","IsDB OCR"
"Côte d'Ivoire","Root and Tuber/Regional Cassava Value Chains Development Project","The overall objective of the Project is to contribute to food security, enhance economic growth, and improve household incomes through improved production, processing, marketing, and support for private sector participation in the cassava value chain","71.286","2024","Active","Instalment Sale","Project Financing","IsDB OCR"
"Pakistan","Poverty Graduation Project - A Community Driven Intervention","The Project Development Objective (PDO) is to enable the rural poor in the project locations, especially women and youth, to sustainably improve their livelihoods and attain a higher level of socio-economic well-being.","93.4","2024","Active","Instalment Sale","Project Financing","IsDB OCR"
"Uzbekistan","THE JOINT ISDB/ ISFD/ GPE SMARTED PROJECT FOR IMPROVING THE QUALITY AND EFFICIENCY OF EDUCATION SERVICES IN THE REPUBLIC OF UZBEKISTAN","The project aims to support the overarching priorities identified in the Partnership Compact document including equitable access to quality education to be facilitated by interventions in the following priority areas: i) Improving access to student friendly learning environment including construction and equipment of new schools; ii) Improving quality and efficiency of the education services; iii) Improving the quality of pre-school education.","94.06143","2024","Active","Instalment Sale","Project Financing","IsDB OCR"
"Azerbaijan","Construction of the main irrigation canal from the Maiden Tower Reservoir project","The project aims at supporting the reconstruction of the liberated territories in Azerbaijan by providing 8,400 hectares of developed land in the Jabrayil and Fuzuli districts and enhance the water supply infrastructures for 252,000 hectares of agricultural land in the Mil-Mugan Economic Region.","96.48","2024","Active","Instalment Sale","Project Financing","IsDB OCR"
"Türkiye","Post-Earthquake Economic Support and Green Finance Facility","The Project objective is to provide funding to restore and develop infrastructure and related facilities in the earthquake-affected cities of Türkiye, as well as support green investments, with a specific focus on exporters.","100","2024","Completed","Instalment Sale","Project Financing","IsDB OCR"
"Türkiye","Nakkas – Basaksehir Motorway Project","The Project is expected to enhance economic activity in districts of Istanbul it is covering and contribute to the overall social and economic development. The Project Development Objective is to achieve benefits in terms of connectivity enhancement, alleviation of traffic congestion, emissions reductions, enhanced road safety conditions, reduction in travel time costs and new job creation in wider Istanbul area.","117.611838","2024","Active","Instalment Sale","Project Financing","IsDB OCR"
"Nigeria","Abia State Integrated Infrastructure Development Project","The development objectives of the project are to contribute to socio-economic development, and improved standard of living through an improved and sustainable transport system linking centers of economic activity and enhanced access to social services.","125","2024","Active","Instalment Sale","Project Financing","IsDB OCR"
"Turkmenistan","Improving Quality of Oncology Services and Construction  of Cancer Treatment Centers Project","The objective of the project is to contribute to improvement of access to high quality oncology services in Turkmenistan through construction and equipping of oncology centers with state-of-the-art medical equipment and training of health care providers and specialized staff. It will be achieved through (i) Improving Access to Oncology Services - construction of three oncology centers in Balkanabad, Turkmenabad and Mary cities and (ii) Improving Quality of Oncology Services with particular emphasis on training in oncology and related fields for medical and technical personnel, trainers, and physicists.","128","2024","Active","Instalment Sale","Project Financing","IsDB OCR"
"Uzbekistan","Reconstruction of A-373 Road Project (0-37km)","The project development objective is to upgrade and improve condition of the existing 4-lane dual carriageway A373 road section to accommodate current and future traffic, enhance regional and local connectivity and improve safety on road. The project will also contribute to development of regional trade/tourism and integration with neighboring countries.","138.8","2024","Active","Instalment Sale","Project Financing","IsDB OCR"
"Guinea","Construction of the Guinea-Senegal Regional Road Corridor (Section Mali- Gadalougué) Republic of Guinea","The development objective of the project is to contribute to increasing regional trade by enhancing the service level of regional roads and supporting population resilience. It aims to facilitate the rapid sale of agro-pastoral products, strengthen cultural exchanges, and promote social cohesion at national and sub-regional levels. At the sectoral level, the project will enhance the performance of the national and regional transport logistics chain, as well as the development of related services and trades, by improving the level and quality of road service along the corridor linking the ports of Dakar and Conakry. Specifically, the project aims to: (i) Improve the service level of the Mali-Senegal/Guinea-Kédougou border road, thereby reducing the cost of transporting goods, vehicle operating costs, and travel time. (ii) Enhance cargo tracking systems. (iii) Ensure the availability of transport services and facilitate connectivity in agro-sylvo-pastoral areas (iv) Improve living conditions for populations within the Project's Zone of Direct Influence (PZDI).","153.58","2024","Active","Instalment Sale","Project Financing","IsDB OCR"
"Türkiye","Post Earthquake Schools Construction Project","The Project’s Development Objective is to support Türkiye's efforts in delivering inclusive and equitable quality education to earthquake-affected areas through the construction and operationalization of green, resilient, and sustainable schools.","165","2024","Active","Instalment Sale","Project Financing","IsDB OCR"
"Cameroon","Batchenga-Ntui-Yoko-Tibati-N’gaoundere Corridor Phase II: Construction of Ngatt-Febadi-Likok Road Section Project","The Project Development Objective (PDO) is to help open-up and develop the Centre and Adamaoua Regions of Cameroon by improving the level of road service between Batchenga and Ngaoundere, of which the Ngatt – Fibadi – Likok road is a critical link and thereby enhance the living conditions of the people of these regions. This objective is directly relevant to the problem statement, i.e. the poor condition and low level of service of the existing roads, which hinders the socio-economic development of the region and exposes road users to high risks of accidents and insecurity. The objective is also in line with the country's development objectives, which aim to promote regional integration, economic diversification and social inclusion through improved transports infrastructures and services to facilitate trade exchanges between Cameroon, Nigeria, Chad and the Central African Republic.","177.913043","2024","Active","Instalment Sale","Project Financing","IsDB OCR"
"Jordan","Emergency Food Security Project Phase II","The Project development objective is mainly to strengthen Jordan's food security and climate resilience by enhancing the strategic reserve through securing stocks of two vital commodities, wheat, and barley. Additionally, it seeks to improve resilient agricultural production by addressing challenges related to water scarcity, storage, and food safety.","180","2024","Active","Instalment Sale","Project Financing","IsDB OCR"
"Türkiye","Eastern Turkiye Middle Corridor Railway Development Project","The project aims to contribute to the safe, accessible and sustainable transport systems in Türkiye. The Project Development Objective (PDO) is to improve logistics efficiency along the middle corridor between Divriği and the Georgia border and to enhance the resilience, connectivity and sustainability of Türkiye's national railway network.","261.184","2024","Active","Instalment Sale","Project Financing","IsDB OCR"
"Côte d'Ivoire","Construction of the Darakokaha-Kanawolo-Tafiré Highway Project (96.3 km)","The development goals will contribute to economic growth by building sustainable infrastructure that supports international, regional and national connectivity, in line with the PND 2021-2025 to achieve economic growth over 7% per year for the next five years.","278.31648","2024","Active","Instalment Sale","Project Financing","IsDB OCR"
"Morocco","El Menzel Pumped Storage Hydropower Plant (PSH) Project","The project aims to support the energy sector's strategic goals of achieving a 52% share of renewable energy in the power sector by 2030 and transitioning to net-zero emissions by 2050. Specifically, the project will help meet the power demand during peak periods with a clean, renewable, and cost-effective power supply.","462.926156","2024","Active","Instalment Sale","Project Financing","IsDB OCR"
"Kazakhstan","Climate Resilient Water Resources Development Project (Phase-1)","The development objective of the Program is to improve agricultural productivity, ensure food and water security for vulnerable communities, and build resilience to climate change impacts. This will be achieved at the first stage of the Program through the construction, modernization and rehabilitation of 11 small and medium water reservoirs and water regulators, and approximately 3.400 km irrigation networks, and related infrastructure that would be resilient to climate variability and extreme weather events. The project also aims to enhance institutional capacity in water sector and mainstream technologies and digitization for improved water resources management and decision making process.","1100","2024","Active","Instalment Sale","Project Financing","IsDB OCR"
"Côte d'Ivoire","Root and Tuber/Regional Cassava Value Chains Development Project","The overall objective of the Project is to contribute to food security, enhance economic growth, and improve household incomes through improved production, processing, marketing, and support for private sector participation in the cassava value chain","0.10028","2023","Active","Technical Assistance","Technical Assistance Operations","Other Funds"
"Benin","Cassava Value Chain Development Project","The overall objective of the Project is to contribute to food security, enhance economic growth, and improve household incomes through improved production, processing, marketing, and support for private sector participation in the cassava sweet potato and yam value chainsThe project  adopting a holistic and demand-driven approach, will address the constraints along the targeted roots and tubers (cassava, sweet potato, and yam) value chains to: (i) Strengthen and facilitate cassava, yam and sweet potato research, improving production and productivity; (ii) Strengthen the capacity of public and private institutions responsible for technology development, extension services and training; (iii) Strengthen and promote the use of improved agricultural mechanization technologies in cassava, yam and sweet potato production; (v) Facilitate and strengthen post-harvest management, sub-product development and value addition; (vi) Promote and facilitate cassava, yam and sweet potato commercialization; (vii) Strengthen agriculture related policy and coordination among cassava, yam and sweet potato stakeholders along the value chains; (viii) Strengthen access to financial services by value chains actors; and the availability and accessibility of robust data along the value chains.","0.145652","2023","Active","Technical Assistance","Technical Assistance Operations","Other Funds"
"Senegal","Agriculture Transformation Project (Agropole Centre)","As part of the operationalization of the Senegal Emerging Plan (PSE), particularly in its pillar relating to the ""structural transformation of the economy and growth"", the Government of PSE wishes to implement the Agropole center for the transformation structure of the agricultural production system in order to contribute to a transfer of investments and human resources from agriculture to agro-industry.Identified among the 27 flagship projects of the Senegal E as one of the decisive levers for achieving food sovereignty and progressing in industrialization, the Agropole center will contribute to:- stimulate the structural transformation of the country's economy;- contribute to sustainable and inclusive development mainly in rural areas;- create a more conducive environment for increased investment and the generation of decent jobs in the agribusiness and related sectors;- reduce the trade balance deficit by increasing exports and import substitutionThe overall objective of the project is to contribute to the structural transformation of the Senegalese economy and the improvement of food security, through the development of agro-industry and the sustainable increase in the productivity of agro-industrial sectors. priorities.The Agropole-centre will constitute an agro-industrial development pole facili","0.14966","2023","Active","Technical Assistance","Technical Assistance Operations","Other Funds"
"Côte d'Ivoire","Root and Tuber/Regional Cassava Value Chains Development Project","The overall objective of the Project is to contribute to food security, enhance economic growth, and improve household incomes through improved production, processing, marketing, and support for private sector participation in the cassava value chain","0.15042","2023","Active","Technical Assistance","Technical Assistance Operations","Other Funds"
"Benin","Cassava Value Chain Development Project","The overall objective of the Project is to contribute to food security, enhance economic growth, and improve household incomes through improved production, processing, marketing, and support for private sector participation in the cassava sweet potato and yam value chainsThe project  adopting a holistic and demand-driven approach, will address the constraints along the targeted roots and tubers (cassava, sweet potato, and yam) value chains to: (i) Strengthen and facilitate cassava, yam and sweet potato research, improving production and productivity; (ii) Strengthen the capacity of public and private institutions responsible for technology development, extension services and training; (iii) Strengthen and promote the use of improved agricultural mechanization technologies in cassava, yam and sweet potato production; (v) Facilitate and strengthen post-harvest management, sub-product development and value addition; (vi) Promote and facilitate cassava, yam and sweet potato commercialization; (vii) Strengthen agriculture related policy and coordination among cassava, yam and sweet potato stakeholders along the value chains; (viii) Strengthen access to financial services by value chains actors; and the availability and accessibility of robust data along the value chains.","0.191574","2023","Active","Technical Assistance","Technical Assistance Operations","Other Funds"
"Morocco","Construction of Guercif- Nador Highway Project","The overall objective of the project is to contribute to the development of infrastructure of different modes of transport in Morocco to cover the transport needs of the population and goods by 2040. Specifically, the project development objective is to contribute to improve the connectivity of the Oriental region and the NWM port complex. The project will contribute directly to reduce the transportation costs and travel times between the region and the rest of the country, road accidents and vehicle maintenance costs on the Guercif - Nador axis. The project will support decent and quality jobs creation, increase in the volumes of goods transiting through the port of Nador;","0.2","2023","Active","Technical Assistance","Technical Assistance Operations","Other Funds"
"Togo","Support to Higher Education Reform in Science and Engineering in Togo, PARESI phase 2","The Support to Higher Education Reform in Science and Engineering (PARESI) Phase 2 project in Togo aims to support higher education reform in science and engineering by building and equipping research and teaching laboratories of international standards in Lomé, Kara, and Atakpame, strengthening partnerships, and providing scholarships.  Specifically, the project addresses the challenges and needs of the public universities of Lomé and Kara as well as the “Ecole Normale” of Atakpame, such as the lack of fully functional academic laboratory, equipment, human resources, and quality assurance in the fields of science and engineering. The project will benefit students, lecturers, researchers, and the economy of Togo by enhancing the capacity, quality, relevance, and innovation of higher education in science and engineering. PARESI phase 2 will also adopt a participatory, gender-responsive, climate-resilient, and conflict-sensitive approach to ensure its sustainability and impact. Finally, a particular attention will be given to the rolling out the ICT/Digital technology approach promoted by the government of Togo, including, setting up a comprehensive real-time monitoring and evaluation system with the use of mobile phone and open-source software technology throughout the project implementation, and through the IsD","0.25","2023","Active","Technical Assistance","Technical Assistance Operations","Other Funds"
"Benin","Cassava Value Chain Development Project","The overall objective of the Project is to contribute to food security, enhance economic growth, and improve household incomes through improved production, processing, marketing, and support for private sector participation in the cassava sweet potato and yam value chainsThe project  adopting a holistic and demand-driven approach, will address the constraints along the targeted roots and tubers (cassava, sweet potato, and yam) value chains to: (i) Strengthen and facilitate cassava, yam and sweet potato research, improving production and productivity; (ii) Strengthen the capacity of public and private institutions responsible for technology development, extension services and training; (iii) Strengthen and promote the use of improved agricultural mechanization technologies in cassava, yam and sweet potato production; (v) Facilitate and strengthen post-harvest management, sub-product development and value addition; (vi) Promote and facilitate cassava, yam and sweet potato commercialization; (vii) Strengthen agriculture related policy and coordination among cassava, yam and sweet potato stakeholders along the value chains; (viii) Strengthen access to financial services by value chains actors; and the availability and accessibility of robust data along the value chains.","0.250676","2023","Active","Technical Assistance","Technical Assistance Operations","Other Funds"
"Côte d'Ivoire","Root and Tuber/Regional Cassava Value Chains Development Project","The overall objective of the Project is to contribute to food security, enhance economic growth, and improve household incomes through improved production, processing, marketing, and support for private sector participation in the cassava value chain","0.2507","2023","Active","Technical Assistance","Technical Assistance Operations","Other Funds"
"Egypt","Enhancing the Micro and Small Enterprises (MSEs) Contribution to the Food Security in Egypt Project","The overall goal of the project is to contribute to strengthening the food security of Egypt by enhancing the productivity and sustainability of MSEs operating in the food and agriculture sector. A total of 1,100 MSEs operating in the food and agriculture sector, with 20% being women-owned and 20% being youth-owned enterprises, will have access to Shariah-compliant financing. Various agricultural production activities, along with their value chains including food processing, packing, and marketing will be supported. In addition, the trading of wholesale or retail of food products and agricultural inputs, including agricultural and irrigation equipment, will be part of the financing. Furthermore, nearly 600 stakeholders including MSEs owners and MSMEDA staff will be provided a training on Islamic Finance. At the end of the project, around one million people will have access to food security products in the targeted area. Furthermore, the MSEs will generate 2,900 new employment opportunities, with a special emphasis on rural areas, women and youth. Additionally, as a result of this project, the Islamic Finance window in MSMEDA operations will experience a significant increase from 1.6% to 3.5%.","0.26","2023","Active","Technical Assistance","Technical Assistance Operations","Other Funds"
"Chad","Higher Education Development Project in Chad","The overall objective of the project is to contribute to the development of Higher Education by providing a standard-class environment for learning. Therefore, the project will focus on access to and quality of Higher Education as well as the Management of the system. More importantly, the project would ensure access to an equitable quality high education for 40,000 students in 04 Universities/high Institutes.  The specific objectives of the project are: (i) to improve access to Higher Education through the construction/rehabilitation and equipping of various facilities in the targeted Universities and high Institutes, (ii) to enhance the quality of Higher Education with (a) Academic Staff Development, (b) Job Market Analysis and Development of missing curricula and (c) Research& Development, and (iii) to strengthen the management capacity of the Ministry of Higher Education, Scientific Research and Innovation through (a) the construction and equipping of the Headquarters of the MoHESRI, (b) Staff Development with Study Visits to Regional/International similar Institutions and Trainings as well as (c) Setting up of a Management Information System (MIS).","0.2943","2023","Active","Technical Assistance","Technical Assistance Operations","Other Funds"
"Djibouti","Slums Upgrading and Integrated Urban Development Project in Boulaos","The proposed development objective is to contribute towards achieving the National Development Strategy to upgrade slum neighborhoods and improving the living conditions of the population. The specific objectives are: (i) upgrade the physical infrastructure of the neighborhoods and improve the living conditions for slum dwellers, (ii) strengthen the capacity of public institutions in charge of implementing of Zero Slum Program, and (iii) economic empowerment of beneficiaries through enhancing access to line of finance.","0.3","2023","Active","Technical Assistance","Technical Assistance Operations","Other Funds"
"Mozambique","Secondary Education Support Project in Mueda District","The overall objective of the project is to support the Government of Mozambique in increasing access to quality secondary education. Specifically, the project aims to:1. Construct and equip a secondary school with 42 classrooms2. Provide educational materials and supplies3. Build the capacity of teachers.","0.3","2023","Active","Technical Assistance","Technical Assistance Operations","Other Funds"
"Mauritania","Establishment of Regional Higher Education Institutions","The objective is to support the GoM efforts to increase the access to quality of higher education system, diversify the supply of higher education and decentralize the institutions in charge of providing higher education within the country. More specifically, the project will promote higher education and increase the absorption capacity of the educational system through the establishment of new higher education institutions that respond to the growing number of students and provide qualified skills to the productive sectors of the economy. The project will foster development and improve competitiveness by training qualified human resources that can use science and technology to improve the productivity of the economy. It will support equipping students with the skills necessary to meet the demands of the job market. Through IAV, curricula development will comprise a module on entrepreneurship to equip the graduates with the required skills to create their own enterprise.","0.3024","2023","Active","Technical Assistance","Technical Assistance Operations","Other Funds"
"Nigeria","Investment in Digital and Creative Enterprise Programme (i-DICE)","The development objective of the proposed project is to boost innovation, create jobs, encourage entrepreneurship, enhance social development, and achieve economic transformation by fostering growth in the technology and creative ecosystem. Within the project, (i) 30 Social oriented startups will be supported, (ii) 13,000 MSMEs will receive Shariah-compliant financing, (iii) 26,000 direct and indirect jobs will be created or maintained.","4.7704","2023","Active","Loan","Project Financing","IsDB OCR"
"Guinea","Rural Water Supply and Sanitation Project in the Upper and Middle Regions of Guinea","The objective of the project is to contribute to the reduction of poverty and the improvement of the living conditions of the populations of the prefectures concerned by the supply of drinking water (boreholes equipped with human-powered pumps in accordance with the policy of maintenance and standardization of the means of excavation, drinking water supply), sanitation (latrines) and the increase in the capacity and efficiency of the institutions of the sector.The specific objective of the project is to improve living conditions through access to drinking water and sanitation for a population of approximately 885. 000 people (more than 50% of whom are women) living in rural areas of Middle and Upper Guinea (Faranah, Kankan, Labé and Mamou regions) through the implementation of 500 positive boreholes equipped with human-powered pumps, 90 drinking water conveyances, the rehabilitation of 750 existing water points, to fill 14.57% of the gap in results in relation to the Sustainable Development Goals (SDGs), and 1,400 public latrines.","4.995375","2023","Active","Loan","Project Financing","IsDB OCR"
"Guinea","Health System Strengthening Project in Guinea","The project aims to contribute to the achievement of the objectives of the National Health Development Plan (2015-2024) by improving the supply of care at the different levels of the health pyramid. The specific objectives are: (i) Strengthen the quality of integrated and harmonized maternal, neonatal, child, infant and child health care provision; (ii) Make available the specialized human resources and specialty health products required for the optimal functioning of Donka National Hospital; (iii)Improve emergency management in healthcare establishments; (iv) Create a modern center for integrated Cancer treatment.","5.09884","2023","Active","Loan","Project Financing","IsDB OCR"
"Burkina Faso","Electrification and Development of Electrical Connection Project - PEDECEL","Project Objectives: The Bank’s intervention in the PEDECEL Program (designated as the IsDB Project or the Project) will help Burkina Faso towards achieving SDG 7-Affordable and Clean Energy (Ensure access to affordable, reliable, sustainable and modern energy for all), SDG 8-Decent Work and Economic Growth (Promote sustained, inclusive and sustainable economic growth, full and productive employment and decent work for all), SDG 9-Industry, Innovation, and Infrastructure (Build resilient infrastructure, promote inclusive and sustainable industrialization and foster innovation), and SDG 11-Sustainable Cities and Communities (Make cities inclusive, safe, resilient and sustainable).The Project is addressing the current need within Burkina Faso for the Electrification and Development of Electrical Connection and the direct beneficiaries are the populations and businesses residing in the Project areas.The Project’s goal is to support the socio-economic growth and development of Burkina Faso through the achievement of universal access to electricity service in and more specifically in the targeted Project’s areas, in order to improve the living conditions of the population. The Project aims at: i) securing the country’s electricity power distribution and reducing energy costs, ii) opening-up the rural and peri","5.614","2023","Active","Loan","Project Financing","IsDB OCR"
"Nigeria","Investment in Digital and Creative Enterprise Programme (i-DICE)","The development objective of the proposed project is to boost innovation, create jobs, encourage entrepreneurship, enhance social development, and achieve economic transformation by fostering growth in the technology and creative ecosystem. Within the project, (i) 30 Social oriented startups will be supported, (ii) 13,000 MSMEs will receive Shariah-compliant financing, (iii) 26,000 direct and indirect jobs will be created or maintained.","6.1418","2023","Active","Instalment Sale","Project Financing","IsDB OCR"
"Nigeria","Investment in Digital and Creative Enterprise Programme (i-DICE)","The development objective of the proposed project is to boost innovation, create jobs, encourage entrepreneurship, enhance social development, and achieve economic transformation by fostering growth in the technology and creative ecosystem. Within the project, (i) 30 Social oriented startups will be supported, (ii) 13,000 MSMEs will receive Shariah-compliant financing, (iii) 26,000 direct and indirect jobs will be created or maintained.","6.1418","2023","Active","Instalment Sale","Project Financing","IsDB OCR"
"Kyrgyz Republic","Shariah Affordable Housing Finance","The project development objective is to improve the access to affordable, resilient, and energy-efficient housing for the underserved population and to support the Shariah mortgage development in Kyrgyz Republic","7.577369","2023","Active","Loan","Project Financing","IsDB OCR"
"Tajikistan","Reconstruction of Guliston-Farkhor-Panj-Dusti Road - Phase I","The project development objective is to improve the quality of life of the people living along the project road as well as contribute to the development of the international transit traffic potential of the country. The project will eliminate the current road efficiency constraints, which are caused by the poor design and condition of the road. Eventually, average travel time as well as vehicle operating costs will decrease by one third. To reach the above impact and objective, the project will reconstruct and upgrade 29.6 km of road, pave additional 10 km of connecting roads and install Weigh in Motion (WIM) systems for dynamic weight and dimension control.Key development results expected from the project include:(i)(Outcome level – expected to be achieved by 2029) (i) People with improved access to transportation services increased by 80,000 (Core Sector Indicator – CSI), (ii) Travel time on the rehabilitated road section reduced by 33% to 24 min, (iii) Severe or fatal accidents reduced by 40% to 3 on the road section, (iv) Annual Average Daily Traffic accommodated increased, (v) Average speed on the road increased by 60% towards 80 km/h, (vi) Riding quality (Road roughness -IRI) improved to 2.0 and (vii) 100 new jobs created through improved economic activity (CSI).(ii)(Output level – expected to be achie","8","2023","Active","Instalment Sale","Project Financing","IsDB OCR"
"Mali","Food insecurity resilience building project through community-based irrigation in Kaarta/Sefeto, Kita Region in Mali","The overall objective of the project is to contribute to food self-sufficiency and poverty reduction. It aims at the following specific objectives: (i) Increase production and productivity through the creation of 1017 ha of local Hydro- Agricultural Development (AHA) (20 AHA of lowlands and 33 AHA of small market garden areas); (ii) Improve access to drinking water in the project intervention area through the construction of 27 Improved Village Hydraulic System (SHVA); (iii) Protect 200 ha agricultural land through soil conservation measures; (iv) Acquire inputs for fish farming and (v) empowering cooperatives with sustainable access to funding.","8.83","2023","Active","Instalment Sale","Project Financing","IsDB OCR"
"Tajikistan","The Joint IsDB-GPE-OFID Project for Support to Implementation of the National Education Development Strategy of the Republic of Tajikistan (Phase-II)","The Project Development Objective (PDO) is to improve the learning environment and facilitate system strengthening for sustainable implementation of an inclusive competency-based education system to improve student learning outcomes.120. The project specific objectives are: a) Supporting the availability and adequacy of school infrastructure to boost basic education access opportunities especially in rural areas particularly for girls and children with disabilities (CwDs)b) Supporting institutionalization and implementation of Competency-Based Education (CBE) curriculum reform c) Establishing and scaling up the systems of Continuous Professional Learning (CPL) for teachers and competency-based teacher preparationd) Strengthening and implementing national learning assessment and monitoring of learning achievement","10","2023","Active","Loan","Project Financing","Other Funds"
"Morocco","Construction of Guercif- Nador Highway Project","The overall objective of the project is to contribute to the development of infrastructure of different modes of transport in Morocco to cover the transport needs of the population and goods by 2040. Specifically, the project development objective is to contribute to improve the connectivity of the Oriental region and the NWM port complex. The project will contribute directly to reduce the transportation costs and travel times between the region and the rest of the country, road accidents and vehicle maintenance costs on the Guercif - Nador axis. The project will support decent and quality jobs creation, increase in the volumes of goods transiting through the port of Nador;","10.000876","2023","Active","Loan","Project Financing","IsDB OCR"
"Togo","Support to Higher Education Reform in Science and Engineering in Togo, PARESI phase 2","The Support to Higher Education Reform in Science and Engineering (PARESI) Phase 2 project in Togo aims to support higher education reform in science and engineering by building and equipping research and teaching laboratories of international standards in Lomé, Kara, and Atakpame, strengthening partnerships, and providing scholarships.  Specifically, the project addresses the challenges and needs of the public universities of Lomé and Kara as well as the “Ecole Normale” of Atakpame, such as the lack of fully functional academic laboratory, equipment, human resources, and quality assurance in the fields of science and engineering. The project will benefit students, lecturers, researchers, and the economy of Togo by enhancing the capacity, quality, relevance, and innovation of higher education in science and engineering. PARESI phase 2 will also adopt a participatory, gender-responsive, climate-resilient, and conflict-sensitive approach to ensure its sustainability and impact. Finally, a particular attention will be given to the rolling out the ICT/Digital technology approach promoted by the government of Togo, including, setting up a comprehensive real-time monitoring and evaluation system with the use of mobile phone and open-source software technology throughout the project implementation, and through the IsD","10.846727","2023","Active","Loan","Project Financing","IsDB OCR"
"Mali","Food insecurity resilience building project through community-based irrigation in Kaarta/Sefeto, Kita Region in Mali","The overall objective of the project is to contribute to food self-sufficiency and poverty reduction. It aims at the following specific objectives: (i) Increase production and productivity through the creation of 1017 ha of local Hydro- Agricultural Development (AHA) (20 AHA of lowlands and 33 AHA of small market garden areas); (ii) Improve access to drinking water in the project intervention area through the construction of 27 Improved Village Hydraulic System (SHVA); (iii) Protect 200 ha agricultural land through soil conservation measures; (iv) Acquire inputs for fish farming and (v) empowering cooperatives with sustainable access to funding.","11.07","2023","Active","Loan","Project Financing","IsDB OCR"
"Nigeria","Investment in Digital and Creative Enterprise Programme (i-DICE)","The development objective of the proposed project is to boost innovation, create jobs, encourage entrepreneurship, enhance social development, and achieve economic transformation by fostering growth in the technology and creative ecosystem. Within the project, (i) 30 Social oriented startups will be supported, (ii) 13,000 MSMEs will receive Shariah-compliant financing, (iii) 26,000 direct and indirect jobs will be created or maintained.","12.2836","2023","Active","Instalment Sale","Project Financing","IsDB OCR"
"Kyrgyz Republic","Additional Financing for Central Asia South Asia Electricity Transmission and Trade Project (CASA-1000) KGZ0051","The objective of the parent project is to meet the electricity demand in Afghanistan and Pakistan through the establishment of cross-border energy exchange among four member countries as part of regional economic integration. The exchange will be utilizing efficient, and environmentally friendly indigenous hydropower resources of Kyrgyz Republic and Tajikistan. The project creates the conditions for sustainable electricity trade between the Central Asian countries of Kyrgyz Republic and Tajikistan with the South Asian countries of Afghanistan and Pakistan.","13.452251","2023","Completed","Loan","Project Financing","IsDB OCR"
"Chad","Higher Education Development Project in Chad","The overall objective of the project is to contribute to the development of Higher Education by providing a standard-class environment for learning. Therefore, the project will focus on access to and quality of Higher Education as well as the Management of the system. More importantly, the project would ensure access to an equitable quality high education for 40,000 students in 04 Universities/high Institutes.  The specific objectives of the project are: (i) to improve access to Higher Education through the construction/rehabilitation and equipping of various facilities in the targeted Universities and high Institutes, (ii) to enhance the quality of Higher Education with (a) Academic Staff Development, (b) Job Market Analysis and Development of missing curricula and (c) Research& Development, and (iii) to strengthen the management capacity of the Ministry of Higher Education, Scientific Research and Innovation through (a) the construction and equipping of the Headquarters of the MoHESRI, (b) Staff Development with Study Visits to Regional/International similar Institutions and Trainings as well as (c) Setting up of a Management Information System (MIS).","14.73241","2023","Active","Loan","Project Financing","IsDB OCR"
"Egypt","Enhancing the Micro and Small Enterprises (MSEs) Contribution to the Food Security in Egypt Project","The overall goal of the project is to contribute to strengthening the food security of Egypt by enhancing the productivity and sustainability of MSEs operating in the food and agriculture sector. A total of 1,100 MSEs operating in the food and agriculture sector, with 20% being women-owned and 20% being youth-owned enterprises, will have access to Shariah-compliant financing. Various agricultural production activities, along with their value chains including food processing, packing, and marketing will be supported. In addition, the trading of wholesale or retail of food products and agricultural inputs, including agricultural and irrigation equipment, will be part of the financing. Furthermore, nearly 600 stakeholders including MSEs owners and MSMEDA staff will be provided a training on Islamic Finance. At the end of the project, around one million people will have access to food security products in the targeted area. Furthermore, the MSEs will generate 2,900 new employment opportunities, with a special emphasis on rural areas, women and youth. Additionally, as a result of this project, the Islamic Finance window in MSMEDA operations will experience a significant increase from 1.6% to 3.5%.","14.890893","2023","Active","Loan","Project Financing","IsDB OCR"
"Tajikistan","The Joint IsDB-GPE-OFID Project for Support to Implementation of the National Education Development Strategy of the Republic of Tajikistan (Phase-II)","The Project Development Objective (PDO) is to improve the learning environment and facilitate system strengthening for sustainable implementation of an inclusive competency-based education system to improve student learning outcomes.120. The project specific objectives are: a) Supporting the availability and adequacy of school infrastructure to boost basic education access opportunities especially in rural areas particularly for girls and children with disabilities (CwDs)b) Supporting institutionalization and implementation of Competency-Based Education (CBE) curriculum reform c) Establishing and scaling up the systems of Continuous Professional Learning (CPL) for teachers and competency-based teacher preparationd) Strengthening and implementing national learning assessment and monitoring of learning achievement","15","2023","Active","Instalment Sale","Project Financing","IsDB OCR"
"Gambia","Widening of Bertil – Harding Highway Phase II Project","The general objective of the overall project (phase I and Phase II) is to contribute to the economic growth of the country by supporting the transport development objective of Increasing the percentage of the primary road network in good condition from 80% to 100% fixed by the country National Development Plant 2018-2021 (NDP)","15.433252","2023","Completed","Loan","Project Financing","IsDB OCR"
"Togo","Support to Higher Education Reform in Science and Engineering in Togo, PARESI phase 2","The Support to Higher Education Reform in Science and Engineering (PARESI) Phase 2 project in Togo aims to support higher education reform in science and engineering by building and equipping research and teaching laboratories of international standards in Lomé, Kara, and Atakpame, strengthening partnerships, and providing scholarships.  Specifically, the project addresses the challenges and needs of the public universities of Lomé and Kara as well as the “Ecole Normale” of Atakpame, such as the lack of fully functional academic laboratory, equipment, human resources, and quality assurance in the fields of science and engineering. The project will benefit students, lecturers, researchers, and the economy of Togo by enhancing the capacity, quality, relevance, and innovation of higher education in science and engineering. PARESI phase 2 will also adopt a participatory, gender-responsive, climate-resilient, and conflict-sensitive approach to ensure its sustainability and impact. Finally, a particular attention will be given to the rolling out the ICT/Digital technology approach promoted by the government of Togo, including, setting up a comprehensive real-time monitoring and evaluation system with the use of mobile phone and open-source software technology throughout the project implementation, and through the IsD","16.317313","2023","Active","Instalment Sale","Project Financing","IsDB OCR"
"Djibouti","Slums Upgrading and Integrated Urban Development Project in Boulaos","The proposed development objective is to contribute towards achieving the National Development Strategy to upgrade slum neighborhoods and improving the living conditions of the population. The specific objectives are: (i) upgrade the physical infrastructure of the neighborhoods and improve the living conditions for slum dwellers, (ii) strengthen the capacity of public institutions in charge of implementing of Zero Slum Program, and (iii) economic empowerment of beneficiaries through enhancing access to line of finance.","16.598726","2023","Active","Loan","Project Financing","IsDB OCR"
"Nigeria","Investment in Digital and Creative Enterprise Programme (i-DICE)","The development objective of the proposed project is to boost innovation, create jobs, encourage entrepreneurship, enhance social development, and achieve economic transformation by fostering growth in the technology and creative ecosystem. Within the project, (i) 30 Social oriented startups will be supported, (ii) 13,000 MSMEs will receive Shariah-compliant financing, (iii) 26,000 direct and indirect jobs will be created or maintained.","18.4254","2023","Active","Instalment Sale","Project Financing","IsDB OCR"
"Nigeria","Investment in Digital and Creative Enterprise Programme (i-DICE)","The development objective of the proposed project is to boost innovation, create jobs, encourage entrepreneurship, enhance social development, and achieve economic transformation by fostering growth in the technology and creative ecosystem. Within the project, (i) 30 Social oriented startups will be supported, (ii) 13,000 MSMEs will receive Shariah-compliant financing, (iii) 26,000 direct and indirect jobs will be created or maintained.","18.4254","2023","Active","Instalment Sale","Project Financing","IsDB OCR"
"Tajikistan","Reconstruction of Guliston-Farkhor-Panj-Dusti Road - Phase I","The project development objective is to improve the quality of life of the people living along the project road as well as contribute to the development of the international transit traffic potential of the country. The project will eliminate the current road efficiency constraints, which are caused by the poor design and condition of the road. Eventually, average travel time as well as vehicle operating costs will decrease by one third. To reach the above impact and objective, the project will reconstruct and upgrade 29.6 km of road, pave additional 10 km of connecting roads and install Weigh in Motion (WIM) systems for dynamic weight and dimension control.Key development results expected from the project include:(i)(Outcome level – expected to be achieved by 2029) (i) People with improved access to transportation services increased by 80,000 (Core Sector Indicator – CSI), (ii) Travel time on the rehabilitated road section reduced by 33% to 24 min, (iii) Severe or fatal accidents reduced by 40% to 3 on the road section, (iv) Annual Average Daily Traffic accommodated increased, (v) Average speed on the road increased by 60% towards 80 km/h, (vi) Riding quality (Road roughness -IRI) improved to 2.0 and (vii) 100 new jobs created through improved economic activity (CSI).(ii)(Output level – expected to be achie","19","2023","Active","Loan","Project Financing","IsDB OCR"
"Mozambique","Secondary Education Support Project in Mueda District","The overall objective of the project is to support the Government of Mozambique in increasing access to quality secondary education. Specifically, the project aims to:1. Construct and equip a secondary school with 42 classrooms2. Provide educational materials and supplies3. Build the capacity of teachers.","19.505852","2023","Active","Loan","Project Financing","IsDB OCR"
"Mauritania","Establishment of Regional Higher Education Institutions","The objective is to support the GoM efforts to increase the access to quality of higher education system, diversify the supply of higher education and decentralize the institutions in charge of providing higher education within the country. More specifically, the project will promote higher education and increase the absorption capacity of the educational system through the establishment of new higher education institutions that respond to the growing number of students and provide qualified skills to the productive sectors of the economy. The project will foster development and improve competitiveness by training qualified human resources that can use science and technology to improve the productivity of the economy. It will support equipping students with the skills necessary to meet the demands of the job market. Through IAV, curricula development will comprise a module on entrepreneurship to equip the graduates with the required skills to create their own enterprise.","19.98","2023","Active","Loan","Project Financing","IsDB OCR"
"Bangladesh","Rural and Peri-Urban Housing Finance Project - Second Phase","Project Development Objective is as follows: i) to expand access to affordable finance for constructing 1,989 sustainable multi-storied housings with improved quality and necessary basic facilities for 70,632 lower and middle-income people dwelling in rural and peri-urban areas; ii) to ensure the optimum use of land and save cultivable land; and, iii) to address the climate change issue by introducing 55 climate-resilient housing for climatically vulnerable segments and 39 eco-friendly housing for reducing Green House Gases (GHG) emissions.","20.008533","2023","Active","Loan","Project Financing","IsDB OCR"
"Tajikistan","The Joint IsDB-GPE-OFID Project for Support to Implementation of the National Education Development Strategy of the Republic of Tajikistan (Phase-II)","The Project Development Objective (PDO) is to improve the learning environment and facilitate system strengthening for sustainable implementation of an inclusive competency-based education system to improve student learning outcomes.120. The project specific objectives are: a) Supporting the availability and adequacy of school infrastructure to boost basic education access opportunities especially in rural areas particularly for girls and children with disabilities (CwDs)b) Supporting institutionalization and implementation of Competency-Based Education (CBE) curriculum reform c) Establishing and scaling up the systems of Continuous Professional Learning (CPL) for teachers and competency-based teacher preparationd) Strengthening and implementing national learning assessment and monitoring of learning achievement","20.689562","2023","Active","Loan","Project Financing","IsDB OCR"
"Pakistan","Sindh Flood Emergency Housing Reconstruction Project","The Project Development Objective (PDO) is to deliver beneficiary‐driven, multi‐hazard resilient, reconstruction of core housing units to the populace affected by the 2022 floods in selected districts of Sindh province.","25.2985","2023","Active","Loan","Project Financing","IsDB OCR"
"Pakistan","Polio Eradication Phase IV Project","The project development objective is to permanently interrupt WPV1 circulation and all types of polioviruses, including cVPDV2, by the end of 2026, and maintain ‘Polio Free’ status for subsequent three years.","26","2023","Completed","Instalment Sale","Project Financing","IsDB OCR"
"Mauritania","Establishment of Regional Higher Education Institutions","The objective is to support the GoM efforts to increase the access to quality of higher education system, diversify the supply of higher education and decentralize the institutions in charge of providing higher education within the country. More specifically, the project will promote higher education and increase the absorption capacity of the educational system through the establishment of new higher education institutions that respond to the growing number of students and provide qualified skills to the productive sectors of the economy. The project will foster development and improve competitiveness by training qualified human resources that can use science and technology to improve the productivity of the economy. It will support equipping students with the skills necessary to meet the demands of the job market. Through IAV, curricula development will comprise a module on entrepreneurship to equip the graduates with the required skills to create their own enterprise.","29.9916","2023","Active","Instalment Sale","Project Financing","IsDB OCR"
"Kyrgyz Republic","Shariah Affordable Housing Finance","The project development objective is to improve the access to affordable, resilient, and energy-efficient housing for the underserved population and to support the Shariah mortgage development in Kyrgyz Republic","30.485968","2023","Active","Instalment Sale","Project Financing","IsDB OCR"
"Guinea","Rural Water Supply and Sanitation Project in the Upper and Middle Regions of Guinea","The objective of the project is to contribute to the reduction of poverty and the improvement of the living conditions of the populations of the prefectures concerned by the supply of drinking water (boreholes equipped with human-powered pumps in accordance with the policy of maintenance and standardization of the means of excavation, drinking water supply), sanitation (latrines) and the increase in the capacity and efficiency of the institutions of the sector.The specific objective of the project is to improve living conditions through access to drinking water and sanitation for a population of approximately 885. 000 people (more than 50% of whom are women) living in rural areas of Middle and Upper Guinea (Faranah, Kankan, Labé and Mamou regions) through the implementation of 500 positive boreholes equipped with human-powered pumps, 90 drinking water conveyances, the rehabilitation of 750 existing water points, to fill 14.57% of the gap in results in relation to the Sustainable Development Goals (SDGs), and 1,400 public latrines.","35","2023","Active","Instalment Sale","Project Financing","IsDB OCR"
"Burkina Faso","Electrification and Development of Electrical Connection Project - PEDECEL","Project Objectives: The Bank’s intervention in the PEDECEL Program (designated as the IsDB Project or the Project) will help Burkina Faso towards achieving SDG 7-Affordable and Clean Energy (Ensure access to affordable, reliable, sustainable and modern energy for all), SDG 8-Decent Work and Economic Growth (Promote sustained, inclusive and sustainable economic growth, full and productive employment and decent work for all), SDG 9-Industry, Innovation, and Infrastructure (Build resilient infrastructure, promote inclusive and sustainable industrialization and foster innovation), and SDG 11-Sustainable Cities and Communities (Make cities inclusive, safe, resilient and sustainable).The Project is addressing the current need within Burkina Faso for the Electrification and Development of Electrical Connection and the direct beneficiaries are the populations and businesses residing in the Project areas.The Project’s goal is to support the socio-economic growth and development of Burkina Faso through the achievement of universal access to electricity service in and more specifically in the targeted Project’s areas, in order to improve the living conditions of the population. The Project aims at: i) securing the country’s electricity power distribution and reducing energy costs, ii) opening-up the rural and peri","37.243077","2023","Active","Instalment Sale","Project Financing","IsDB OCR"
"Pakistan","Polio Eradication Phase IV Project","The project development objective is to permanently interrupt WPV1 circulation and all types of polioviruses, including cVPDV2, by the end of 2026, and maintain ‘Polio Free’ status for subsequent three years.","39","2023","Completed","Instalment Sale","Project Financing","IsDB OCR"
"Kyrgyz Republic","Shariah Affordable Housing Finance","The project development objective is to improve the access to affordable, resilient, and energy-efficient housing for the underserved population and to support the Shariah mortgage development in Kyrgyz Republic","42.00787","2023","Active","Loan","Project Financing","IsDB OCR"
"Senegal","Regional Express Train, Phase 2 (Section Diamniadio to AIBD Airport)","The objective of the project is to stimulate the economic growth of the country by increasing mode options through providing sustainable transport solutions and improving efficiency in the transport sector and thereby promote urban development outside the congested areas of Dakar city centre.","43.939993","2023","Active","Instalment Sale","Project Financing","IsDB OCR"
"Guinea","Health System Strengthening Project in Guinea","The project aims to contribute to the achievement of the objectives of the National Health Development Plan (2015-2024) by improving the supply of care at the different levels of the health pyramid. The specific objectives are: (i) Strengthen the quality of integrated and harmonized maternal, neonatal, child, infant and child health care provision; (ii) Make available the specialized human resources and specialty health products required for the optimal functioning of Donka National Hospital; (iii)Improve emergency management in healthcare establishments; (iv) Create a modern center for integrated Cancer treatment.","48.997548","2023","Active","Instalment Sale","Project Financing","IsDB OCR"
"Chad","Higher Education Development Project in Chad","The overall objective of the project is to contribute to the development of Higher Education by providing a standard-class environment for learning. Therefore, the project will focus on access to and quality of Higher Education as well as the Management of the system. More importantly, the project would ensure access to an equitable quality high education for 40,000 students in 04 Universities/high Institutes.  The specific objectives of the project are: (i) to improve access to Higher Education through the construction/rehabilitation and equipping of various facilities in the targeted Universities and high Institutes, (ii) to enhance the quality of Higher Education with (a) Academic Staff Development, (b) Job Market Analysis and Development of missing curricula and (c) Research& Development, and (iii) to strengthen the management capacity of the Ministry of Higher Education, Scientific Research and Innovation through (a) the construction and equipping of the Headquarters of the MoHESRI, (b) Staff Development with Study Visits to Regional/International similar Institutions and Trainings as well as (c) Setting up of a Management Information System (MIS).","54.847962","2023","Active","Instalment Sale","Project Financing","IsDB OCR"
"Mali","225 kV High Voltage Transmission Loop - Bamako North","The Bamako’s 225 kV Northern Transmission Loop Project (PBNB) has been designated by the Government of Mali as a priority project for the country in the energy sector. Together with the Southern Loop, which is currently under implementation, it will be the main backbone for the transmission of electricity from the main power plants and interconnection lines.It will help secure the electricity supply to the city of Bamako through the injection of locally produced electricity around Bamako, but also electricity from: i) the electricity network of the Organization for the Development of the Senegal River (OMVS) in the Kayes region to the west; (ii) Guinea through the 225 kV Guinea-Mali interconnection line to the south-west, whose implementation is underway with funding from technical and financial partners; (iii) Côte d'Ivoire through the 225 kV Mali-Côte d'Ivoire interconnection line to the south.","58.096546","2023","Active","Instalment Sale","Project Financing","IsDB OCR"
"Pakistan","Sindh Flood Emergency Housing Reconstruction Project","The Project Development Objective (PDO) is to deliver beneficiary‐driven, multi‐hazard resilient, reconstruction of core housing units to the populace affected by the 2022 floods in selected districts of Sindh province.","59.059","2023","Completed","Instalment Sale","Project Financing","IsDB OCR"
"Pakistan","Sindh Flood Emergency Housing Reconstruction Project","The Project Development Objective (PDO) is to deliver beneficiary‐driven, multi‐hazard resilient, reconstruction of core housing units to the populace affected by the 2022 floods in selected districts of Sindh province.","59.059","2023","Completed","Instalment Sale","Project Financing","IsDB OCR"
"Pakistan","Sindh Flood Emergency Housing Reconstruction Project","The Project Development Objective (PDO) is to deliver beneficiary‐driven, multi‐hazard resilient, reconstruction of core housing units to the populace affected by the 2022 floods in selected districts of Sindh province.","59.16638","2023","Active","Instalment Sale","Project Financing","IsDB OCR"
"Senegal","Agriculture Transformation Project (Agropole Centre)","As part of the operationalization of the Senegal Emerging Plan (PSE), particularly in its pillar relating to the ""structural transformation of the economy and growth"", the Government of PSE wishes to implement the Agropole center for the transformation structure of the agricultural production system in order to contribute to a transfer of investments and human resources from agriculture to agro-industry.Identified among the 27 flagship projects of the Senegal E as one of the decisive levers for achieving food sovereignty and progressing in industrialization, the Agropole center will contribute to:- stimulate the structural transformation of the country's economy;- contribute to sustainable and inclusive development mainly in rural areas;- create a more conducive environment for increased investment and the generation of decent jobs in the agribusiness and related sectors;- reduce the trade balance deficit by increasing exports and import substitutionThe overall objective of the project is to contribute to the structural transformation of the Senegalese economy and the improvement of food security, through the development of agro-industry and the sustainable increase in the productivity of agro-industrial sectors. priorities.The Agropole-centre will constitute an agro-industrial development pole facili","60.58023","2023","Active","Instalment Sale","Project Financing","IsDB OCR"
"Türkiye","Post-Earthquake Recovery and Agrifood Support Project","The Project aims to support the economic recovery of earthquake-affected firms in the agriculture and agrifood sectors and thereby contribute to the enhancement of the food security and productivity. The Project will also strengthen the resilience of the agriculture and agrifood sectors of Türkiye and the country’s preparedness for adapting to climate change and managing future commodity market shocks. The Project Development Objective (PDO) is to support the economic resilience, recovery and productivity enhancement of earthquake-affected firms in the agriculture and agrifood sectors of Türkiye.The Project outcomes and impacts are expected to contribute to achieving food security, achieving improved nutrition, and promoting sustainable agriculture, by addressing the major issues of timely availability of infrastructure, equipment and agricultural input, especially given that Türkiye is dealing with recovery from the devasting twin earthquakes, high inflation, currency depreciation and the continued responsibility of hosting a large number of refugees.","100","2023","Active","Instalment Sale","Project Financing","IsDB OCR"
"Türkiye","Post-Earthquake Economic Recovery Project","The Project aims to support the economic recovery of earthquake-affected industrial firms in various sectors and thereby contribute to enhancing the resilience of the productivity and economic growth of the country. The Project will also support the country’s preparedness for adapting to climate change and the promotion of circular economy, both of which will be of need to better manage future external shocks. The Project Development Objective (PDO) is to support the economic resilience, recovery and productivity enhancement of earthquake-affected firms in various sectors of Türkiye’s economy.","100","2023","Active","Instalment Sale","Project Financing","IsDB OCR"
"Uganda","Upgrading of Kumi-Ngora-Serere-Kagwara Road Project","The project will contribute to Uganda's socioeconomic development by improving access to resilient social infrastructure, facilitating market access for farmers and traders, and facilitating connections across Lake Kyoga. The specific objectives are: (i)savings in Vehicle Operating Cost (VOC), (ii) Decreased travel time, (iii)decreased freight transportation cost, and (iv) increase of Annual Average Daily Traffic (AADT).","106","2023","Active","Instalment Sale","Project Financing","IsDB OCR"
"Benin","The Agricultural and Road infrastructure Development Project in Lower and Upper Ouémé  Valley- Benin","The overall objective of the Project is to contribute to improving the food security of the target populations in the Ouémé Valley by developing irrigated areas, creating access roads, and building socio-economic infrastructure economics.","107.444195","2023","Active","Instalment Sale","Project Financing","IsDB OCR"
"Egypt","Electric Express Train Phase-1 Project","The project is the phase 1 of an Electrical Express Train (EET) program that includes three lines (Green, Blue and Red lines) of a total length of 1,985 kilometer. The objective of the EET Phase-1 project (Green Line) is to contribute to the overall socio-economic development of Egypt in providing access to safe, affordable, accessible, and sustainable transport system for all. This will be achieved through the development of 660 km sustainable, green, and climate resilient electric express railway system.","117.023821","2023","Active","Instalment Sale","Project Financing","IsDB OCR"
"Türkiye","Post-Earthquake Hospitals Reconstruction Project","The Project Development Objective is to support Türkiye's efforts towards rapidly delivering health services to the earthquake-affected population by establishing 13 Hospitals with green, resilient, and sustainable measures.","120","2023","Active","Instalment Sale","Project Financing","IsDB OCR"
"Cameroon","Cameroon-Chad Electricity Interconnection Project (Cameroon Network)","The objective of the Project is to enable electricity to be traded between Cameroon and Chad as part of the Central African Power Pool (CAPP), through Interconnecting the two electricity systems.","123.969697","2023","Active","Instalment Sale","Project Financing","IsDB OCR"
"Togo","Coastal Erosion Protection Project","The project’s overall objective is to strengthen the resilience of infrastructure and communities in the coastal zone. The project aims to: (i) protect the coast by building a breakwater to slow down coastal erosion to below 1m/year; (ii) improve access to basic social infrastructure.","140.492013","2023","Active","Instalment Sale","Project Financing","IsDB OCR"
"Burkina Faso","Rehabilitation of the Bobo-Dioulasso - Banfora - Ivory Coast Border Road (PRéBBO)","Increase regional trade by facilitating economic exchanges, allowing the rapid sale of agro-sylvo-pastoral products, and strengthening cultural exchanges and social cohesion at the national and sub-regional levels.","143.703","2023","Active","Instalment Sale","Project Financing","IsDB OCR"
"Bahrain","ESTABLISHMENT OF NEW 400KV JASRA SUBSYSTEM in BAHRAIN","The project is one of most important projects at the second phase of Al-Dur station for the production of electricity and water and it is supporting Bahrain in its position as a world-class infrastructure linking Bahrain with the global economy as part of Economic Vision 2030 for Bahrain, the main objectives of this project can be summarized as follows:- Expand and strengthen electricity transmission networks required to meet the needs of increase in demand as a result of natural growth, where the Peak Demand growth rate will reach more than 30% by 2030.- Contributing in transfer part of the electrical energy produced from the second phase of Al-Dur station to all load centers in Bahrain, and to alleviate the other 4 subsystems that are currently highly loaded.- Contributing in the GCC electrical interconnection project as well as improving the ability to trade energy between the GCC.","150","2023","Active","Instalment Sale","Project Financing","IsDB OCR"
"Morocco","Construction of Guercif- Nador Highway Project","The overall objective of the project is to contribute to the development of infrastructure of different modes of transport in Morocco to cover the transport needs of the population and goods by 2040. Specifically, the project development objective is to contribute to improve the connectivity of the Oriental region and the NWM port complex. The project will contribute directly to reduce the transportation costs and travel times between the region and the rest of the country, road accidents and vehicle maintenance costs on the Guercif - Nador axis. The project will support decent and quality jobs creation, increase in the volumes of goods transiting through the port of Nador;","192.240126","2023","Active","Instalment Sale","Project Financing","IsDB OCR"
"Côte d'Ivoire","Construction of the Bouake - Darakokaha Highway project (54.5 KM)","The development goals will contribute to economic growth by building sustainable infrastructure that supports international, regional and national connectivity, in line with the PND 2021-2025 to achieve economic growth over 7% per year for the next five years.The specific project objectives are to improve the level of service and accommodate traffic growth along the A3 national and regional corridor linking the autonomous Port of Abidjan, a maritime entrance to Côte d'Ivoire, to the neighboring countries to the north without maritime facades, in particular Burkina Faso and Mali.  The key results expected from the traffic growth and improved level of service are:a. Travel time between Bouaké and Kanawolo reduced for light vehicles: from 1.8 hours in 2022 to 1.2 hours in 2028; Travel time between Bouaké and Kanawolo reduced for heavy goods vehicles: from 2.1 hours in 2022 to 1.5 hours in 2028;b. VOC costs between Bouaké and Kanawolo for light vehicles: from 0.32 Euro/veh-km in 2022 to 0.26 Euro/veh-km in 2028. Reduction in VOC between Bouaké and Kanawolo for heavy goods vehicles: by 1.12 Euro/veh-km in 2022 for heavy goods vehicles at 0.9Euro/veh-km in 2028.c. Average Annual Daily Traffic (AADT): from 3441 veh/d in 2022 to 4811 veh/d in 2028.d. The construction of a 117 km 2x2 highway a 9 grade separation","200.248305","2023","Active","Instalment Sale","Project Financing","IsDB OCR"
"Egypt","Electric Express Train Phase-1 Project","The project is the phase 1 of an Electrical Express Train (EET) program that includes three lines (Green, Blue and Red lines) of a total length of 1,985 kilometer. The objective of the EET Phase-1 project (Green Line) is to contribute to the overall socio-economic development of Egypt in providing access to safe, affordable, accessible, and sustainable transport system for all. This will be achieved through the development of 660 km sustainable, green, and climate resilient electric express railway system.","223.872179","2023","Active","Leasing","Project Financing","IsDB OCR"
"Bangladesh","Rural and Peri-Urban Housing Finance Project - Second Phase","Project Development Objective is as follows: i) to expand access to affordable finance for constructing 1,989 sustainable multi-storied housings with improved quality and necessary basic facilities for 70,632 lower and middle-income people dwelling in rural and peri-urban areas; ii) to ensure the optimum use of land and save cultivable land; and, iii) to address the climate change issue by introducing 55 climate-resilient housing for climatically vulnerable segments and 39 eco-friendly housing for reducing Green House Gases (GHG) emissions.","254.291987","2023","Active","Instalment Sale","Project Financing","IsDB OCR"
"Indonesia","Strengthening Indonesia's Health Care Referral Network (SIHREN)","The overall HSS Program objective is to increase the availability of functional equipment in public health facilities and to improve the utilization of public health services across Indonesia.The Program Objective was developed based on the results chain responding to the problem statement, capturing the challenges experienced across Indonesia’s public health system, which require to be urgently addressed through this Project: ‘Public health and laboratory facilities, across all levels of the public healthcare system and across the country, currently face significant gaps in the availability of critical equipment, without the necessary operational skills and maintenance capacity for this equipment, which is also a key driver of the severe underutilization of these facilities.’ The primary beneficiaries of this project are the entire population of Indonesia, and secondary beneficiaries are health workers at all levels of the health system.The SIHREN Project aims to enhance the physical and service capacity of the health referral system in Indonesia. This objective ensures equal access to quality healthcare services in all districts, cities, and provinces, including addressing health emergencies and pandemics. Secondly, the Project seeks to decrease the incidence of cancer, heart disease, stroke, and uronephrol","845.578947","2023","Active","Instalment Sale","Project Financing","IsDB OCR"
"Senegal","The Establishment of Manufacturing Unit for COVID-19 Vaccine Project","The project objective is to strengthen the capacities of Senegal and Africa in terms of preparedness and response to new pandemics, including COVID-19, diseases control and immunization coverage through manufacturing and supplying high quality, affordable and relevant vaccines by IPD, and building autonomy.","0.1105","2022","Active","Technical Assistance","Technical Assistance Operations","Other Funds"
"Kyrgyz Republic","Reconstruction of Suusamyr-Talas-Taraz road project,  Phase-IV.","The objective of the project is to improve efficiency, safety and traffic bearing capacity of the road section to accommodate current and future traffic, enhance regional and local connectivity, as well as to increase transit transportation in the region.","0.2","2022","Active","Technical Assistance","Technical Assistance Operations","Other Funds"
"Pakistan","SINDH INTEGRATED HEALTH AND WOMEN’S EMPOWERMENT PROJECT","The Project Development Objective is to sustainably (i) improve utilization and quality of reproductive, maternal, neonatal, child adolescents, health services and family planning services, uptake and delivery, and (ii) enhance the empowerment and economic resilience of women and vulnerable segments of the population in the project areas.","0.266166","2022","Active","Technical Assistance","Technical Assistance Operations","Other Funds"
"Morocco","LLF - Making Aquaculture Work for Market and Social inclusiveness","This project aims at supporting the development of the marine aquaculture value chain in Morocco through increasing the production, access to the market and growth of the SMEs and Cooperatives in the aquaculture sector.","0.295119","2022","Active","Technical Assistance","Technical Assistance Operations","Other Funds"
"Mauritania","Post Covid19 - LLF- Support to Maternal and Neonatal Healthcare Services Project","The project will Improve the access to the Reproductive, Maternal, Neonatal, Child and Adolescent Health and Nutrition services in 6 wilayas (Hodh Chargui; Hodh El Gharbi; Gorgol; Guidimagha; Tagant, and Nouakchott) through equipping health facilities with emergency obstetrical and neonatal care equipment and, contribute to human capital development through capacity building of health work force and create demand to increase utilization of RMNCAH-N services.","0.3","2022","Completed","Technical Assistance","Technical Assistance Operations","Other Funds"
"Senegal","The Establishment of Manufacturing Unit for COVID-19 Vaccine Project","The project objective is to strengthen the capacities of Senegal and Africa in terms of preparedness and response to new pandemics, including COVID-19, diseases control and immunization coverage through manufacturing and supplying high quality, affordable and relevant vaccines by IPD, and building autonomy.","0.3315","2022","Active","Technical Assistance","Technical Assistance Operations","Other Funds"
"Gambia","Gambia - Regional Soils Fertility Mapping Project","The objective of the project is to develop balanced fertilizer and integrated soil fertility management recommendations targeted to specific crops, under specific soil and agro-climatic conditions that will sustainably increase yields and nutritional quality and result in increased returns on fertilizer investments.","0.481815","2022","Active","Loan","Project Financing","IsDB OCR"
"Gambia","Gambia - Regional Soils Fertility Mapping Project","The objective of the project is to develop balanced fertilizer and integrated soil fertility management recommendations targeted to specific crops, under specific soil and agro-climatic conditions that will sustainably increase yields and nutritional quality and result in increased returns on fertilizer investments.","0.5","2022","Active","Loan","Project Financing","Other Funds"
"Mali","Regional Soil Fertility","The project aims to develop balanced fertilizer and integrated soil fertility management recommendations targeted to specific crops, under specific soil and agro-climatic conditions that will sustainably increase yields and nutritional quality and result in increased returns on fertilizer investments.","0.729091","2022","Active","Loan","Project Financing","IsDB OCR"
"Mali","Regional Soil Fertility","The project aims to develop balanced fertilizer and integrated soil fertility management recommendations targeted to specific crops, under specific soil and agro-climatic conditions that will sustainably increase yields and nutritional quality and result in increased returns on fertilizer investments.","0.75","2022","Active","Loan","Project Financing","Other Funds"
"Niger","Regional Soil Fertility Mapping Program (RSFMP) of West Africa - Niger","The objective of the project is to develop balanced fertilizer and integrated soil fertility management recommendations targeted to specific crops, under specific soil and agro-climatic conditions that will sustainably increase yields and nutritional quality and result in increased returns on fertilizer investments.","0.936822","2022","Active","Loan","Project Financing","IsDB OCR"
"Guinea","Regional Soil Fertility Mapping Program (RSFMP) of West Africa - Guinea","The overall goal of this project is to improve smallholder agricultural productivity through bettermanagement of their soils. The specific objectives are to develop balanced fertilizer productsand integrated soil fertility management recommendations targeted to specific crops needs,according to specific soil and agro-climatic conditions that will substantially and sustainablyincrease yields and nutritional quality and result in increased returns on fertilizer investments.","0.951206","2022","Active","Loan","Project Financing","IsDB OCR"
"Senegal","Regional Soil Fertility","The main objective of this project is to improve smallholder agricultural productivity through better management of their soils.","0.96363","2022","Active","Loan","Project Financing","IsDB OCR"
"Guinea","Regional Soil Fertility Mapping Program (RSFMP) of West Africa - Guinea","The overall goal of this project is to improve smallholder agricultural productivity through bettermanagement of their soils. The specific objectives are to develop balanced fertilizer productsand integrated soil fertility management recommendations targeted to specific crops needs,according to specific soil and agro-climatic conditions that will substantially and sustainablyincrease yields and nutritional quality and result in increased returns on fertilizer investments.","1","2022","Active","Loan","Project Financing","Other Funds"
"Niger","Regional Soil Fertility Mapping Program (RSFMP) of West Africa - Niger","The objective of the project is to develop balanced fertilizer and integrated soil fertility management recommendations targeted to specific crops, under specific soil and agro-climatic conditions that will sustainably increase yields and nutritional quality and result in increased returns on fertilizer investments.","1","2022","Active","Loan","Project Financing","Other Funds"
"Senegal","Regional Soil Fertility","The main objective of this project is to improve smallholder agricultural productivity through better management of their soils.","1","2022","Active","Loan","Project Financing","Other Funds"
"Nigeria","Construction and Equipping of a New 300-Bed Specialized Hospital in Kaduna State (Commodity Murabaha)","The project objective is to provide comprehensive and qualitative tertiary health care services that effectively handle referrals from primary and secondary health facilities inside Nigeria and from neighboring countries. The scope includes civil works, consultancy services for civil works, medical and non-medical equipment, consultancy services for medical and non- medical equipment and Support to Project Implementation (i.e. PMU, start -up workshop, familiarization visit, and financial audit).","1.661812","2022","Completed","Instalment Sale","Project Financing","IsDB OCR"
"Burkina Faso","Integrated Agriculture Value Chain Development","The project development objective is to contribute to increase rice and maize production and productivity through the deployment of improved production and, post-harvest technologies, enhance economic growth, improve household incomes, and support private sector participation using the Value chain development approach.","1.78205","2022","Active","Instalment Sale","Project Financing","Other Funds"
"Maldives","LLF - Support People's Livelihoods in the Fishery Sector in Maldives through Sustainable Energy","The project objective is to promote and facilitate access to technologies and techniques to increase profitability, improve catch quality, and reduce postharvest losses.","1.78205","2022","Active","Instalment Sale","Project Financing","Other Funds"
"Togo","Drinking Water Supply and Sanitation Project in Four Prefectures, Togo","The objective of the project is to improve the quality of life of the population living in Togo by contributing to the reduction of water-borne diseases and supporting government poverty alleviation strategy among vulnerable population.","1.79708","2022","Active","Loan","Project Financing","IsDB OCR"
"Nigeria","Construction and Equipping of a New 300-Bed Specialized Hospital in Kaduna State (Commodity Murabaha)","The project objective is to provide comprehensive and qualitative tertiary health care services that effectively handle referrals from primary and secondary health facilities inside Nigeria and from neighboring countries. The scope includes civil works, consultancy services for civil works, medical and non-medical equipment, consultancy services for medical and non- medical equipment and Support to Project Implementation (i.e. PMU, start -up workshop, familiarization visit, and financial audit).","2","2022","Completed","Instalment Sale","Project Financing","IsDB OCR"
"Benin","LLF - Integrated Agriculture Value Chain Development Project","The main objective of the project is to contribute to reducing high importation rate of rice and enhance economic growth through improved production, processing, value addition, marketing, and enhancing private sector participation.","2.428868","2022","Active","Instalment Sale","Project Financing","Other Funds"
"Uzbekistan","Enhancing Access to Quality Early Childhood Education Project in the Republic of Uzbekistan","The objective of the project is to support the government target of achieving universal pre-school enrolment by 2025. The project development objective is to enhance access to quality early childhood education facilities and improve the quality of early learning environments in the targeted regions.","2.525051","2022","Active","Loan","Project Financing","IsDB OCR"
"Mauritania","Post Covid19 - LLF- Support to Maternal and Neonatal Healthcare Services Project","The project will Improve the access to the Reproductive, Maternal, Neonatal, Child and Adolescent Health and Nutrition services in 6 wilayas (Hodh Chargui; Hodh El Gharbi; Gorgol; Guidimagha; Tagant, and Nouakchott) through equipping health facilities with emergency obstetrical and neonatal care equipment and, contribute to human capital development through capacity building of health work force and create demand to increase utilization of RMNCAH-N services.","2.528498","2022","Active","Instalment Sale","Project Financing","Other Funds"
"Nigeria","Construction and Equipping of a New 300-Bed Specialized Hospital in Kaduna State (Commodity Murabaha)","The project objective is to provide comprehensive and qualitative tertiary health care services that effectively handle referrals from primary and secondary health facilities inside Nigeria and from neighboring countries. The scope includes civil works, consultancy services for civil works, medical and non-medical equipment, consultancy services for medical and non- medical equipment and Support to Project Implementation (i.e. PMU, start -up workshop, familiarization visit, and financial audit).","5","2022","Completed","Instalment Sale","Project Financing","IsDB OCR"
"Gambia","Enhancing Value Addition in the Groundnut Sector Phase II – Gambia","The objective of the Project is to enable reaching the general goal of the original project which is to contribute towards the growth of Gambia’s groundnut sector, thus enhancing its contribution to economic growth, poverty reduction, and economic stability.","5.394737","2022","Active","Loan","Project Financing","IsDB OCR"
"Togo","LLF - Support Project to Strengthen the Health System and Primary Healthcare","The objective of the project is to project to improve the availability and quality of primary health care and services in Togo, with an emphasis on maternal, new-born, and child health services and health system governance.","5.649758","2022","Active","Instalment Sale","Project Financing","Other Funds"
"Burkina Faso","Integrated Agriculture Value Chain Development","The project development objective is to contribute to increase rice and maize production and productivity through the deployment of improved production and, post-harvest technologies, enhance economic growth, improve household incomes, and support private sector participation using the Value chain development approach.","8.775","2022","Active","Instalment Sale","Project Financing","IsDB OCR"
"Maldives","LLF - Support People's Livelihoods in the Fishery Sector in Maldives through Sustainable Energy","The project objective is to promote and facilitate access to technologies and techniques to increase profitability, improve catch quality, and reduce postharvest losses.","8.775","2022","Active","Instalment Sale","Project Financing","IsDB OCR"
"Guinea","Support to the Development of Technical and Vocational Schools Project - Phase 2","The objective of the project is to  strengthen human capital development through increasing access to vocational education and training and enhancing the quality of the provision of TVET and improving the labour market relevance.","9.000734","2022","Active","Loan","Project Financing","IsDB OCR"
"Nigeria","Construction and Equipping of a New 300-Bed Specialized Hospital in Kaduna State (Commodity Murabaha)","The project objective is to provide comprehensive and qualitative tertiary health care services that effectively handle referrals from primary and secondary health facilities inside Nigeria and from neighboring countries. The scope includes civil works, consultancy services for civil works, medical and non-medical equipment, consultancy services for medical and non- medical equipment and Support to Project Implementation (i.e. PMU, start -up workshop, familiarization visit, and financial audit).","9.338188","2022","Completed","Instalment Sale","Project Financing","IsDB OCR"
"Tajikistan","IsDB/GPE Project for Support to Implementation of the National Education Development Strategy of the Republic of Tajikistan","The objectives of the project are to Enhance access to quality education facilities in the selected districts, Improve the efficacy of Competency-Based Education (CBE) by reducing the gap between declared and implemented curriculum, supporting reform in assessment practices and stock-taking of various activities for effective implementation of CBE; and, support education sector policy, planning and evidence-based resource allocation through strengthening of the EMIS and its piloting in the project area.","9.5","2022","Active","Loan","Project Financing","IsDB OCR"
"Chad","Strengthening the Economic Resilience of the Vulnerable Enterprises (SERVE)/PROMOFIT-II, Project under the IsDB SPRP","The objective of the project is to build the resilience of affected MSMEs to endure and overcome the Covid-19 pandemic crisis by providing access to finance for business continuity and job preservation.","9.851561","2022","Active","Loan","Project Financing","IsDB OCR"
"Côte d'Ivoire","Hydro-Agricultural Development Project in Upper Sassandra and Fromager Regions (Phase III)","The main objective of the project is to contribute to increasing the incomes of actors along the rice value chain and ensure food and nutritional security. It will also contribute to (i) increasing the production of rice, market garden products and fishing products; (ii) improving the transformation and marketing capacities of actors; and (iii) supporting the organization of actors in the project area. More specifically, this project ambitions to develop transformative initiatives that will increase the production and productivity of agriculture (rice, Vegetables etc.), and fishery value chains towards significantly improving the lives and livelihoods of farmer communities in Sassandra and Fromager Regions.","9.9258","2022","Active","Loan","Project Financing","IsDB OCR"
"Chad","Strengthening the Economic Resilience of the Vulnerable Enterprises (SERVE)/PROMOFIT-II, Project under the IsDB SPRP","The objective of the project is to build the resilience of affected MSMEs to endure and overcome the Covid-19 pandemic crisis by providing access to finance for business continuity and job preservation.","10","2022","Active","Loan","Project Financing","Other Funds"
"Côte d'Ivoire","Strengthening digital transformation and health security in the healthcare services for the Management of Health Crisis","The objective of the project is to contribute to the achievement of the objectives of the National Health Development Plan (NHDP 2016-2020) by improving the state of health of the population through an offer of quality health services in all regions for an adequate and optimal care of the population and through the development of the digital health and risk management system.","10.114318","2022","Active","Loan","Project Financing","IsDB OCR"
"Pakistan","SINDH INTEGRATED HEALTH AND WOMEN’S EMPOWERMENT PROJECT","The Project Development Objective is to sustainably (i) improve utilization and quality of reproductive, maternal, neonatal, child adolescents, health services and family planning services, uptake and delivery, and (ii) enhance the empowerment and economic resilience of women and vulnerable segments of the population in the project areas.","10.234093","2022","Active","Loan","Project Financing","IsDB OCR"
"Mauritania","Post Covid19 - LLF- Support to Maternal and Neonatal Healthcare Services Project","The project will Improve the access to the Reproductive, Maternal, Neonatal, Child and Adolescent Health and Nutrition services in 6 wilayas (Hodh Chargui; Hodh El Gharbi; Gorgol; Guidimagha; Tagant, and Nouakchott) through equipping health facilities with emergency obstetrical and neonatal care equipment and, contribute to human capital development through capacity building of health work force and create demand to increase utilization of RMNCAH-N services.","10.4","2022","Active","Instalment Sale","Project Financing","IsDB OCR"
"Benin","LLF - Integrated Agriculture Value Chain Development Project","The main objective of the project is to contribute to reducing high importation rate of rice and enhance economic growth through improved production, processing, value addition, marketing, and enhancing private sector participation.","11.96","2022","Active","Instalment Sale","Project Financing","IsDB OCR"
"Togo","Drinking Water Supply and Sanitation Project in Four Prefectures, Togo","The objective of the project is to improve the quality of life of the population living in Togo by contributing to the reduction of water-borne diseases and supporting government poverty alleviation strategy among vulnerable population.","13.82193","2022","Active","Instalment Sale","Project Financing","IsDB OCR"
"Djibouti","SLUMS UPGRADING AND INTEGRATED URBAN DEVELOPMENT IN DJIBOUTI","The overall development objective of the project is contributing to the National Zero Slum Program and Housing Strategies which aimed at improving human development and economic empowerment through enhanced access to urban services for poor households in the target slum neighborhoods of Djaga-Boudhouq, Djibouti","13.953428","2022","Active","Loan","Project Financing","IsDB OCR"
"Mauritania","Water Supply for Kiffa from Senegal River Project","The objective of the project is to increase access to improved water services in selected rural areas and small towns","14.9946","2022","Active","Loan","Project Financing","IsDB OCR"
"Senegal","The Establishment of Manufacturing Unit for COVID-19 Vaccine Project","The project objective is to strengthen the capacities of Senegal and Africa in terms of preparedness and response to new pandemics, including COVID-19, diseases control and immunization coverage through manufacturing and supplying high quality, affordable and relevant vaccines by IPD, and building autonomy.","14.99784","2022","Active","Loan","Project Financing","IsDB OCR"
"Senegal","The Establishment of Manufacturing Unit for COVID-19 Vaccine Project","The project objective is to strengthen the capacities of Senegal and Africa in terms of preparedness and response to new pandemics, including COVID-19, diseases control and immunization coverage through manufacturing and supplying high quality, affordable and relevant vaccines by IPD, and building autonomy.","15.0722","2022","Active","Instalment Sale","Project Financing","IsDB OCR"
"Guinea-Bissau","Bissau-Dakar Road Corridor Project – Phase 1: Farim – Dungal (Senegal Boarder)","At the strategic level, the project aims to contribute to the internal unlocking of Guinea Bissau and Senegal cooperation and to the strengthening of sub-regional integration and trade.The specific objective of the project is to improve by 2026: (i) the level of service of the Farim - Tanaf road by reducing the transport cost by about 45% and increasing the average daily traffic by 130% compared to the 2020 level of service; and (ii) the accessibility and living conditions of the populations in the Project Direct Influence Zone (ZIDP) estimated in 2019 at 863,320 inhabitants","15.447714","2022","Active","Loan","Project Financing","IsDB OCR"
"Cameroon","Rice Value Chain Development Project in Cameroon","The objective of the project is to contribute to rice self-sufficiency, enhance economic growth, and improve household incomes through improved production, processing, marketing, and support for private sector participation in the agricultural (rice) value chain.","16.87","2022","Active","Loan","Project Financing","IsDB OCR"
"Guinea","Support to the Development of Technical and Vocational Schools Project - Phase 2","The objective of the project is to  strengthen human capital development through increasing access to vocational education and training and enhancing the quality of the provision of TVET and improving the labour market relevance.","16.999993","2022","Active","Instalment Sale","Project Financing","IsDB OCR"
"Jordan","Emergency Food Security Project","The objective of the project aims to enhance food security and mitigate the impact of high grain prices on households in Jordan. oddities which are wheat and barley.","19.636335","2022","Active","Loan","Project Financing","IsDB OCR"
"Morocco","LLF - Making Aquaculture Work for Market and Social inclusiveness","This project aims at supporting the development of the marine aquaculture value chain in Morocco through increasing the production, access to the market and growth of the SMEs and Cooperatives in the aquaculture sector.","20.386108","2022","Active","Instalment Sale","Project Financing","IsDB OCR"
"Comoros","Health System Strengthening Project -Establishment of El-Maarouf Hospital","The project's developmental objective is to support the government's efforts in achieving health-related Sustainable Development Goals (SDGs), specifically enhancing access to quality essential healthcare services and safe, effective, quality, and affordable essential medicines and vaccines for all. The project aims to improve access to and quality of specialized healthcare services through establishing a hospital, increasing availability and equitable access to emergency healthcare services, and enhancing pandemic response, including COVID-19 in Comoros.","20.920669","2022","Active","Loan","Project Financing","IsDB OCR"
"Pakistan","Mohmand Dam and Hydropower Project (MDHP) - Pakistan","The objective of the project is to contribute to national energy and water security and contribute to the regional socio-economic development of KP Province.","25","2022","Active","Instalment Sale","Project Financing","IsDB OCR"
"Pakistan","Mohmand Dam and Hydropower Project (MDHP) - Pakistan","The objective of the project is to contribute to national energy and water security and contribute to the regional socio-economic development of KP Province.","25","2022","Active","Instalment Sale","Project Financing","IsDB OCR"
"Mauritania","Water Supply for Kiffa from Senegal River Project","The objective of the project is to increase access to improved water services in selected rural areas and small towns","25.002641","2022","Active","Instalment Sale","Project Financing","IsDB OCR"
"Guinea","Additional Financing for the Rehabilitation and Expansion of the Conakry Electricity Distribution Network (Phase II) - PREREC II","The objective of the project is to improve the reliability of the network and the financial and technical performance of the electricity company EDG through increasing the grid efficiency, the collection rate and expanding access to electricity in Conakry.","26.29","2022","Completed","Instalment Sale","Project Financing","IsDB OCR"
"Uzbekistan","Enhancing Access to Quality Early Childhood Education Project in the Republic of Uzbekistan","The objective of the project is to support the government target of achieving universal pre-school enrolment by 2025. The project development objective is to enhance access to quality early childhood education facilities and improve the quality of early learning environments in the targeted regions.","27.54","2022","Active","Instalment Sale","Project Financing","IsDB OCR"
"Togo","LLF - Support Project to Strengthen the Health System and Primary Healthcare","The objective of the project is to project to improve the availability and quality of primary health care and services in Togo, with an emphasis on maternal, new-born, and child health services and health system governance.","27.82","2022","Active","Instalment Sale","Project Financing","IsDB OCR"
"Côte d'Ivoire","Hydro-Agricultural Development Project in Upper Sassandra and Fromager Regions (Phase III)","The main objective of the project is to contribute to increasing the incomes of actors along the rice value chain and ensure food and nutritional security. It will also contribute to (i) increasing the production of rice, market garden products and fishing products; (ii) improving the transformation and marketing capacities of actors; and (iii) supporting the organization of actors in the project area. More specifically, this project ambitions to develop transformative initiatives that will increase the production and productivity of agriculture (rice, Vegetables etc.), and fishery value chains towards significantly improving the lives and livelihoods of farmer communities in Sassandra and Fromager Regions.","29.71152","2022","Active","Instalment Sale","Project Financing","IsDB OCR"
"Cameroon","Support to the Presidential Plan for Reconstruction and Development (PPRD) for the North West and South West Regions of Cameroon","The objective of the project is to contribute to a peaceful and inclusive society through the restoration and provision of basic services through reconstructed infrastructure, revitalization of the local economy and strengthened social cohesion.","34.677419","2022","Completed","Instalment Sale","Project Financing","IsDB OCR"
"Pakistan","SINDH INTEGRATED HEALTH AND WOMEN’S EMPOWERMENT PROJECT","The Project Development Objective is to sustainably (i) improve utilization and quality of reproductive, maternal, neonatal, child adolescents, health services and family planning services, uptake and delivery, and (ii) enhance the empowerment and economic resilience of women and vulnerable segments of the population in the project areas.","40","2022","Active","Instalment Sale","Project Financing","IsDB OCR"
"Kyrgyz Republic","Reconstruction of Suusamyr-Talas-Taraz road project,  Phase-IV.","The objective of the project is to improve efficiency, safety and traffic bearing capacity of the road section to accommodate current and future traffic, enhance regional and local connectivity, as well as to increase transit transportation in the region.","52.082503","2022","Active","Loan","Project Financing","IsDB OCR"
"Senegal","NIANIJA-BOLONG Watershed Water Resources Mobilization Project","The objective of the project is to contribute to improve the availability of surface water resources in the Nanija Bolong watershed in order to create the conditions for the development of agro-sylvo-pastoral activities and to strengthen the resilience of ecosystems against climate change.","58.208333","2022","Active","Instalment Sale","Project Financing","IsDB OCR"
"Cameroon","Rice Value Chain Development Project in Cameroon","The objective of the project is to contribute to rice self-sufficiency, enhance economic growth, and improve household incomes through improved production, processing, marketing, and support for private sector participation in the agricultural (rice) value chain.","73.238636","2022","Active","Instalment Sale","Project Financing","IsDB OCR"
"Côte d'Ivoire","Strengthening digital transformation and health security in the healthcare services for the Management of Health Crisis","The objective of the project is to contribute to the achievement of the objectives of the National Health Development Plan (NHDP 2016-2020) by improving the state of health of the population through an offer of quality health services in all regions for an adequate and optimal care of the population and through the development of the digital health and risk management system.","75.770548","2022","Active","Instalment Sale","Project Financing","IsDB OCR"
"Guinea","Construction of Labe-Mali Road Project","The objective of the project is to improve the human endowment gaps through facilitating physical access of rural population, particularly women, youth and vulnerable groups to markets, health, education, and social protection services; and Facilitate the development of trade between Guinea and Senegal by opening and developing vast agricultural areas and huge unexploited potential.","83.93382","2022","Active","Instalment Sale","Project Financing","IsDB OCR"
"Guinea","Improvement of the Energy Access Project in Guinea (PAAEG)","The objective of this project is to contribute to improving the living conditions of the Guinean population by (i) facilitating access to reliable and sustainable energy services for households, basic social services, and businesses; and (ii) strengthening the capacity of public actors in the electricity sub-sector (Ministry of Energy and Electricité de Guinée (EDG)). More specifically, the project in the localities covered by IsDB will (a) connect 61,862 customers to the network; and (b) help improve EDG's overall performance by reducing the overall loss rate from 35% to 15%.","90","2022","Active","Instalment Sale","Project Financing","IsDB OCR"
"Uganda","East Africa Crude Oil Pipeline (EACOP) Project","The objective of the project is to enable Uganda to exploit its oil reserves and export oil to international markets through neighboring Tanzania","100","2022","Completed","Leasing","Project Financing","IsDB OCR"
"Indonesia","Integrated Fishing Ports and International Fish Markets Project Phase-I","The project's objective is to construct and expand fishing ports in Kejawanan – West Java and Pengambengan – Bali, contributing to the further development and application of international standards for seamless integration of fishing ports and increased competitiveness of fisheries products.","100.00001","2022","Active","Leasing","Project Financing","IsDB OCR"
"Uzbekistan","Surkhandarya CCGT IPP Project","The objective of the project is to improve the efficiently of the power sector while utilizing indigenous gas resources.","104","2022","Active","Instalment Sale","Project Financing","IsDB OCR"
"Uzbekistan","Reconstruction and Upgrading of M39 Road, 1255-1315 km","The project development objective is to improve the efficiency of the road transport infrastructure and ensure the safe movement of goods and people along the project road section. To reach this objective, the project will reconstruct and upgrade 63 km of road, install Weigh in Motion (WIM) systems for dynamic weight and dimension control as well as carry out various capacity development activities to enhance road transport planning.","106.7","2022","Active","Instalment Sale","Project Financing","IsDB OCR"
"Côte d'Ivoire","Construction of Mountains District Integration Road: Man-Kouibly and Guiglo-Tai (132 km)","The general objective of the project is to strengthen the national road network in order to facilitate the flow of economic exchanges in the country inline with the national infrastructure plan 2016-2025 backed by the PND 2021-2025.","177.16448","2022","Active","Instalment Sale","Project Financing","IsDB OCR"
"Jordan","Emergency Food Security Project","The objective of the project aims to enhance food security and mitigate the impact of high grain prices on households in Jordan. oddities which are wheat and barley.","180","2022","Completed","Instalment Sale","Project Financing","IsDB OCR"
"Guyana","Soesdyke-Linden Highway Project","The objective of the project is to improve road safety, improve access to communities, reduce travel times, optimize the transport network and increase economic activities along the corridors well as communities that are served by the corridor.","200","2022","Active","Instalment Sale","Project Financing","IsDB OCR"
"Indonesia","Strengthening of National Referral Hospital on Oncology Center, Indonesia","The Project Development Objective (PDO) is to enhance the availability, accessibility, quality, and delivery of oncology services for both children and adults (males and females) through the comprehensive modernization of six National Referral Hospitals across Indonesia.","205.00202","2022","Active","Leasing","Project Financing","IsDB OCR"
"Uzbekistan","Integrated Rural Development Project","The objective of the project is to improve the living standards and prosperity of the rural population by providing access to quality and resilient infrastructure, empowering local communities, and strengthening the knowledge on climate-smart agriculture practices","260","2022","Active","Instalment Sale","Project Financing","IsDB OCR"
"Senegal","Construction of Dakar-Saint Louis Highway","The project will boost the economic development and reinforce the national cohesion and the regional integration.The main project objectives are:- Promote economic development in particular, mining, agriculture, fishing, trade and tourism- Reduce disparities in transport infrastructure and improve social well-being- Develop exchanges between Senegal, North Africa and ECOWAS- Reduce the cost of transporting people and goods;- Ensure the safety of road users.","270.000115","2022","Active","Instalment Sale","Project Financing","IsDB OCR"
"Uganda","Upgrading of national roads in Uganda","The project will boost the socio-economic development of Uganda by providing better access to social infrastructure, facilitating access to market for farmers and traders, reinforce the regional integration and tourism.The project relates to the upgrading of Katine-Ochero (70 km), Kyenjojo (Kihura)-Bwizi-Rwamwanja-Kahunge (68km) and Mpara-Bwizi (37km) roads from gravel roads to paved one, and the construction of the Masindi Port Bridge.","295","2022","Active","Instalment Sale","Project Financing","IsDB OCR"
"Jordan","Strengthening the Economic Resilience of the Vulnerable Enterprises (SERVE) in the Tourism Sector, Project under the IsDB SPRP""","The objective of the project is to support the SMEs in the tourism sector in their financial resilience by ensuring that they will remain in business. To alleviate the lockdown and the socio-economic impacts due to COVID-19 crisis. ","0.05","2021","Active","Technical Assistance","Technical Assistance Operations","Other Funds"
"Guinea-Bissau","Support the development of Vocational Tranning System in Guinea Bissau under Reverse Linkage with Morocco as provider of knowledge","The Project Development Objective is to expand access and enhance the quality, equity, and relevance of Guinea-Bissau’s vocational training system, as measured by creating 720 new VT seats, achieving 90% student competency, increasing girls’ enrollment from 20% to 30%, and ensuring 75% of graduates are employed or self-employed within one year.","0.15","2021","Active","Technical Assistance","Technical Assistance Operations","Other Funds"
"Tajikistan","The Technical and Vocational Education and Training Project in the Mountainous Regions of the Republic of Tajikistan","The objective of the project is to assist the Government of Tajikistan in achieving sustainable development goals by reducing the poverty rate and number of unemployed among vulnerable groups, especially young people aged 16-29 and women aged 18-49 in the mountainous regions of the country","0.15","2021","Active","Technical Assistance","Technical Assistance Operations","Other Funds"
"Turkmenistan","Maritime Transport Development Project","The objective of the project is to enhance the capacity and efficiency of maritime transport operations through Turkmenbashi port and develop in-country shipbuilding capacity.","0.15","2021","Active","Technical Assistance","Technical Assistance Operations","Other Funds"
"Guinea","RL Guinea - Morocco on Wastewater Treatment Plant Construction Project","The overarching objective of the Wastewater Treatment Development Project in Conakry, Guinea, is to achieve a sustainable improvement in the provision of sanitation services by treating collected wastewater before discharging it into the ocean, thus safeguarding public health and protecting the environment. Specifically, the project aims to:1. Upgrade and Expand WWTP Capacity: Enhance and expand the capacity of the existing wastewater treatment plant to 25,800 m³/day by 2027, ensuring treated wastewater meets international standards.2. Improve Institutional and Regulatory Framework: Strengthen the governance of the sanitation sector by updating and reforming the institutional and regulatory frameworks to facilitate efficient management and sustainable operations.3. Develop Local Capacity: Train 144 staff members from the Executing Agency and other stakeholders in the sanitation sector by 2027, ensuring they possess the necessary skills for effective management and maintenance of the sanitation infrastructure.4. Ensure Project Sustainability: Assist the Executing Agency in operating and maintaining the WWTP during the first two years post-completion to guarantee the longevity and efficacy of the project’s outcomes.5. Public Health and Awareness: Halve the morbidity rate of water-borne diseases by the e","0.3","2021","Active","Technical Assistance","Technical Assistance Operations","Other Funds"
"Benin","LLF - Closing Gaps: Community health, human resources, and nutrition in Benin","The project aims to contribute to the achievement of the objectives of the NHDP (2018-2025) by improving access to primary healthcare and nutrition services for targeted areas of the project and strengthening the surveillance and prevention of epidemics and infectious diseases in the communities.","0.641157","2021","Active","Instalment Sale","Project Financing","Other Funds"
"Senegal","Building Resilience to Recurring Food Insecurity Program","The objective of the project is to contribute to the reduction of food insecurity and to the development of the resilience of vulnerable populations in Senegal. More specifically, the project aims to: (i) improve the livelihoods of the targeted rural population by increasing the productive capacity of their assets; (ii) capacity building of target communities to adapt to climate change; (iii) and improving the capacity of decision-makers to manage food crises.","1.1","2021","Active","Istisna'a","Project Financing","IsDB OCR"
"Senegal","Building Resilience to Recurring Food Insecurity Program","The objective of the project is to contribute to the reduction of food insecurity and to the development of the resilience of vulnerable populations in Senegal. More specifically, the project aims to: (i) improve the livelihoods of the targeted rural population by increasing the productive capacity of their assets; (ii) capacity building of target communities to adapt to climate change; (iii) and improving the capacity of decision-makers to manage food crises.","1.4","2021","Active","Loan","Project Financing","IsDB OCR"
"Tanzania","PURCHASE OF A COMMERCIAL BUILDING IN DAR ES SALAAM TO BE USED AS A WAQF FOR DIRECT AID SOCIETY, TANZANIA","The project's aim is to generate a regular income to support the educational, health care, and social programs of Direct Aid Society in Tanzania.","1.75","2021","Active","Instalment Sale","Project Financing","Other Funds"
"Tanzania","PURCHASE OF A COMMERCIAL BUILDING IN DAR ES SALAAM TO BE USED AS A WAQF FOR DIRECT AID SOCIETY, TANZANIA","The project's aim is to generate a regular income to support the educational, health care, and social programs of Direct Aid Society in Tanzania.","1.75","2021","Active","Instalment Sale","Project Financing","IsDB OCR"
"Kenya","Construction of Al-Furqan Mixed Use Waqf Building, Nairobi in favor of ""Maahad Daawah Organization""","The objective of the project is to generate income to support the educational and social activities of Maahad Daawah Organization with a focus on supporting Al-Furqan Training Institute to become self-sustainable.","1.8","2021","Completed","Istisna'a","Project Financing","Other Funds"
"Cameroon","Line of Finance to Support SMEs Project under the IsDB Group SPRP for COVID-19, Restore Track (R2), Cameroon","By the end of 2024, the project would contribute to building the resilience of Cameroon's economy to respond to COVID-19 disruption on the SMEs sector with the increase of their access to finance.","1.8","2021","Active","Instalment Sale","Project Financing","IsDB OCR"
"Kenya","Construction of Al-Furqan Mixed Use Waqf Building, Nairobi in favor of ""Maahad Daawah Organization""","The objective of the project is to generate income to support the educational and social activities of Maahad Daawah Organization with a focus on supporting Al-Furqan Training Institute to become self-sustainable.","1.8","2021","Completed","Istisna'a","Project Financing","IsDB OCR"
"Jordan","Strengthening the Economic Resilience of the Vulnerable Enterprises (SERVE) in the Tourism Sector, Project under the IsDB SPRP""","The objective of the project is to support the SMEs in the tourism sector in their financial resilience by ensuring that they will remain in business. To alleviate the lockdown and the socio-economic impacts due to COVID-19 crisis. ","2","2021","Active","Loan","Project Financing","Other Funds"
"Senegal","Building Resilience to Recurring Food Insecurity Program","The objective of the project is to contribute to the reduction of food insecurity and to the development of the resilience of vulnerable populations in Senegal. More specifically, the project aims to: (i) improve the livelihoods of the targeted rural population by increasing the productive capacity of their assets; (ii) capacity building of target communities to adapt to climate change; (iii) and improving the capacity of decision-makers to manage food crises.","2","2021","Active","Istisna'a","Project Financing","IsDB OCR"
"Côte d'Ivoire","Production and Processing of Certified Rice Seed","The aim of the project is to contribute towards enhancement of food security by increasing production and productivity of rice, the key staple crop in Cote d’Ivoire. This will be achieved by increasing the national production capacity for certified rice seeds and gradually expanding rice production areas.","2.274676","2021","Active","Istisna'a","Project Financing","IsDB OCR"
"Mali","LLF - Poultry and Fisheries Value Chain Project to Improve Income and Nutrition","The goal of the project is to improve food and nutrition security through smallholder poultry and aquaculture production, and to increase the economic empowerment of smallholder producers in Western Sahel of Mali, targeting women and youth smallholder producers. This will be achieved through the improved resilience of poultry and fish systems, the increased productivity of poultry and aquaculture systems, and increased access and equitable consumption of nutritious diets.","2.409824","2021","Active","Instalment Sale","Project Financing","Other Funds"
"Pakistan","IVAC COVID-19 Vaccine Support for Pakistan","The project objective is to support the Government’s efforts to protect and prevent the eligible population from COVID-19 infection through vaccination.","2.5","2021","Completed","Loan","Project Financing","Other Funds"
"Togo","LLF - Decentralized Rural Electrification through mini solar power plants","the project aims to provide access to sustainable supply of electricity to rural populations of Togo living in dense and sparsely populated areas, far from the existing grid. At the end of the project 56 localities and creation of 19,257 connections, including health centers, education institutions, productive uses of electricity and women's association.","2.790186","2021","Active","Instalment Sale","Project Financing","Other Funds"
"Saudi Arabia","Purchase of a hotel in Abha for Alber Society in Doga, Saudi Arabia","The objective of the project is to generate a regular income to support the charity programs of AlBir Society in Dogah.","3.2","2021","Completed","Instalment Sale","Project Financing","Other Funds"
"Saudi Arabia","Purchase of a hotel in Abha for Alber Society in Doga, Saudi Arabia","The objective of the project is to generate a regular income to support the charity programs of AlBir Society in Dogah.","3.2","2021","Completed","Instalment Sale","Project Financing","IsDB OCR"
"Benin","Cotonou Storm Water Drainage Project","The main objective of the project is to minimize the risk of flooding through construction of 13 km of drainage collection in selected areas of the capital city of Cotonou.","3.585623","2021","Active","Loan","Project Financing","IsDB OCR"
"Niger","Construction of Doutchi-Kurdula (Nigeria Border) Road Project","The objective of the project is to contribute to Niger’s economic growth through quantitative and qualitative enhancement of the transport infrastructure on the national road network","3.96418","2021","Active","Instalment Sale","Project Financing","IsDB OCR"
"Benin","LLF - Closing Gaps: Community health, human resources, and nutrition in Benin","The project aims to contribute to the achievement of the objectives of the NHDP (2018-2025) by improving access to primary healthcare and nutrition services for targeted areas of the project and strengthening the surveillance and prevention of epidemics and infectious diseases in the communities.","4.018413","2021","Active","Leasing","Project Financing","Other Funds"
"Chad","LLF - Strengthening the Primary Health Care in Chad","The objective of the project is to contribute to the effective implementation of the National Health Policy aiming “to ensure the population universal access to quality, comprehensive, integrated, continuous and person-centred healthcare in order to effectively contribute to socio-economic development of the country by 2030","4.046913","2021","Active","Instalment Sale","Project Financing","Other Funds"
"Côte d'Ivoire","LLF-Integrated Nutrition and Early Childhood Development Project","The project aims at supporting the Government's efforts to achieve the targets of the National Development Plan (2021-2025) and interventions that take into consideration the Nurturing Care Framework for Early Childhood Development (ECD).","4.236023","2021","Active","Instalment Sale","Project Financing","Other Funds"
"Benin","LLF - Closing Gaps: Community health, human resources, and nutrition in Benin","The project aims to contribute to the achievement of the objectives of the NHDP (2018-2025) by improving access to primary healthcare and nutrition services for targeted areas of the project and strengthening the surveillance and prevention of epidemics and infectious diseases in the communities.","4.476816","2021","Active","Instalment Sale","Project Financing","IsDB OCR"
"Senegal","Women Entrepreneurship Development and Youth Employment Support Project","The project objective is to improve living conditions of women through gainful employment in the agriculture value chain and helping establish agribusiness facilities through microfinance to develop entrepreneurship skills in women.","4.74","2021","Completed","Loan","Project Financing","IsDB OCR"
"Togo","Basic Education Development Project","The objective of the project is to support the Education Sector Plan (2010-2025) in providing human capital with relevant skills to the labor market and the economy of Togo.","4.936718","2021","Active","Loan","Project Financing","IsDB OCR"
"Nigeria","SPECIAL AGRO-INDUSTRIAL PROCESSING ZONES (SAPZ) PROJECT","The overarching objective of the SAPZ Project is to increase household incomes and foster job creation in rural agricultural communities, especially for the youth  and women as well as enhance food and nutritional security in Nigeria.The development objective of the Project is to support inclusive and sustainable agro-industrial development and enhance the competitiveness of the agriculture sector through the promotion of selected value chains in Nigeria.","4.95915","2021","Active","Leasing","Project Financing","IsDB OCR"
"Sierra Leone","Digital Connectivity in Schools to Accelerate COVID-19 Education Response and Recovery Project","The project's objective is to help restore and restart Sierra Leone’s educational system and connect communities to critical information and opportunities in the digital economy, and to accelerate post-COVID learning","4.981356","2021","Active","Loan","Project Financing","IsDB OCR"
"Togo","Basic Education Development Project","The objective of the project is to support the Education Sector Plan (2010-2025) in providing human capital with relevant skills to the labor market and the economy of Togo.","5","2021","Active","Loan","Project Financing","Other Funds"
"Bangladesh","LLF - Inclusive and Integrated Sanitation and Hygiene Project in 10 Priority Towns in Bangladesh","This project aims to ensure good quality lives and livelihoods through safe, adequate, equitable, sustainable sanitation, hygiene facilities and services, with a special focus on the urban poor women and children, guided by City-wide Inclusive Sanitation (CWIS) approach.","5.040336","2021","Active","Instalment Sale","Project Financing","Other Funds"
"Senegal","Floods Impacts Mitigation Project in Dakar","The main objective of the project is to contribute to improving the living conditions in 6 major cities (Dakar, Thies, Saint Louis, Kaolack, Fatick and Joal) by minimizing the impacts of recurrent floods on population, and preventing the loss of human lives, properties, plus reducing the costs associated with the effects of water borne diseases. It will also improve urban mobility all year round and accessibility to social services.Overall, the project will therefore contribute to improve local environment conditions, health, hygiene, and urban mobility, and protect key economic assets","5.58","2021","Active","Istisna'a","Project Financing","IsDB OCR"
"Nigeria","SPECIAL AGRO-INDUSTRIAL PROCESSING ZONES (SAPZ) PROJECT","The overarching objective of the SAPZ Project is to increase household incomes and foster job creation in rural agricultural communities, especially for the youth  and women as well as enhance food and nutritional security in Nigeria.The development objective of the Project is to support inclusive and sustainable agro-industrial development and enhance the competitiveness of the agriculture sector through the promotion of selected value chains in Nigeria.","5.851846","2021","Active","Leasing","Project Financing","IsDB OCR"
"Cameroon","Line of Finance to Support SMEs Project under the IsDB Group SPRP for COVID-19, Restore Track (R2), Cameroon","By the end of 2024, the project would contribute to building the resilience of Cameroon's economy to respond to COVID-19 disruption on the SMEs sector with the increase of their access to finance.","6.4","2021","Active","Instalment Sale","Project Financing","IsDB OCR"
"Uganda","Irrigation Schemes Development in Unyama, Namalu and Sipi Regions Uganda","The development objective is to improve household incomes, food security, and climate resilience through sustainable natural resources management, enhance access to sustainable water resource use and agricultural enterprise development by constructing irrigation schemes covering 2900 ha in Unyama, Namalu and Sipi in Northern and Eastern Uganda","6.5","2021","Active","Loan","Project Financing","Other Funds"
"Nigeria","SPECIAL AGRO-INDUSTRIAL PROCESSING ZONES (SAPZ) PROJECT","The overarching objective of the SAPZ Project is to increase household incomes and foster job creation in rural agricultural communities, especially for the youth  and women as well as enhance food and nutritional security in Nigeria.The development objective of the Project is to support inclusive and sustainable agro-industrial development and enhance the competitiveness of the agriculture sector through the promotion of selected value chains in Nigeria.","6.564159","2021","Active","Leasing","Project Financing","IsDB OCR"
"Gambia","Development of the University of The Gambia Phase II","The objective of the project is to support the Higher Education Sector of the Gambia through the expansion and the strengthening of the teaching and learning environment of the University of The Gambia. The main indicators to track the achievement of the project outcome and outputs are as follow: (i) the number of students enrolled in UTG increased by 1,600; (ii) the number of graduates from the programs supported by the project increased by 100; (iii) the percentage of girls enrolled in the UTG increased from 20% to 25%; and (iv) 2 schools (Agriculture and Law) constructed and equipped.","6.922593","2021","Active","Loan","Project Financing","IsDB OCR"
"Cameroon","Line of Finance to Support SMEs Project under the IsDB Group SPRP for COVID-19, Restore Track (R2), Cameroon","By the end of 2024, the project would contribute to building the resilience of Cameroon's economy to respond to COVID-19 disruption on the SMEs sector with the increase of their access to finance.","6.92862","2021","Completed","Instalment Sale","Project Financing","IsDB OCR"
"Senegal","Emergency Program for Community Development Project (Phase-II)","The overall goal of the project is to eradicate poverty and social inequalities and enhance environmental protection through sustained interventions in the targeted project areas. The project's development objectives are as follows:- (i) to improve the accessibility of the disadvantaged regions/communities to basic social infrastructure such as roads, water, and energy; (ii) to contribute to an easier access to basic socioeconomic services (rural markets. health. and education). (iii) to enhance the capacity of local authorities and beneficiaries; and (iv) to improve the local economy through promotion of value chain and to generate employment opportunities.","7.63","2021","Active","Instalment Sale","Project Financing","IsDB OCR"
"Cameroon","Line of Finance to Support SMEs Project under the IsDB Group SPRP for COVID-19, Restore Track (R2), Cameroon","By the end of 2024, the project would contribute to building the resilience of Cameroon's economy to respond to COVID-19 disruption on the SMEs sector with the increase of their access to finance.","7.942016","2021","Completed","Instalment Sale","Project Financing","IsDB OCR"
"Jordan","Strengthening the Economic Resilience of the Vulnerable Enterprises (SERVE) in the Tourism Sector, Project under the IsDB SPRP""","The objective of the project is to support the SMEs in the tourism sector in their financial resilience by ensuring that they will remain in business. To alleviate the lockdown and the socio-economic impacts due to COVID-19 crisis. ","8.047698","2021","Active","Loan","Project Financing","IsDB OCR"
"Guinea","RL Guinea - Morocco on Wastewater Treatment Plant Construction Project","The overarching objective of the Wastewater Treatment Development Project in Conakry, Guinea, is to achieve a sustainable improvement in the provision of sanitation services by treating collected wastewater before discharging it into the ocean, thus safeguarding public health and protecting the environment. Specifically, the project aims to:1. Upgrade and Expand WWTP Capacity: Enhance and expand the capacity of the existing wastewater treatment plant to 25,800 m³/day by 2027, ensuring treated wastewater meets international standards.2. Improve Institutional and Regulatory Framework: Strengthen the governance of the sanitation sector by updating and reforming the institutional and regulatory frameworks to facilitate efficient management and sustainable operations.3. Develop Local Capacity: Train 144 staff members from the Executing Agency and other stakeholders in the sanitation sector by 2027, ensuring they possess the necessary skills for effective management and maintenance of the sanitation infrastructure.4. Ensure Project Sustainability: Assist the Executing Agency in operating and maintaining the WWTP during the first two years post-completion to guarantee the longevity and efficacy of the project’s outcomes.5. Public Health and Awareness: Halve the morbidity rate of water-borne diseases by the e","8.5","2021","Active","Instalment Sale","Project Financing","IsDB OCR"
"Burkina Faso","Basic Education Development Project (Phase V)","This project aims to increase the supply of basic education and improve the quality and management capabilities of the system","8.540902","2021","Active","Instalment Sale","Project Financing","IsDB OCR"
"Senegal","Reconstruction of Regional Roads (Ndioum Thilogne and Diallocotto Mako)","The project objecitve is to provide accessibility to the eastern and southern regions of Senegal and enhance socio-economic life of the region through making better use of the agricultural potential by reducing transport cost and enabling people to have easier access to schools and healthcare facilities.","9.703279","2021","Completed","Istisna'a","Project Financing","IsDB OCR"
"Nigeria","UPGRADING OF MINNA-BIDA ROAD PROJECT IN NIGER STATE, NIGERIA","The overall Project Development Objective is to contribute to the socio-economic development of Niger State through constructing a safe, efficient, and cost-effective interconnection between the Local Government Areas of the State.","9.92","2021","Active","Leasing","Project Financing","IsDB OCR"
"Guinea","RL Guinea - Morocco on Wastewater Treatment Plant Construction Project","The overarching objective of the Wastewater Treatment Development Project in Conakry, Guinea, is to achieve a sustainable improvement in the provision of sanitation services by treating collected wastewater before discharging it into the ocean, thus safeguarding public health and protecting the environment. Specifically, the project aims to:1. Upgrade and Expand WWTP Capacity: Enhance and expand the capacity of the existing wastewater treatment plant to 25,800 m³/day by 2027, ensuring treated wastewater meets international standards.2. Improve Institutional and Regulatory Framework: Strengthen the governance of the sanitation sector by updating and reforming the institutional and regulatory frameworks to facilitate efficient management and sustainable operations.3. Develop Local Capacity: Train 144 staff members from the Executing Agency and other stakeholders in the sanitation sector by 2027, ensuring they possess the necessary skills for effective management and maintenance of the sanitation infrastructure.4. Ensure Project Sustainability: Assist the Executing Agency in operating and maintaining the WWTP during the first two years post-completion to guarantee the longevity and efficacy of the project’s outcomes.5. Public Health and Awareness: Halve the morbidity rate of water-borne diseases by the e","9.962711","2021","Active","Loan","Project Financing","IsDB OCR"
"Burkina Faso","Basic Education Development Project (Phase V)","This project aims to increase the supply of basic education and improve the quality and management capabilities of the system","9.999655","2021","Active","Loan","Project Financing","IsDB OCR"
"Uzbekistan","Strengthening the Economic Resilience of the Vulnerable Enterprises (SERVE) Project","The objective of the project objective is to support enterprises in targeted regions by providing an integrated economic empowerment package that will enable access to economic opportunities, allow them to recover from the Covid-19 pandemic and sustain inclusive growth of the individual entrepreneurs and MSMEs.","10","2021","Active","Loan","Project Financing","Other Funds"
"Togo","Basic Education Development Project","The objective of the project is to support the Education Sector Plan (2010-2025) in providing human capital with relevant skills to the labor market and the economy of Togo.","10","2021","Active","Instalment Sale","Project Financing","IsDB OCR"
"Guinea","COVID-19 Pandemic Vaccine Acquisition Project","The main objective of the project is to ensure the acquisition and deployment of vaccines from a range of sources and the immunization of populations to support the Guinea’s objectives to induce herd immunity and reduce the community transmission of the virus by end of 2022.","10.000854","2021","Active","Loan","Project Financing","IsDB OCR"
"Mauritania","Atar - Chinguetti Road Project","The Project development objective is to improve efficiency and the safety of transport services between Atar and Chinguetti. At completion, the key expected results of the project include the following:- Decrease of the Vehicle Operating Cost (VOC) by 50%;- Decrease of journey time between Atar and Chinguetti by 50%;- Increase of the access to social amenities (schools, medical facilities, markets, etc.).","11.915648","2021","Active","Loan","Project Financing","IsDB OCR"
"Mauritania","Strengthening STI Teaching and Learning in the Secondary Schools in Mauritania","The objectives of the project is to produce more and better qualified secondary education graduates by promoting innovation and expanding access to quality education services and experimentation in the scientific subjects.","11.955851","2021","Active","Loan","Project Financing","IsDB OCR"
"Senegal","Dakar Water Supply Expansion Project (KMS3)","The overall objective of the proposed project is to improve social living conditions in Dakar, Louga, Kebemer, Tivavouane and Thies cities by satisfying water demand in a sustainable way until the horizon of 2025.","12.414407","2021","Active","Istisna'a","Project Financing","IsDB OCR"
"Senegal","Secondary Cities Modernization Program (PROMOVILLES)","The project aims to modernize Senegal's cities by providing them with quality infrastructures to improve populations' living environment of the populations.The specific objectives of the project are to: (i) enhance the access of urban populations to acceptable level of solid waste management services; (ii) improve mobility of populations by providing them with all-weather access to social services, (iii) protect the population against recurrent flooding by strengthening the storm water drainage system; (iv) enhance public safety and productivity of economic activities through installation of street lighting systems; and (v) improve the physical environment of regional cities and their livability through provision of appropriate public spaces and green landscaping.","12.414407","2021","Active","Instalment Sale","Project Financing","IsDB OCR"
"Gambia","Widening of Bertil Harding Highway, Gambia","The general objective of the proposed project is to contribute to the economic growth of the country by supporting the transport development objective of Increasing the percentage of the primary road network in good condition from 80% to 100% fixed by the country National Development Plan 2018-2021. The specific objectives of the proposed project are (i) to cope with the increasing traffic growth of more than 3% annually on the Bertil – Harding highway which is expected to reach 28,000 vehicle/day by 2040 (16,000 vehicle/day in 2021), and (ii) to successfully prepare the upcoming OIC Summit to be hosted by the capital city Banjul in 2022.","13.861275","2021","Completed","Loan","Project Financing","IsDB OCR"
"Morocco","Front End Engineering Design (FEED) for Nigeria - Morocco Gas Pipeline Project (NMGP)","The Front-End Engineering Design Study FEED study project aims at preparing the required studies for the gas pipeline and helping to take the Final Investment Decision (FID) for the infrastructure project.","15.45","2021","Active","Leasing","Project Financing","IsDB OCR"
"Senegal","Rural Electrification Project","The project aims at supporting the Government’s efforts towards the eradication of extreme poverty, particularly in rural areas, through supplying electricity.  It includes construction of hybrid solar/diesel power stations, hybridization of the existing power plants, construction of local grid with medium and low voltage networks and aerial transformers, supplying and installing autonomous solar street lamps.","16.64","2021","Active","Istisna'a","Project Financing","IsDB OCR"
"Guinea-Bissau","Support the development of Vocational Tranning System in Guinea Bissau under Reverse Linkage with Morocco as provider of knowledge","The Project Development Objective is to expand access and enhance the quality, equity, and relevance of Guinea-Bissau’s vocational training system, as measured by creating 720 new VT seats, achieving 90% student competency, increasing girls’ enrollment from 20% to 30%, and ensuring 75% of graduates are employed or self-employed within one year.","16.837983","2021","Active","Loan","Project Financing","IsDB OCR"
"Iraq","Reconstruction of the Hawija Technical Institute","The objective of the project is to support the Government of Iraq's efforts in post-conflict reconstruction in the most badly damaged regions.","17","2021","Active","Instalment Sale","Project Financing","IsDB OCR"
"Tajikistan","The Technical and Vocational Education and Training Project in the Mountainous Regions of the Republic of Tajikistan","The objective of the project is to assist the Government of Tajikistan in achieving sustainable development goals by reducing the poverty rate and number of unemployed among vulnerable groups, especially young people aged 16-29 and women aged 18-49 in the mountainous regions of the country","17.061744","2021","Active","Loan","Project Financing","IsDB OCR"
"Mali","LLF - Poultry and Fisheries Value Chain Project to Improve Income and Nutrition","The goal of the project is to improve food and nutrition security through smallholder poultry and aquaculture production, and to increase the economic empowerment of smallholder producers in Western Sahel of Mali, targeting women and youth smallholder producers. This will be achieved through the improved resilience of poultry and fish systems, the increased productivity of poultry and aquaculture systems, and increased access and equitable consumption of nutritious diets.","17.93565","2021","Active","Instalment Sale","Project Financing","IsDB OCR"
"Niger","Construction of Doutchi-Kurdula (Nigeria Border) Road Project","The objective of the project is to contribute to Niger’s economic growth through quantitative and qualitative enhancement of the transport infrastructure on the national road network","19.716885","2021","Active","Instalment Sale","Project Financing","IsDB OCR"
"Maldives","Greater Male Waste Management Improvement and Waste to Energy Project, Maldives","The objective of the project is to bring a healthy living environment for the country through development of a modern and environmentally solid waste management services. The project will develop a modern and sustainable solid waste management system in the Greater Malé capital region and its inhabited outer islands.","19.934944","2021","Active","Loan","Project Financing","IsDB OCR"
"Togo","LLF - Decentralized Rural Electrification through mini solar power plants","the project aims to provide access to sustainable supply of electricity to rural populations of Togo living in dense and sparsely populated areas, far from the existing grid. At the end of the project 56 localities and creation of 19,257 connections, including health centers, education institutions, productive uses of electricity and women's association.","20.15","2021","Active","Instalment Sale","Project Financing","IsDB OCR"
"Mauritania","Atar - Chinguetti Road Project","The Project development objective is to improve efficiency and the safety of transport services between Atar and Chinguetti. At completion, the key expected results of the project include the following:- Decrease of the Vehicle Operating Cost (VOC) by 50%;- Decrease of journey time between Atar and Chinguetti by 50%;- Increase of the access to social amenities (schools, medical facilities, markets, etc.).","20.944768","2021","Active","Instalment Sale","Project Financing","IsDB OCR"
"Guinea","OMVG High Voltage Electricity Interconnection Project (Supplementary Financing)","The objective of the project is to contribute towards satisfying the increasing demand for electricity in the region by supplying an additional 1,348 GWh per annum (946 GWh from Kaleta HEPP (in Guinea) and 402 GWh from Sambangalou Hydro Electric Power Plant or about 12% of their electrical energy needs in 2020.","25.849667","2021","Active","Instalment Sale","Project Financing","IsDB OCR"
"Benin","LLF - Closing Gaps: Community health, human resources, and nutrition in Benin","The project aims to contribute to the achievement of the objectives of the NHDP (2018-2025) by improving access to primary healthcare and nutrition services for targeted areas of the project and strengthening the surveillance and prevention of epidemics and infectious diseases in the communities.","28.058184","2021","Active","Leasing","Project Financing","IsDB OCR"
"Chad","LLF - Strengthening the Primary Health Care in Chad","The objective of the project is to contribute to the effective implementation of the National Health Policy aiming “to ensure the population universal access to quality, comprehensive, integrated, continuous and person-centred healthcare in order to effectively contribute to socio-economic development of the country by 2030","29.263668","2021","Active","Instalment Sale","Project Financing","IsDB OCR"
"Côte d'Ivoire","Cocody Bay Environmental Improvement and Urban Development Project","The project's fundamental objectives are to bring durable and sustainable solutions to the bay and its watershed pollution issues. It also aims to provide the population of Abidjan with a safe socio-economic environment where cultural, commercial and sport and leisure activities can take place in a quality ecosystem that has been restored in a coherent and inclusive framework. ","29.371486","2021","Completed","Instalment Sale","Project Financing","IsDB OCR"
"Nigeria","Front End Engineering Design (FEED) for Nigeria Morocco Gas Pipeline (NMGP) – Nigeria Segment","The objective of the project is to prepare the construction works of the gas pipeline and improve its bankability to attract potential international sponsors from the private sector.","29.75","2021","Active","Leasing","Project Financing","IsDB OCR"
"Uzbekistan","Strengthening the Economic Resilience of the Vulnerable Enterprises (SERVE) Project","The objective of the project objective is to support enterprises in targeted regions by providing an integrated economic empowerment package that will enable access to economic opportunities, allow them to recover from the Covid-19 pandemic and sustain inclusive growth of the individual entrepreneurs and MSMEs.","30","2021","Active","Instalment Sale","Project Financing","IsDB OCR"
"Côte d'Ivoire","LLF-Integrated Nutrition and Early Childhood Development Project","The project aims at supporting the Government's efforts to achieve the targets of the National Development Plan (2021-2025) and interventions that take into consideration the Nurturing Care Framework for Early Childhood Development (ECD).","30.528317","2021","Active","Instalment Sale","Project Financing","IsDB OCR"
"Bangladesh","LLF - Inclusive and Integrated Sanitation and Hygiene Project in 10 Priority Towns in Bangladesh","This project aims to ensure good quality lives and livelihoods through safe, adequate, equitable, sustainable sanitation, hygiene facilities and services, with a special focus on the urban poor women and children, guided by City-wide Inclusive Sanitation (CWIS) approach.","36.4","2021","Active","Instalment Sale","Project Financing","IsDB OCR"
"Albania","Construction of Qukes-Qafe Plloce (Choocus-Chalf Ploch) Section of Tirana-Korca Road Corridor Project - Additional Financing","The project aims to provide the shortest earthquake resilient all-weather road link with the southern isolated villages, borders of North Macedonia and Greece and the rest of Europe within the inner Balkans by reducing travel time, vehicle operating cost and increase comfort, safety and reliability; meet the current and future transport demands; and  help accelerate socioeconomic activities by improving access of people to social amenities, businesses and employment opportunities, trade, tourism resulting from enhanced internal and regional interconnectivity.","56.8","2021","Active","Instalment Sale","Project Financing","IsDB OCR"
"Pakistan","IVAC COVID-19 Vaccine Support for Pakistan","The project objective is to support the Government’s efforts to protect and prevent the eligible population from COVID-19 infection through vaccination.","70","2021","Completed","Instalment Sale","Project Financing","IsDB OCR"
"Nigeria","UPGRADING OF MINNA-BIDA ROAD PROJECT IN NIGER STATE, NIGERIA","The overall Project Development Objective is to contribute to the socio-economic development of Niger State through constructing a safe, efficient, and cost-effective interconnection between the Local Government Areas of the State.","76.72","2021","Active","Instalment Sale","Project Financing","IsDB OCR"
"Bahrain","Enhancement of Water Transmission and Distribution Project of Al Dur Phase II Plant","The project aims to improving the transfer of water supply and increase water security in the Kingdom of Bahrain by establishing additional transmission and storage capacity through augmenting the existing water transmission system.","80","2021","Active","Instalment Sale","Project Financing","IsDB OCR"
"Uganda","Irrigation Schemes Development in Unyama, Namalu and Sipi Regions Uganda","The development objective is to improve household incomes, food security, and climate resilience through sustainable natural resources management, enhance access to sustainable water resource use and agricultural enterprise development by constructing irrigation schemes covering 2900 ha in Unyama, Namalu and Sipi in Northern and Eastern Uganda","80","2021","Active","Instalment Sale","Project Financing","IsDB OCR"
"Turkmenistan","Maritime Transport Development Project","The objective of the project is to enhance the capacity and efficiency of maritime transport operations through Turkmenbashi port and develop in-country shipbuilding capacity.","90","2021","Active","Instalment Sale","Project Financing","IsDB OCR"
"Benin","Cotonou Storm Water Drainage Project","The main objective of the project is to minimize the risk of flooding through construction of 13 km of drainage collection in selected areas of the capital city of Cotonou.","96.30752","2021","Active","Instalment Sale","Project Financing","IsDB OCR"
"Guinea","Construction of Labe-Mali Road Project","The objective of the project is to improve the human endowment gaps through facilitating physical access of rural population, particularly women, youth and vulnerable groups to markets, health, education, and social protection services; and Facilitate the development of trade between Guinea and Senegal by opening and developing vast agricultural areas and huge unexploited potential.","104.6661","2021","Active","Instalment Sale","Project Financing","IsDB OCR"
"Senegal","Regional Express Train, Phase 2 (Section Diamniadio to AIBD Airport)","The objective of the project is to stimulate the economic growth of the country by increasing mode options through providing sustainable transport solutions and improving efficiency in the transport sector and thereby promote urban development outside the congested areas of Dakar city centre.","109.167684","2021","Active","Instalment Sale","Project Financing","IsDB OCR"
"Pakistan","Mohmand Dam and Hydropower Project (MDHP) - Pakistan","The objective of the project is to contribute to national energy and water security and contribute to the regional socio-economic development of KP Province.","130","2021","Active","Instalment Sale","Project Financing","IsDB OCR"
"Côte d'Ivoire","Support to the Development of the University of Odienne","The project objectives are to strengthen human capital development through by  contributing to the development of Higher Education Sector Plan","132.25","2021","Active","Instalment Sale","Project Financing","IsDB OCR"
"Nigeria","SPECIAL AGRO-INDUSTRIAL PROCESSING ZONES (SAPZ) PROJECT","The overarching objective of the SAPZ Project is to increase household incomes and foster job creation in rural agricultural communities, especially for the youth  and women as well as enhance food and nutritional security in Nigeria.The development objective of the Project is to support inclusive and sustainable agro-industrial development and enhance the competitiveness of the agriculture sector through the promotion of selected value chains in Nigeria.","133.147557","2021","Active","Instalment Sale","Project Financing","IsDB OCR"
"Indonesia","Development of Trans South-South Java Road Project Phase- II","The objective of the project is to construct around 67.78 km of newly paved roads located within two provinces (DI Yogyakarta, and East Java).","150","2021","Active","Instalment Sale","Project Financing","IsDB OCR"
"Maldives","Reconstruction of Harbours (Phase II) Project","The primary objective of the project is to improve access to socioeconomic activities and employment opportunities for the population through improved inter-island maritime transport.","0.236028","2020","Completed","Istisna'a","Project Financing","IsDB OCR"
"Maldives","Reconstruction of Harbours (Phase II) Project","The primary objective of the project is to improve access to socioeconomic activities and employment opportunities for the population through improved inter-island maritime transport.","0.406914","2020","Completed","Loan","Project Financing","IsDB OCR"
"Saudi Arabia","Construction of a Hotel in the Central Region of Al Madinah Al Munawarah  as Waqf for  Al Bayan Charitable Foundation for Education","The objective of the project is to support the charitable activities of Al Bayan Foundation in the education sector.","1.4","2020","Completed","Istisna'a","Project Financing","Other Funds"
"United States","Construction of a Mixed-Use Commercial Center in Minneapolis, AAICM","The objective of the project is to generate a regular income for the AAICM, which will serve to enhance the activities and operations of AAICM in the social, educational and religious fields.","2.5","2020","Completed","Istisna'a","Project Financing","Other Funds"
"United States","Construction of a Mixed-Use Commercial Center in Minneapolis, AAICM","The objective of the project is to generate a regular income for the AAICM, which will serve to enhance the activities and operations of AAICM in the social, educational and religious fields.","2.5","2020","Completed","Istisna'a","Project Financing","IsDB OCR"
"Burkina Faso","LLF - Strengthening Primary Health Care to Improve Health and Nutrition","The project will contribute to the achievement of the objectives of the National Health Development Plan (NHDP) (2021-2030).  It will contribute to reducing maternal, infant, and child mortality and inequalities in access to quality health care in Burkina Faso.","2.610905","2020","Active","Instalment Sale","Project Financing","Other Funds"
"Guinea-Bissau","COVID-19 Emergency Response Project for Guinea Bissau","The objective of the project is to strengthen the Guinea Bissau Covid-19 preparedness and response through early detection, investigation, isolation and treatment of COVID - 19 cases.","3","2020","Completed","Loan","Project Financing","Other Funds"
"Mali","Emergency Support to the National Plan for Preparedness and Response to COVID-19 Pandemic Project, Republic of Mali","The objective of the project is to strengthen the country's capacity in terms of preparedness and response to the new Coronavirus COVID-19.  effects with a focus on preparedness.","3","2020","Active","Loan","Project Financing","Other Funds"
"Senegal","CONSTRUCTION OF A COMMERCIAL AND RESIDENTIAL WAQF COMPLEX IN DAKAR FOR THE BENEFIT OF THE DARAS","The objective of the project is to generate an income for the High Waqf Authority that will he used to sustainably support the development and modernization of the Quranic (Daras) schools.","5","2020","Active","Leasing","Project Financing","Other Funds"
"Pakistan","LLF-Supplementary Financing for Support to the Polio Eradication Program (Phase-III) in the Islamic Republic of Pakistan (Old PAK1036 New PAK1045)","The objective of the project is to contribute to the improvement of health and wellbeing of Pakistani children through eradication of Polio.","5.60269","2020","Completed","Instalment Sale","Project Financing","Other Funds"
"Chad","Construction of Abeche -Abougoulem- Adre road (Sudan Border) - reinstated","The objective of the project is to contribute to Chad’s economic growth through quantitative and qualitative enhancement of the transport infrastructure on the national road network.","6.372446","2020","Active","Instalment Sale","Project Financing","IsDB OCR"
"Uganda","Upgrading of Rwenkunye–Apac–Lira–Acholibur Road Project","The objective of the project is to facilitate the socio­ economic development of Uganda by upgrading the road link between Rwenkunye- Apac- Lira - Acholibur by improving road surface, road safety and increasing the overall efficiency of road transport system.The development of this road will enhance Uganda’s competitiveness as a regional hub linking the neighboring countries. The completed project road will facilitate long haul fast movement of freight as well as support economic development of strategic sectors like agriculture, mining, tourism and oil and gas.","9.18","2020","Active","Instalment Sale","Project Financing","IsDB OCR"
"Mali","Emergency Support to the National Plan for Preparedness and Response to COVID-19 Pandemic Project, Republic of Mali","The objective of the project is to strengthen the country's capacity in terms of preparedness and response to the new Coronavirus COVID-19.  effects with a focus on preparedness.","9.5","2020","Active","Instalment Sale","Project Financing","IsDB OCR"
"Uganda","Technical and Vocational Education and Training (TVET) Support Project (Phase III)","The proposed project aims to contribute towards transforming the Technical and Vocational Education and Training (TVET) sub-sector into a comprehensive system of skills development for employment, enhanced productivity, and growth. Specifically, the project aims to improve the acquisition of relevant employable skills and competencies that match the labor market and workplace.","9.887044","2020","Active","Loan","Project Financing","IsDB OCR"
"Uganda","Technical and Vocational Education and Training (TVET) Support Project (Phase III)","The proposed project aims to contribute towards transforming the Technical and Vocational Education and Training (TVET) sub-sector into a comprehensive system of skills development for employment, enhanced productivity, and growth. Specifically, the project aims to improve the acquisition of relevant employable skills and competencies that match the labor market and workplace.","10","2020","Active","Loan","Project Financing","Other Funds"
"Senegal","CONSTRUCTION OF A COMMERCIAL AND RESIDENTIAL WAQF COMPLEX IN DAKAR FOR THE BENEFIT OF THE DARAS","The objective of the project is to generate an income for the High Waqf Authority that will he used to sustainably support the development and modernization of the Quranic (Daras) schools.","10","2020","Active","Leasing","Project Financing","IsDB OCR"
"Sierra Leone","Construction of Pendembu-Kailahun Road Project","The project aims at enhancing accessibility of the South Eastern agricultural provinces to the other parts of the country as well as developing trade exchange between Sierra Leone and its neighbouring countries, namely Guinea and Liberia.","10","2020","Completed","Loan","Project Financing","IsDB OCR"
"Jordan","Supporting the SMEs affected by the COVID-19 Pandemic","The objective of the project is to support the Small and Medium Enterprises financial resilience by ensuring that they will remain in business and alleviate the lockdown impact due to COVID-19 crisis.","10.005653","2020","Completed","Loan","Project Financing","IsDB OCR"
"Mali","Emergency Support to the National Plan for Preparedness and Response to COVID-19 Pandemic Project, Republic of Mali","The objective of the project is to strengthen the country's capacity in terms of preparedness and response to the new Coronavirus COVID-19.  effects with a focus on preparedness.","10.037572","2020","Active","Loan","Project Financing","IsDB OCR"
"Sierra Leone","Strengthening COVID-19 Response and Essential Health Services Project","The objective of the project is to prevent, detect, and respond to the threat posed by COVID-19 and strengthen essential health services in Sierra Leone.","10.097675","2020","Completed","Loan","Project Financing","IsDB OCR"
"Guinea-Bissau","COVID-19 Emergency Response Project for Guinea Bissau","The objective of the project is to strengthen the Guinea Bissau Covid-19 preparedness and response through early detection, investigation, isolation and treatment of COVID - 19 cases.","11.95514","2020","Completed","Loan","Project Financing","IsDB OCR"
"Indonesia","Strengthening of National Referral Hospitals  and Vertical Technical Units Project","The project objective is to substantially upgrade the availability, accessibility, quality, and delivery of health services in six existing hospitals in five Provinces of Indonesia, including their capacity for emergency response.","12.153","2020","Active","Instalment Sale","Project Financing","IsDB OCR"
"Mauritania","Support to the National COVID-19 Preparedness and Response Plan Project (NPRP), Mauritania","The objective of the project is to support the Government’s efforts to respond and mitigate the negative effects of the COVID-19 pandemic on poor families by enhancing their access to food through direct free distribution of food and supporting the agriculture sector.","12.165415","2020","Completed","Loan","Project Financing","IsDB OCR"
"Senegal","Upgrading of Dakar Expressway Section II Project (Supplementary Financing)","The project aims to promote economic and social development in more sustainable way in the project area of influence, which is a dense residential and commercial area, by significant reduction in transport costs, travel time and an improvement in mobility","17.813695","2020","Completed","Instalment Sale","Project Financing","IsDB OCR"
"Burkina Faso","LLF - Strengthening Primary Health Care to Improve Health and Nutrition","The project will contribute to the achievement of the objectives of the National Health Development Plan (NHDP) (2021-2030).  It will contribute to reducing maternal, infant, and child mortality and inequalities in access to quality health care in Burkina Faso.","18.174","2020","Active","Instalment Sale","Project Financing","IsDB OCR"
"Kyrgyz Republic","Reconstruction of Issyk Kul Ring Road - Section from Korumdu to Balbay Baatyr","The objective of the project is to improve the efficiency of the road transport infrastructure and ensure the safe movement of goods and people along the project road section.","19.874037","2020","Active","Loan","Project Financing","IsDB OCR"
"Maldives","Emergency Response to COVID-19 Pandemic in Maldives (Phase 2)","The objective of the project is to contribute to the strengthening of the Government's response capacity for the COVID-19 pandemic through enhancing readiness of four regional healthcare centers and Atoll level health facilities for containment of COVID-19 pandemic and preparedness for any future outbreaks that may happen.","19.889168","2020","Completed","Loan","Project Financing","IsDB OCR"
"Uganda","Technical and Vocational Education and Training (TVET) Support Project (Phase III)","The proposed project aims to contribute towards transforming the Technical and Vocational Education and Training (TVET) sub-sector into a comprehensive system of skills development for employment, enhanced productivity, and growth. Specifically, the project aims to improve the acquisition of relevant employable skills and competencies that match the labor market and workplace.","25","2020","Active","Instalment Sale","Project Financing","IsDB OCR"
"Mozambique","Emergency Support to COVID-19 Preparedness and Response Project, Mozambique","The objective of the project is to strengthen the health sector capacity in terms of preparedness and response to the COVID-19 through supporting the Government’s efforts to prevent, detect and respond to the threat posed by COVID-19 pandemic","27.95","2020","Completed","Instalment Sale","Project Financing","IsDB OCR"
"Senegal","Line of Finance to Support the PAP 2A for SMEs under the IsDB SPRP for COVID-19, Restore Track Senegal","The objective of the project is to support the recovery of Senegal economy from COVID-19 impact and SMEs sector by increasing their access to finance","30.1","2020","Active","Instalment Sale","Project Financing","IsDB OCR"
"Pakistan","LLF-Supplementary Financing for Support to the Polio Eradication Program (Phase-III) in the Islamic Republic of Pakistan (Old PAK1036 New PAK1045)","The objective of the project is to contribute to the improvement of health and wellbeing of Pakistani children through eradication of Polio.","39","2020","Completed","Instalment Sale","Project Financing","IsDB OCR"
"Uzbekistan","Construction of Modern Rural Housing Project (Phase-2) 2019","The objective of the project is to expand access to affordable and improved housing, equipped with associated basic infrastructure as well as social and market facilities, for the rural population in six (6) regions of Uzbekistan.","54.36","2020","Completed","Istisna'a","Project Financing","IsDB OCR"
"Uzbekistan","Support to Development of Oncology Services Project (Phase II)","The objective of the project is to enhance access of the population in Uzbekistan to quality oncology services","80","2020","Active","Instalment Sale","Project Financing","IsDB OCR"
"Indonesia","Strengthening of National Referral Hospitals  and Vertical Technical Units Project","The project objective is to substantially upgrade the availability, accessibility, quality, and delivery of health services in six existing hospitals in five Provinces of Indonesia, including their capacity for emergency response.","95.326","2020","Active","Instalment Sale","Project Financing","IsDB OCR"
"Türkiye","Murabaha Financing for the Urgent Working Capital Facility to Support SMEs under SPRP package-COVID-19","The objective of the project is to help alleviate the access to finance problem SMEs have been facing and reduce the economic contraction expected for this year by ensuring that end-beneficiaries of this Facility will stay in business.","100.730295","2020","Completed","Instalment Sale","Project Financing","IsDB OCR"
"Chad","Construction of Abeche -Abougoulem- Adre road (Sudan Border) - reinstated","The objective of the project is to contribute to Chad’s economic growth through quantitative and qualitative enhancement of the transport infrastructure on the national road network.","141.913718","2020","Active","Instalment Sale","Project Financing","IsDB OCR"
"Indonesia","Strengthening of National Referral Hospitals  and Vertical Technical Units Project","The project objective is to substantially upgrade the availability, accessibility, quality, and delivery of health services in six existing hospitals in five Provinces of Indonesia, including their capacity for emergency response.","154.239","2020","Active","Instalment Sale","Project Financing","IsDB OCR"
"Uzbekistan","Sustainable Rural Development Project","The objective of the project objective is to raise rural residents’ living standards by improving access to basic infrastructure and services through participatory local governance process and community engagement.","200","2020","Active","Instalment Sale","Project Financing","IsDB OCR"
"Uganda","Upgrading of Rwenkunye–Apac–Lira–Acholibur Road Project","The objective of the project is to facilitate the socio­ economic development of Uganda by upgrading the road link between Rwenkunye- Apac- Lira - Acholibur by improving road surface, road safety and increasing the overall efficiency of road transport system.The development of this road will enhance Uganda’s competitiveness as a regional hub linking the neighboring countries. The completed project road will facilitate long haul fast movement of freight as well as support economic development of strategic sectors like agriculture, mining, tourism and oil and gas.","200.82","2020","Active","Instalment Sale","Project Financing","IsDB OCR"
"Egypt","Reconsider Financing : Egypt- Saudi Electricity Interconnection","The project aims at promoting economic growth and satisfying the increasing demand forelectricity in Egypt and Saudi Arabia by securing urgentpower supplies","220","2020","Active","Leasing","Project Financing","IsDB OCR"
"Jordan","Supporting the SMEs affected by the COVID-19 Pandemic","The objective of the project is to support the Small and Medium Enterprises financial resilience by ensuring that they will remain in business and alleviate the lockdown impact due to COVID-19 crisis.","0.13","2019","Completed","Technical Assistance","Technical Assistance Operations","Other Funds"
"Côte d'Ivoire","LLF - Abidjan & 11 Secondary Cities Sanitation Project in Cote d'Ivoire","The overall objective of the project is to help achieving a sustainable improvement in the provision of sanitation services in Abidjan and 11 secondary cities by: (i) eliminating uncontrolled dumping of sludge, thus protecting the populations and the environment against water borne diseases, sewage flooding and discharge of untreated effluents; (ii) preventing ground and surface water pollution as well as; (iii) supporting the possible value added use of the treated fecal sludge and other substances in an environmental and economic sustainable way (use of methane gas to generate electricity and dry sludge as fertilizer in agriculture, etc). The project will significantly improve living conditions by reducing environmental pollution in the targeted cities, while improving health and sanitary conditions of the population.","0.264896","2019","Active","Instalment Sale","Project Financing","Other Funds"
"Nigeria","Unlocking Energy Access Finance through Crowdfunding","The objective of the project is to examine how IsDB can maximize the crowdfunding potentials through extending Murabaha financing to SMEs that aim at providing clean electricity services to rural households and small businesses.","0.330812","2019","Completed","Instalment Sale","Project Financing","IsDB OCR"
"Nigeria","Unlocking Energy Access Finance through Crowdfunding","The objective of the project is to examine how IsDB can maximize the crowdfunding potentials through extending Murabaha financing to SMEs that aim at providing clean electricity services to rural households and small businesses.","0.385947","2019","Completed","Instalment Sale","Project Financing","IsDB OCR"
"Nigeria","Unlocking Energy Access Finance through Crowdfunding","The objective of the project is to examine how IsDB can maximize the crowdfunding potentials through extending Murabaha financing to SMEs that aim at providing clean electricity services to rural households and small businesses.","0.385947","2019","Completed","Instalment Sale","Project Financing","IsDB OCR"
"Indonesia","LLF - The Development of Integrated Farming Systems in Upland Areas","The objective of the project is to reduce poverty in upland areas through remunerative, sustainable and resilient livelihoods.","0.5","2019","Completed","Technical Assistance","Technical Assistance Operations","Other Funds"
"Sierra Leone","Reducing maternal, infant and child mortalities in Sierra Leone","The objective of the project is to improve the quality and utilization of services to reduce maternal, infant and child mortalities in four districts and support health system building and reforms for future health challenges.","0.5","2019","Active","Technical Assistance","Technical Assistance Operations","Other Funds"
"Pakistan","LLF-Support to the Polio Eradication Program (Phase-III) in the Islamic Republic of Pakistan","The objective of the project is to contribute to the improvement of health and wellbeing of Pakistani children through eradication of Polio.","0.5524","2019","Completed","Instalment Sale","Project Financing","Other Funds"
"Indonesia","LLF - The Development of Integrated Farming Systems in Upland Areas","The objective of the project is to reduce poverty in upland areas through remunerative, sustainable and resilient livelihoods.","0.567374","2019","Active","Instalment Sale","Project Financing","Other Funds"
"United Kingdom","Purchase of Properties in United Kingdom to be used as Waqf for the Mercy Mission.","The objective of the project is to generate regular income for Mercy Mission UK  (MMUK), which will be used to finance part of its charitable activities.","0.70875","2019","Completed","Instalment Sale","Project Financing","Other Funds"
"United Kingdom","Purchase of Properties in United Kingdom to be used as Waqf for the Mercy Mission.","The objective of the project is to generate regular income for Mercy Mission UK  (MMUK), which will be used to finance part of its charitable activities.","0.70875","2019","Completed","Instalment Sale","Project Financing","IsDB OCR"
"Pakistan","LLF-Support to the Polio Eradication Program (Phase-III) in the Islamic Republic of Pakistan","The objective of the project is to contribute to the improvement of health and wellbeing of Pakistani children through eradication of Polio.","0.8286","2019","Completed","Instalment Sale","Project Financing","Other Funds"
"Djibouti","LLF - Health System Strengthening with Emphasis on Maternal, Newborn and Child Health Project","The general objective of the project is to contribute towards strengthening the health system to meet the health care of the population. The specific objectives of the project are: (i) Improve access to quality health services particularly to mothers and children and (ii) Strengthen the institutional and human resource capacity.","1.033007","2019","Active","Instalment Sale","Project Financing","Other Funds"
"Egypt","Youth Employment Support (YES) Program","The project aims at improving the livelihoods and quality of life of unemployed potentially active youth by providing access to finance to MSEs financial services, business and market opportunities and networks with active private sector, and market oriented training and entrepreneurship facilities.","1.457096","2019","Completed","Mudaraba","Project Financing","IsDB OCR"
"Egypt","Youth Employment Support (YES) Program","The project aims at improving the livelihoods and quality of life of unemployed potentially active youth by providing access to finance to MSEs financial services, business and market opportunities and networks with active private sector, and market oriented training and entrepreneurship facilities.","1.7187","2019","Completed","Mudaraba","Project Financing","IsDB OCR"
"Egypt","Youth Employment Support (YES) Program","The project aims at improving the livelihoods and quality of life of unemployed potentially active youth by providing access to finance to MSEs financial services, business and market opportunities and networks with active private sector, and market oriented training and entrepreneurship facilities.","1.824204","2019","Completed","Mudaraba","Project Financing","IsDB OCR"
"Kenya","Construction of Kilimani Mixed Use Waqf Building, Nairobi in favor of Zamzam Foundation","The objective of the project is to generate income to support the educational and social activities of Zamzam Foundation in Somalia in particular and the horn of Africa in general (including 3 million persons of Somali origin in Kenya).","2","2019","Completed","Istisna'a","Project Financing","Other Funds"
"Côte d'Ivoire","LLF - Abidjan & 11 Secondary Cities Sanitation Project in Cote d'Ivoire","The overall objective of the project is to help achieving a sustainable improvement in the provision of sanitation services in Abidjan and 11 secondary cities by: (i) eliminating uncontrolled dumping of sludge, thus protecting the populations and the environment against water borne diseases, sewage flooding and discharge of untreated effluents; (ii) preventing ground and surface water pollution as well as; (iii) supporting the possible value added use of the treated fecal sludge and other substances in an environmental and economic sustainable way (use of methane gas to generate electricity and dry sludge as fertilizer in agriculture, etc). The project will significantly improve living conditions by reducing environmental pollution in the targeted cities, while improving health and sanitary conditions of the population.","2.013715","2019","Active","Instalment Sale","Project Financing","IsDB OCR"
"Suriname","Feasibility Study and Detail Design for Health System Strengthening Project","The objective of the project is to provide the Ministry of Health (MOH), AZP and IsDB, with a feasibility study and complete Architectural and Engineering (A/E) consultancy services for the design of a new hospital on the existing AZP premises.","2.200357","2019","Completed","Loan","Project Financing","IsDB OCR"
"Nigeria","LLF - Support to Malaria Elimination Project","The objective of the program is to improve the delivery and uptake of malaria prevention and treatment activities in selected states to achieve at least 80% coverage of vector control, Seasonal Malaria Chemoprophylaxis and case management in the public sector in 13 states in Nigeria with the scale-up.","2.881","2019","Active","Instalment Sale","Project Financing","Other Funds"
"Sri Lanka","MAKOLA TWIN TOWER COMPLEX IN COLOMBO IN FAVOUR OF MAKOLA MUSLIM ORPHANAGE","CONSTRUCTION OF MAKOLA TWIN TOWER COMPLEX IN COLOMBO IN FAVOUR OF MAKOLA MUSLIM ORPHANAGE","3","2019","Active","Leasing","Project Financing","Other Funds"
"Saudi Arabia","Construction of a Hotel in the Central Region of Al Madinah Al Munawarah  as Waqf for  Al Bayan Charitable Foundation for Education","The objective of the project is to support the charitable activities of Al Bayan Foundation in the education sector.","3.7","2019","Completed","Istisna'a","Project Financing","Other Funds"
"Côte d'Ivoire","LLF - Abidjan & 11 Secondary Cities Sanitation Project in Cote d'Ivoire","The overall objective of the project is to help achieving a sustainable improvement in the provision of sanitation services in Abidjan and 11 secondary cities by: (i) eliminating uncontrolled dumping of sludge, thus protecting the populations and the environment against water borne diseases, sewage flooding and discharge of untreated effluents; (ii) preventing ground and surface water pollution as well as; (iii) supporting the possible value added use of the treated fecal sludge and other substances in an environmental and economic sustainable way (use of methane gas to generate electricity and dry sludge as fertilizer in agriculture, etc). The project will significantly improve living conditions by reducing environmental pollution in the targeted cities, while improving health and sanitary conditions of the population.","3.794336","2019","Active","Instalment Sale","Project Financing","Other Funds"
"Indonesia","LLF - The Development of Integrated Farming Systems in Upland Areas","The objective of the project is to reduce poverty in upland areas through remunerative, sustainable and resilient livelihoods.","4","2019","Active","Loan","Project Financing","Other Funds"
"Kenya","Construction of Kilimani Mixed Use Waqf Building, Nairobi in favor of Zamzam Foundation","The objective of the project is to generate income to support the educational and social activities of Zamzam Foundation in Somalia in particular and the horn of Africa in general (including 3 million persons of Somali origin in Kenya).","4.5","2019","Completed","Istisna'a","Project Financing","IsDB OCR"
"United States","Construction of a Dormitory Project in New York, United States of America","The objective of the project is to generate income for Turken Foundation (Foundation), which will be used to finance part of the Foundation’s activities in the field of education and supporting facilities.","5","2019","Completed","Istisna'a","Project Financing","Other Funds"
"Burkina Faso","Dangoumana region Hydroagricultural Development (PAHD)","The overall objective of the project is to reduce rural household poverty and food insecurity through increased agricultural production, productivity, and commercialization in Dangoumana areas.","5","2019","Active","Loan","Project Financing","Other Funds"
"Saudi Arabia","Construction of a Hotel in the Central Region of Al Madinah Al Munawarah  as Waqf for  Al Bayan Charitable Foundation for Education","The objective of the project is to support the charitable activities of Al Bayan Foundation in the education sector.","5.1","2019","Completed","Istisna'a","Project Financing","IsDB OCR"
"Djibouti","LLF - Health System Strengthening with Emphasis on Maternal, Newborn and Child Health Project","The general objective of the project is to contribute towards strengthening the health system to meet the health care of the population. The specific objectives of the project are: (i) Improve access to quality health services particularly to mothers and children and (ii) Strengthen the institutional and human resource capacity.","5.860695","2019","Active","Loan","Project Financing","IsDB OCR"
"Nigeria","Reconstruction of the Abakaliki Ring Road Project in Ebonyi State","The objective of the project is to facilitate the socio-economic development of Ebonyi State.","6.269896","2019","Active","Loan","Project Financing","IsDB OCR"
"Sierra Leone","Reducing maternal, infant and child mortalities in Sierra Leone","The objective of the project is to improve the quality and utilization of services to reduce maternal, infant and child mortalities in four districts and support health system building and reforms for future health challenges.","6.588235","2019","Active","Loan","Project Financing","IsDB OCR"
"Benin","Support to the Social Housing Project in Benin","The project aims to improve the living conditions of the population through many pillars including an enhanced access to social and economic housing for the low and middle-income communities.","9.966732","2019","Active","Loan","Project Financing","IsDB OCR"
"Tajikistan","IsDB/GPE Project for Support to Implementation of the National Education Development Strategy of the Republic of Tajikistan","The objectives of the project are to Enhance access to quality education facilities in the selected districts, Improve the efficacy of Competency-Based Education (CBE) by reducing the gap between declared and implemented curriculum, supporting reform in assessment practices and stock-taking of various activities for effective implementation of CBE; and, support education sector policy, planning and evidence-based resource allocation through strengthening of the EMIS and its piloting in the project area.","10","2019","Active","Loan","Project Financing","Other Funds"
"Burkina Faso","Dangoumana region Hydroagricultural Development (PAHD)","The overall objective of the project is to reduce rural household poverty and food insecurity through increased agricultural production, productivity, and commercialization in Dangoumana areas.","10","2019","Active","Instalment Sale","Project Financing","IsDB OCR"
"Tajikistan","IsDB/GPE Project for Support to Implementation of the National Education Development Strategy of the Republic of Tajikistan","The objectives of the project are to Enhance access to quality education facilities in the selected districts, Improve the efficacy of Competency-Based Education (CBE) by reducing the gap between declared and implemented curriculum, supporting reform in assessment practices and stock-taking of various activities for effective implementation of CBE; and, support education sector policy, planning and evidence-based resource allocation through strengthening of the EMIS and its piloting in the project area.","10","2019","Active","Instalment Sale","Project Financing","IsDB OCR"
"United States","Construction of a Dormitory Project in New York, United States of America","The objective of the project is to generate income for Turken Foundation (Foundation), which will be used to finance part of the Foundation’s activities in the field of education and supporting facilities.","10","2019","Completed","Istisna'a","Project Financing","IsDB OCR"
"Tajikistan","IsDB/GPE Project for Support to Implementation of the National Education Development Strategy of the Republic of Tajikistan","The objectives of the project are to Enhance access to quality education facilities in the selected districts, Improve the efficacy of Competency-Based Education (CBE) by reducing the gap between declared and implemented curriculum, supporting reform in assessment practices and stock-taking of various activities for effective implementation of CBE; and, support education sector policy, planning and evidence-based resource allocation through strengthening of the EMIS and its piloting in the project area.","10.571113","2019","Active","Loan","Project Financing","IsDB OCR"
"Türkiye","Palgaz Natural Gas Distribution Grid Expansion Project - Clean Energy and Energy Infrastructure Program (TKB II)","The project is a Natural Gas Distribution Grid Expansion Project in Gebze District of Kocaeli in Türkiye.","11.021956","2019","Completed","Instalment Sale","Project Financing","IsDB OCR"
"Mauritania","Project for the Support of Agriculture Transformation in Mauritania – Making value chain works for smallholders","TThe project aims at increasing smallholder agricultural productivity and commercialization through a value chain approach. This will include raising agricultural productivity and commercialization through greater access to production inputs and access to markets. This objective is achievable through the construction of (1) sustainable irrigation schemes commanding a gross area of 4,000 Ha (first tranche of 1,575 Ha), (2) adequate rural infrastructure (48 Km of feeder roads and 22 Km-long road protective dyke), and (3) strengthening the technical capacity of the EA. The irrigated perimeter of 1,575 Ha is made up of 3 sectors, with areas of 560, 500, and 515 Ha.","12.179931","2019","Active","Loan","Project Financing","IsDB OCR"
"Djibouti","LLF - Health System Strengthening with Emphasis on Maternal, Newborn and Child Health Project","The general objective of the project is to contribute towards strengthening the health system to meet the health care of the population. The specific objectives of the project are: (i) Improve access to quality health services particularly to mothers and children and (ii) Strengthen the institutional and human resource capacity.","13","2019","Active","Instalment Sale","Project Financing","IsDB OCR"
"Sierra Leone","Reducing maternal, infant and child mortalities in Sierra Leone","The objective of the project is to improve the quality and utilization of services to reduce maternal, infant and child mortalities in four districts and support health system building and reforms for future health challenges.","13.44","2019","Active","Instalment Sale","Project Financing","IsDB OCR"
"Guyana","Small Hydro Power Plants (Moco Moco, Kumu & Ikuribisi)","The objective of the project is to support the Government’s renewable energy drive for a greener economy by providing affordable and reliable electricity to hinterland communities, using indigenous energy sources and reducing fossil fuel consumption and CO2 emissions for electricity generation.","14.63","2019","Completed","Instalment Sale","Project Financing","IsDB OCR"
"Türkiye","Konya PPP Hospital Project","The project aims to increase the capacity of health facilities in Konya Hospital","19.214496","2019","Completed","Istisna'a","Project Financing","IsDB OCR"
"Kyrgyz Republic","Irrigated Agriculture Development in Issyk-Kul and Naryn Regions Project","The objective of the project is to improve the livelihood of the rural population through sustainable agriculture development and water resources management with adaptation to climate change. The project also aims to increase economic returns in the value chain for rural people through increase of post-harvest capacities and enhancing integration and market links.","19.83763","2019","Active","Loan","Project Financing","IsDB OCR"
"United States","Construction of a Dormitory Project in New York, United States of America","The objective of the project is to generate income for Turken Foundation (Foundation), which will be used to finance part of the Foundation’s activities in the field of education and supporting facilities.","20","2019","Completed","Istisna'a","Project Financing","Other Funds"
"Morocco","Inclusive Social Development Project  in the Eastern Region of  Morocco","is to improve the social inclusiveness of rural areas by expanding access to quality healthcare and education services to poor rural population in the Eastern Region of Morocco. At completion, the key expected results of the project include the following: (i) the number of people covered by essential health services increased from 70% to 100%; (ii) 30,000 people benefiting from outpatients services annually; (iii) the number of Children completing equitable and quality primary education increased from 52% to 100%; and (iv) 8,250 students benefited from quality primary education on yearly basis.","24.29","2019","Active","Loan","Project Financing","Other Funds"
"Mauritania","Project for the Support of Agriculture Transformation in Mauritania – Making value chain works for smallholders","TThe project aims at increasing smallholder agricultural productivity and commercialization through a value chain approach. This will include raising agricultural productivity and commercialization through greater access to production inputs and access to markets. This objective is achievable through the construction of (1) sustainable irrigation schemes commanding a gross area of 4,000 Ha (first tranche of 1,575 Ha), (2) adequate rural infrastructure (48 Km of feeder roads and 22 Km-long road protective dyke), and (3) strengthening the technical capacity of the EA. The irrigated perimeter of 1,575 Ha is made up of 3 sectors, with areas of 560, 500, and 515 Ha.","25.536602","2019","Active","Instalment Sale","Project Financing","IsDB OCR"
"Bangladesh","Rural and Peri-Urban Housing Finance Project 1-(2017-2018)","The project’s aim is to contribute to the country’s efforts towards improving the living standard of rural and peri-urban population through housing finance and sustaining the cultivable agricultural land in Bangladesh.","28.685669","2019","Completed","Instalment Sale","Project Financing","IsDB OCR"
"Côte d'Ivoire","LLF - Abidjan & 11 Secondary Cities Sanitation Project in Cote d'Ivoire","The overall objective of the project is to help achieving a sustainable improvement in the provision of sanitation services in Abidjan and 11 secondary cities by: (i) eliminating uncontrolled dumping of sludge, thus protecting the populations and the environment against water borne diseases, sewage flooding and discharge of untreated effluents; (ii) preventing ground and surface water pollution as well as; (iii) supporting the possible value added use of the treated fecal sludge and other substances in an environmental and economic sustainable way (use of methane gas to generate electricity and dry sludge as fertilizer in agriculture, etc). The project will significantly improve living conditions by reducing environmental pollution in the targeted cities, while improving health and sanitary conditions of the population.","28.84414","2019","Active","Instalment Sale","Project Financing","IsDB OCR"
"Senegal","Agriculture Transformation Project (South Agropole)","The objective of the project is to contribute to improving the living conditions of the population (including young people and women) through the creation of added value on agricultural products and the sustainable increase of the productivity of priority agro-industrial value chains (mango and cashew).","30.988862","2019","Active","Instalment Sale","Project Financing","IsDB OCR"
"Niger","Construction of Tebaram-Tahoua Road - reinstated after cancellation","The objective of the project is lo improve the physical access of rural population to markets and services and stimulate socio-economic development and improve regional integration by means of an all-season paved road.","31.622743","2019","Active","Instalment Sale","Project Financing","IsDB OCR"
"Türkiye","Kayseri Light Rail Transit Project - Urban Transport Program","The objective is to facilitate the development of urban railway transportation facilities to support the socioeconomic development and to improve urban connectivity by providing time efficient and cost effective, modern and environment friendly light rail urban transportation system.","33.876104","2019","Completed","Instalment Sale","Project Financing","IsDB OCR"
"Niger","Construction of Sanam-Tebaram Road Project - reinstated after cancellation","The project aims at improving the physical access of rural population to markets and services, at the same time improving national and regional integration by means of an all_seasoned paved road. The project on completion will result in average journey time from Niamey to Tahoua from 8 hours to 3.5 hours. In addition, vehicle operating cost if expected to reduce from FCFA 1,107 per vehicle_km in 2014 to FCFA 484 per vehicle_km in 2020.","34.098746","2019","Active","Instalment Sale","Project Financing","IsDB OCR"
"Pakistan","LLF-Support to the Polio Eradication Program (Phase-III) in the Islamic Republic of Pakistan","The objective of the project is to contribute to the improvement of health and wellbeing of Pakistani children through eradication of Polio.","36","2019","Completed","Instalment Sale","Project Financing","IsDB OCR"
"Djibouti","DARE Regional Submarine Cable Project","The project objective is to contribute to socioeconomic development of Djibouti by providing efficient and reliable Information and Communication Technology Services.","38.83","2019","Completed","Instalment Sale","Project Financing","IsDB OCR"
"Morocco","Inclusive Social Development Project  in the Eastern Region of  Morocco","is to improve the social inclusiveness of rural areas by expanding access to quality healthcare and education services to poor rural population in the Eastern Region of Morocco. At completion, the key expected results of the project include the following: (i) the number of people covered by essential health services increased from 70% to 100%; (ii) 30,000 people benefiting from outpatients services annually; (iii) the number of Children completing equitable and quality primary education increased from 52% to 100%; and (iv) 8,250 students benefited from quality primary education on yearly basis.","43.22","2019","Active","Instalment Sale","Project Financing","IsDB OCR"
"Guinea","Construction of Boké - Quebo Road (Section Boké – Dabiss Road - 45 Km)","The objective of the project is to improve the level of service along road infrastructure in a cost-effective manner that supports economic infrastructures in agricultural production areas, improves rural accessibility and delivers an all year all-weather access to markets to boost high-level agricultural value chain.","48.33125","2019","Active","Instalment Sale","Project Financing","IsDB OCR"
"Pakistan","LLF-Support to the Polio Eradication Program (Phase-III) in the Islamic Republic of Pakistan","The objective of the project is to contribute to the improvement of health and wellbeing of Pakistani children through eradication of Polio.","54","2019","Completed","Instalment Sale","Project Financing","IsDB OCR"
"Benin","Support to the Social Housing Project in Benin","The project aims to improve the living conditions of the population through many pillars including an enhanced access to social and economic housing for the low and middle-income communities.","58.663991","2019","Active","Instalment Sale","Project Financing","IsDB OCR"
"Indonesia","LLF - The Development of Integrated Farming Systems in Upland Areas","The objective of the project is to reduce poverty in upland areas through remunerative, sustainable and resilient livelihoods.","59.44","2019","Active","Instalment Sale","Project Financing","IsDB OCR"
"Nigeria","Reconstruction of the Abakaliki Ring Road Project in Ebonyi State","The objective of the project is to facilitate the socio-economic development of Ebonyi State.","73.7","2019","Active","Instalment Sale","Project Financing","IsDB OCR"
"Lebanon","Reconsider Financing : Improvement of Wastewater Management and Sanitary Services in Al Ghadir Drainage Basin","The main objective of the project is to improve wastewater management and sanitary services for about 1.1 million people in Al-Ghadir drainage basin, by (i) Upgrading and increasing the capacity of the existing WWTP at Al-Ghadir area (south of Beirut city) to 140,000 m3/day, and (ii) Constructing new sewerage networks and connecting the already built networks to the treatment plant. This will significantly reduce environmental pollution and improve the socio-economic conditions of the population.","87.5","2019","Active","Istisna'a","Project Financing","IsDB OCR"
"Nigeria","LLF - Support to Malaria Elimination Project","The objective of the program is to improve the delivery and uptake of malaria prevention and treatment activities in selected states to achieve at least 80% coverage of vector control, Seasonal Malaria Chemoprophylaxis and case management in the public sector in 13 states in Nigeria with the scale-up.","90","2019","Active","Instalment Sale","Project Financing","IsDB OCR"
"Uzbekistan","Construction of Modern Rural Housing Project (Phase-2) 2019","The objective of the project is to expand access to affordable and improved housing, equipped with associated basic infrastructure as well as social and market facilities, for the rural population in six (6) regions of Uzbekistan.","94","2019","Completed","Istisna'a","Project Financing","IsDB OCR"
"Kazakhstan","Almaty Ring Road PPP (BAKAD) Project","The project objective is the financing, construction and operation of 66 km tolled highway under the Public Private Partnership structure that will improve the quality of the transport services, reduce road accident rate, positively impact environment by lowering road congestion and ultimately contribute to economic and social development of Almaty city, Republic of Kazakhstan.","100","2019","Completed","Instalment Sale","Project Financing","IsDB OCR"
"Türkiye","Second Line of Financing (LoF II) for Turk Eximbank","The objective of the project is to help the promotion of Islamic finance in Turkey as it will be the first time Turk Eximbank uses long term Islamic products at end-beneficiary level with the support of IsDB.","100","2019","Completed","Instalment Sale","Project Financing","IsDB OCR"
"Uganda","Upgrading of Muyembe Nakapiripirit Road Project","The overarching development objective is to facilitate socio-economic development by upgrading the earthen/gravel road links to (a) improve safety, (b) meet the present and future transportation demands and (c) enhance the overall efficiency of road transportation system.The objective of the project is to upgrade 92km existing earthen/gravel road between Muyembe and Nakapiripirit towns to asphaltic paved road standard and improve 25km secondary road links.","110","2019","Active","Instalment Sale","Project Financing","IsDB OCR"
"Lebanon","EXTENSION AND RENOVATION OF BAZERKAN COMMERCIAL CENTER FOR MAKASSED","EXTENSION AND RENOVATION OF BAZERKAN COMMERCIAL CENTER  IN BEIRUT FOR MAKASSED","0.25","2018","Completed","Istisna'a","Project Financing","Other Funds"
"Senegal","LLF-Regional Rice Value Chain Development Program (RRVCDP) - Senegal","The objective of the project is to contribute to reducing the high rice import and enhance economic growth through improved production, processing, and marketing, and enhancing private sector participation","0.271321","2018","Active","Technical Assistance","Technical Assistance Operations","Other Funds"
"Guinea","LLF-Regional Rice Value Chain Development Program (RRVCDP) - Guinea","The objective of the project is to contribute to reducing the high rice import and enhance economic growth through improved production, processing, and marketing, and enhancing private sector participation","0.297447","2018","Active","Technical Assistance","Technical Assistance Operations","Other Funds"
"Gambia","LLF-Regional Rice Value Chain Development Program (RRVCDP) - The Gambia","The objective of the project is to contribute to reducing the high rice import and enhance economic growth through improved production, processing, and marketing, and enhancing private sector participation","0.3","2018","Completed","Technical Assistance","Technical Assistance Operations","Other Funds"
"Niger","LLF-Regional Rice Value Chain Development Project (RRVCDP) - Niger","The objective of the project is to contribute to reducing the high rice import and enhance economic growth through improved production, processing, and marketing, and enhancing private sector participation","0.3","2018","Active","Technical Assistance","Technical Assistance Operations","Other Funds"
"Sierra Leone","LLF-Regional Rice Value Chain Development Program (RRVCDP) - Sierra Leone","The objective of the project is to contribute to reducing the high rice import and enhance economic growth through improved production, processing, and marketing, and enhancing private sector participation","0.3","2018","Active","Technical Assistance","Technical Assistance Operations","Other Funds"
"Guinea","LLF-Conakry Sanitation Project","The project's main objective is to enhance living conditions in Conakry by: (i) protecting residents from flooding with an efficient stormwater drainage system and (ii) improving safety, health, and environmental standards through sustainable solid waste and sewage management, with goals set through 2030.","0.457063","2018","Active","Instalment Sale","Project Financing","Other Funds"
"Senegal","LLF-Regional Rice Value Chain Development Program (RRVCDP) - Senegal","The objective of the project is to contribute to reducing the high rice import and enhance economic growth through improved production, processing, and marketing, and enhancing private sector participation","1.03515","2018","Active","Instalment Sale","Project Financing","Other Funds"
"Gambia","LLF-Regional Rice Value Chain Development Program (RRVCDP) - The Gambia","The objective of the project is to contribute to reducing the high rice import and enhance economic growth through improved production, processing, and marketing, and enhancing private sector participation","1.404375","2018","Active","Instalment Sale","Project Financing","Other Funds"
"Tajikistan","LLF- Improving Maternal, Neonatal and Child Health Services in Four Districts of Khatlon Region","The objective of the project is to help the Government of Tajikistan realize the objectives of its National Health Strategy and to strengthen the health system with a view to improve maternal, new-born and child healthcare services in the Khatlon region.","1.408963","2018","Completed","Instalment Sale","Project Financing","Other Funds"
"Guinea","LLF-Regional Rice Value Chain Development Program (RRVCDP) - Guinea","The objective of the project is to contribute to reducing the high rice import and enhance economic growth through improved production, processing, and marketing, and enhancing private sector participation","1.423877","2018","Active","Instalment Sale","Project Financing","Other Funds"
"Niger","LLF-Regional Rice Value Chain Development Project (RRVCDP) - Niger","The objective of the project is to contribute to reducing the high rice import and enhance economic growth through improved production, processing, and marketing, and enhancing private sector participation","1.428718","2018","Active","Instalment Sale","Project Financing","Other Funds"
"Egypt","Upper Egypt Solar Power SAE (Scatec Solar)","The objective of the financing is to help develop 50MWac contracted solar power generation capacity.","1.575","2018","Completed","Leasing","Project Financing","Other Funds"
"Senegal","LLF-Regional Rice Value Chain Development Program (RRVCDP) - Senegal","The objective of the project is to contribute to reducing the high rice import and enhance economic growth through improved production, processing, and marketing, and enhancing private sector participation","1.757003","2018","Active","Instalment Sale","Project Financing","Other Funds"
"Sierra Leone","LLF-Regional Rice Value Chain Development Program (RRVCDP) - Sierra Leone","The objective of the project is to contribute to reducing the high rice import and enhance economic growth through improved production, processing, and marketing, and enhancing private sector participation","1.8725","2018","Active","Instalment Sale","Project Financing","Other Funds"
"Gambia","LLF-Regional Rice Value Chain Development Program (RRVCDP) - The Gambia","The objective of the project is to contribute to reducing the high rice import and enhance economic growth through improved production, processing, and marketing, and enhancing private sector participation","2","2018","Active","Loan","Project Financing","Other Funds"
"Guinea","LLF-Regional Rice Value Chain Development Program (RRVCDP) - Guinea","The objective of the project is to contribute to reducing the high rice import and enhance economic growth through improved production, processing, and marketing, and enhancing private sector participation","2","2018","Active","Loan","Project Financing","Other Funds"
"Niger","LLF-Regional Rice Value Chain Development Project (RRVCDP) - Niger","The objective of the project is to contribute to reducing the high rice import and enhance economic growth through improved production, processing, and marketing, and enhancing private sector participation","2","2018","Completed","Loan","Project Financing","Other Funds"
"Senegal","LLF-Regional Rice Value Chain Development Program (RRVCDP) - Senegal","The objective of the project is to contribute to reducing the high rice import and enhance economic growth through improved production, processing, and marketing, and enhancing private sector participation","2","2018","Active","Loan","Project Financing","Other Funds"
"Sierra Leone","LLF-Regional Rice Value Chain Development Program (RRVCDP) - Sierra Leone","The objective of the project is to contribute to reducing the high rice import and enhance economic growth through improved production, processing, and marketing, and enhancing private sector participation","2","2018","Active","Loan","Project Financing","Other Funds"
"Gambia","Construction of Sukuta-Jambanjelly Road Project","The project aims at promoting economic and social development more sustainably in the project area, which includes a dense residential and also Agriculture-based community in the outliers of the Greater Banjul Area (GBA)","2.5","2018","Completed","Loan","Project Financing","IsDB OCR"
"Guinea","LLF-Conakry Sanitation Project","The project's main objective is to enhance living conditions in Conakry by: (i) protecting residents from flooding with an efficient stormwater drainage system and (ii) improving safety, health, and environmental standards through sustainable solid waste and sewage management, with goals set through 2030.","3.5","2018","Active","Instalment Sale","Project Financing","IsDB OCR"
"Guinea","LLF-Conakry Sanitation Project","The project's main objective is to enhance living conditions in Conakry by: (i) protecting residents from flooding with an efficient stormwater drainage system and (ii) improving safety, health, and environmental standards through sustainable solid waste and sewage management, with goals set through 2030.","4.47922","2018","Active","Instalment Sale","Project Financing","Other Funds"
"Chad","Rural Water Infrastructures Project in Ennedi East and Wadi Fira Regions","The objective of the project is to contribute to improving the living conditions of the population by increasing access to water supply and sanitation and by providing water supply to livestock","5.818645","2018","Active","Loan","Project Financing","IsDB OCR"
"Benin","Rehabilitation of the Road Corridor Cotonou Niamey Béroubouay Malanville Section (169.4 km)","The overall objective of this project is to promote the integration of the West African Region and trade between Benin, Niger and Burkina Faso, by improving the infrastructure and road transport conditions. In terms of trade and regional integration, the extended area of the project stretches up to Nigeria and Chad","6.99566","2018","Completed","Instalment Sale","Project Financing","IsDB OCR"
"Senegal","LLF-Regional Rice Value Chain Development Program (RRVCDP) - Senegal","The objective of the project is to contribute to reducing the high rice import and enhance economic growth through improved production, processing, and marketing, and enhancing private sector participation","7.186624","2018","Active","Instalment Sale","Project Financing","IsDB OCR"
"Côte d'Ivoire","Water Supply Project for the Eastern Region","The project aims at improving social living conditions in the most three populous cities of the nine cities.","7.726994","2018","Completed","Istisna'a","Project Financing","IsDB OCR"
"Côte d'Ivoire","Support to the Development of the University of Bondoukou","The overall objective of the project is to contribute to the Education and Training Sector Plan 2016-2025, which aims at producing qualified workforce with relevant skills demanded by the economy.","9.106215","2018","Active","Instalment Sale","Project Financing","IsDB OCR"
"Egypt","Avian Influenza Control Project - Additional Financing","The project aims strengthening capacity of the country to minimize the risk of further spreading of the Avian Influenza Virus (AIV) to either animals or humans and finally control the disease by establishing a vaccine production facility that complements the already accomplished related prevention activities under the original loan including quality control facilities, Cold chain facilities for the distribution of vaccine, IT and communication equipment, and training.","9.1558","2018","Completed","Loan","Project Financing","IsDB OCR"
"Gambia","LLF-Regional Rice Value Chain Development Program (RRVCDP) - The Gambia","The objective of the project is to contribute to reducing the high rice import and enhance economic growth through improved production, processing, and marketing, and enhancing private sector participation","9.75","2018","Active","Instalment Sale","Project Financing","IsDB OCR"
"Guinea","LLF-Regional Rice Value Chain Development Program (RRVCDP) - Guinea","The objective of the project is to contribute to reducing the high rice import and enhance economic growth through improved production, processing, and marketing, and enhancing private sector participation","9.8865","2018","Active","Instalment Sale","Project Financing","IsDB OCR"
"Niger","LLF-Regional Rice Value Chain Development Project (RRVCDP) - Niger","The objective of the project is to contribute to reducing the high rice import and enhance economic growth through improved production, processing, and marketing, and enhancing private sector participation","9.919","2018","Active","Instalment Sale","Project Financing","IsDB OCR"
"Chad","Rural Water Infrastructures Project in Ennedi East and Wadi Fira Regions","The objective of the project is to contribute to improving the living conditions of the population by increasing access to water supply and sanitation and by providing water supply to livestock","9.95","2018","Active","Loan","Project Financing","Other Funds"
"Senegal","Emergency Program for Community Development Project (Phase-II)","The overall goal of the project is to eradicate poverty and social inequalities and enhance environmental protection through sustained interventions in the targeted project areas. The project's development objectives are as follows:- (i) to improve the accessibility of the disadvantaged regions/communities to basic social infrastructure such as roads, water, and energy; (ii) to contribute to an easier access to basic socioeconomic services (rural markets. health. and education). (iii) to enhance the capacity of local authorities and beneficiaries; and (iv) to improve the local economy through promotion of value chain and to generate employment opportunities.","10","2018","Active","Loan","Project Financing","Other Funds"
"Tunisia","Establishment of 2 Regional Hospitals Project in Thala and Dahmani, Tunisia","The project will contribute to the achievement of the objective of the Strategic Health Development Plan (SHDP, 2016-2020), which mainly aiming at strengthening the health system through the development of preventive and curative medicine, while reducing regional disparities. Specifically, the project will improve access to quality secondary healthcare services in the west region through the establishment of 2 type B regionals hospitals in Thala and Dahmani.","10.786295","2018","Active","Loan","Project Financing","IsDB OCR"
"Egypt","Upper Egypt Solar Power SAE (Scatec Solar)","The objective of the financing is to help develop 50MWac contracted solar power generation capacity.","11.025","2018","Completed","Leasing","Project Financing","IsDB OCR"
"Kyrgyz Republic","Central Asia-South Asia Electricity Transmission and Trade Project (CASA-1000)","The objective of the project is to meet the electricity demand in Afghanistan and Pakistan through the establishment of cross border energy exchange among four member countries as part of regional economic integration.","11.549393","2018","Completed","Loan","Project Financing","IsDB OCR"
"Senegal","LLF-Regional Rice Value Chain Development Program (RRVCDP) - Senegal","The objective of the project is to contribute to reducing the high rice import and enhance economic growth through improved production, processing, and marketing, and enhancing private sector participation","12.198155","2018","Active","Instalment Sale","Project Financing","IsDB OCR"
"Sierra Leone","LLF-Regional Rice Value Chain Development Program (RRVCDP) - Sierra Leone","The objective of the project is to contribute to reducing the high rice import and enhance economic growth through improved production, processing, and marketing, and enhancing private sector participation","13","2018","Active","Instalment Sale","Project Financing","IsDB OCR"
"Tajikistan","LLF- Improving Maternal, Neonatal and Child Health Services in Four Districts of Khatlon Region","The objective of the project is to help the Government of Tajikistan realize the objectives of its National Health Strategy and to strengthen the health system with a view to improve maternal, new-born and child healthcare services in the Khatlon region.","14.95","2018","Completed","Instalment Sale","Project Financing","IsDB OCR"
"Tajikistan","Central Asia-South Asia Electricity Transmission and Trade Project (CASA-1000)","The objective of the project is to meet the electricity demand in Afghanistan and Pakistan through the establishment of cross-border energy exchange among four member countries as part of regional economic integration. The exchange will be utilizing efficient, and environmentally friendly indigenous hydropower resources of Tajikistan and Kyrgyz Republic","16.166378","2018","Completed","Loan","Project Financing","IsDB OCR"
"Senegal","Construction of Rural Roads using Soil Technology","The project contributes to an easier access to basic socioeconomic services, institutional strengthening and capacity enhancement of local authorities involved in rural roads governance within the framework of national rural transport strategy.","19.218595","2018","Completed","Instalment Sale","Project Financing","IsDB OCR"
"Guyana","Power Utility Upgrade Program","The objective of the project is to contribute to the economic growth of the country by contributing satisfying the growing power demand of the main interconnected system of the country.","20","2018","Completed","Instalment Sale","Project Financing","IsDB OCR"
"Tunisia","Establishment of 2 Regional Hospitals Project in Thala and Dahmani, Tunisia","The project will contribute to the achievement of the objective of the Strategic Health Development Plan (SHDP, 2016-2020), which mainly aiming at strengthening the health system through the development of preventive and curative medicine, while reducing regional disparities. Specifically, the project will improve access to quality secondary healthcare services in the west region through the establishment of 2 type B regionals hospitals in Thala and Dahmani.","23.762035","2018","Active","Instalment Sale","Project Financing","IsDB OCR"
"Bangladesh","Rural and Peri-Urban Housing Finance Project 1-(2017-2018)","The project’s aim is to contribute to the country’s efforts towards improving the living standard of rural and peri-urban population through housing finance and sustaining the cultivable agricultural land in Bangladesh.","34.272005","2018","Completed","Instalment Sale","Project Financing","IsDB OCR"
"Guinea","LLF-Conakry Sanitation Project","The project's main objective is to enhance living conditions in Conakry by: (i) protecting residents from flooding with an efficient stormwater drainage system and (ii) improving safety, health, and environmental standards through sustainable solid waste and sewage management, with goals set through 2030.","34.3","2018","Active","Instalment Sale","Project Financing","IsDB OCR"
"Chad","Rural Water Infrastructures Project in Ennedi East and Wadi Fira Regions","The objective of the project is to contribute to improving the living conditions of the population by increasing access to water supply and sanitation and by providing water supply to livestock","37.63","2018","Active","Instalment Sale","Project Financing","IsDB OCR"
"Senegal","Emergency Program for Community Development Project (Phase-II)","The overall goal of the project is to eradicate poverty and social inequalities and enhance environmental protection through sustained interventions in the targeted project areas. The project's development objectives are as follows:- (i) to improve the accessibility of the disadvantaged regions/communities to basic social infrastructure such as roads, water, and energy; (ii) to contribute to an easier access to basic socioeconomic services (rural markets. health. and education). (iii) to enhance the capacity of local authorities and beneficiaries; and (iv) to improve the local economy through promotion of value chain and to generate employment opportunities.","50","2018","Active","Instalment Sale","Project Financing","IsDB OCR"
"Uzbekistan","Construction of Modern Rural Housing Project (Phase-2) 2018","The objective of the project is to expand access to affordable and improved housing, equipped with associated basic infrastructure as well as social and market facilities, for the rural population in six (6) regions of Uzbekistan.","85.854769","2018","Completed","Istisna'a","Project Financing","IsDB OCR"
"Benin","Rehabilitation of the Road Corridor Cotonou Niamey Béroubouay Malanville Section (169.4 km)","The overall objective of this project is to promote the integration of the West African Region and trade between Benin, Niger and Burkina Faso, by improving the infrastructure and road transport conditions. In terms of trade and regional integration, the extended area of the project stretches up to Nigeria and Chad","110.54329","2018","Completed","Instalment Sale","Project Financing","IsDB OCR"
"Côte d'Ivoire","Support to the Development of the University of Bondoukou","The overall objective of the project is to contribute to the Education and Training Sector Plan 2016-2025, which aims at producing qualified workforce with relevant skills demanded by the economy.","111.693424","2018","Active","Instalment Sale","Project Financing","IsDB OCR"
"Tunisia","Natural Gas Transmission Project","The objective of the project is to contribute to meeting the increasing demand for electricity by ensuring the gas supply to the existing and future thermal power generation plants, namely: Rades, Mornaguia, Sousse and Skhira. In addition, the project will contribute to reducing regional disparities in terms of economic opportunities and access to basic public services, by enabling providing access to natural gas supply to 60 out of the 100 communes targeted by the National Development Plan, and located in the interior regions of the country, i.e.: Sidi Bouzid, Seliana, Kebili, Hamma and Tatouine. The key development results of the project are to: (i) Contribute to satisfying the need of 6.7 million toe for 2030 compared to 5 million toe in 2017; and (ii) Contribute to reducing the unemployment rate from 15.5 % in 2017 to 12.2% by 2030.","134.530162","2018","Active","Instalment Sale","Project Financing","IsDB OCR"
"Tunisia","Supporting the Electricity Transmission System project (13th Development Plan)","The project aims at promoting the economic growth, improving the living standards of the population, and satisfying the increasing demand for electricity in the unified power system in Tunisia through supporting the electricity transmission system. The project will help in reducing the technical losses in the network and increasing the reliability of the power transmission system. Supporting the Electricity Transmission System is an energy efficiency project, which aim at supporting STEG in its endeavor to supply its clients without interruption, while ensuring low and acceptable power losses. On completion, the project will (i) augment the transformation capacity of the network by 1680 MVA, (ii) increase the transmission lines length by 210 km, and (iii) Reduce the power losses to less than 2%.","148.974416","2018","Active","Instalment Sale","Project Financing","IsDB OCR"
"Türkiye","Asagi Kalekoy Hydro Electric Power Plant Project - Clean Energy and Energy Infrastructure Program (TKB II)","The project aims to construct a 500 MW RCC (roller compacted concrete) dam and a power plant unit.","180","2018","Completed","Instalment Sale","Project Financing","IsDB OCR"
"Nigeria","LLF - Kano State Agro-Pastoral Development Project","The Kano State Agro-Pastoral Development Project (KSADP) aims to improve agro-pastoral production systems in Kano State by addressing low animal productivity and conflicts caused by transhumance. The project focuses on building sustainable, resilient systems that can withstand climate and market shocks, through investments in market institutions, infrastructure, and natural resource management. The development objective is to boost agricultural productivity and competitiveness by improving infrastructure, access to inputs, value addition, market access, extension services, and capacity building. Target beneficiaries include smallholder farmers involved in key value chains like fresh milk, beef, rice, maize, sorghum, cowpea, soybeans, groundnuts, cotton, and other key stakeholders.","0.054731","2017","Active","Instalment Sale","Project Financing","Other Funds"
"Mali","LLF-Sahel Sustainable Pastoralism Development Program for Mali","The objective of the project is to contribute to the enhancement of livestock production for increased revenues and reduced food insecurity in the Sahel region through improved natural resources management, access to markets, and increased control of transboundary livestock diseases.","0.24198","2017","Active","Instalment Sale","Project Financing","Other Funds"
"Côte d'Ivoire","Support to Vocational Training System Development Project","The objective of the project is to support the revitalization and modernization of the vocational training system by increasing access to relevant quality training programs","0.28","2017","Active","Technical Assistance","Technical Assistance Operations","Other Funds"
"Lebanon","Lebanon Health Resilience Project","The objective of the project is to contribute to the enhancement of the resilience of the health sector in Lebanon through providing quality healthcare services to the populations affected by the Syrian crisis.","0.48","2017","Active","Instalment Sale","Project Financing","IsDB OCR"
"Senegal","LLF-Sahel Sustainable Pastoralism Development Program for Senegal","The objective of the project is to contribute to the enhancement of livestock production for increased revenues and reduced food insecurity in the Sahel region through improved natural resources management, access to markets, and increased control of transboundary livestock diseases.","0.537528","2017","Active","Instalment Sale","Project Financing","Other Funds"
"Burkina Faso","LLF-Sahel Sustainable Pastoralism Development Program for Burkina Faso","The global objective of the project is to contributeto the enhancement of livestock production for increased revenues and reduced food insecurity through improved natural resources management, access to markets, and increased control of transboundary livestock diseases.","0.556","2017","Active","Leasing","Project Financing","Other Funds"
"Senegal","LLF-Sahel Sustainable Pastoralism Development Program for Senegal","The objective of the project is to contribute to the enhancement of livestock production for increased revenues and reduced food insecurity in the Sahel region through improved natural resources management, access to markets, and increased control of transboundary livestock diseases.","0.802598","2017","Active","Leasing","Project Financing","Other Funds"
"Burkina Faso","LLF-Sahel Sustainable Pastoralism Development Program for Burkina Faso","The global objective of the project is to contributeto the enhancement of livestock production for increased revenues and reduced food insecurity through improved natural resources management, access to markets, and increased control of transboundary livestock diseases.","0.861708","2017","Active","Instalment Sale","Project Financing","Other Funds"
"Mali","LLF-Sahel Sustainable Pastoralism Development Program for Mali","The objective of the project is to contribute to the enhancement of livestock production for increased revenues and reduced food insecurity in the Sahel region through improved natural resources management, access to markets, and increased control of transboundary livestock diseases.","0.876485","2017","Active","Leasing","Project Financing","Other Funds"
"Burkina Faso","LLF-Sahel Sustainable Pastoralism Development Program for Burkina Faso","The global objective of the project is to contributeto the enhancement of livestock production for increased revenues and reduced food insecurity through improved natural resources management, access to markets, and increased control of transboundary livestock diseases.","1.309648","2017","Active","Istisna'a","Project Financing","Other Funds"
"Guinea","Rural Water Supply and Sanitation Project In N'Zerekore Region","The project aims to support the Government's efforts to enhance access to safe drinking water and sanitation in the rural areas of the Guinea Forest, specifically targeting the prefectures of N’Zerekore, Lola, and Yomou.The primary objective is to improve the living conditions of the population in the project area by increasing access to safe water supplies and improved sanitation.Specific objectives include the construction of approximately 455 boreholes equipped with hand pumps and 20 mini water supply systems. Additionally, the project will involve the construction of 1,000 family latrines, the equipping of 425 public buildings with improved sanitation facilities, and the implementation of sensitization and social intermediation activities focused on sanitation and hygiene.","1.419209","2017","Active","Loan","Project Financing","IsDB OCR"
"Mozambique","Support to Health System Strenghthening in Inhambane Province Project","contribute to the achievement of objectives of the National Health Policy, which aims at ensuring ""Equal access to quality healthcare services for all Mozambicans","1.45","2017","Completed","Loan","Project Financing","IsDB OCR"
"Senegal","LLF-Sahel Sustainable Pastoralism Development Program for Senegal","The objective of the project is to contribute to the enhancement of livestock production for increased revenues and reduced food insecurity in the Sahel region through improved natural resources management, access to markets, and increased control of transboundary livestock diseases.","1.503602","2017","Active","Istisna'a","Project Financing","Other Funds"
"Egypt","Aswan PV Power SAE (Scatec Solar)","The objective of the financing is to help develop 50MWac contracted solar power generation capacity.","1.560938","2017","Completed","Leasing","Project Financing","Other Funds"
"Egypt","Red Sea Solar Power SAE (Scatec Solar)","The objective of the financing is to help develop 50MWac contracted solar power generation capacity.","1.560938","2017","Completed","Leasing","Project Financing","Other Funds"
"Egypt","Zafarana Solar Power SAE (Scatec Solar)","The objective of the financing is to help develop 50MWac contracted solar power generation capacity.","1.560938","2017","Completed","Leasing","Project Financing","Other Funds"
"Egypt","Daraw Solar Power SAE (Scatec Solar)","The objective of the financing is to help develop 50MWac contracted solar power generation capacity.","1.575","2017","Completed","Leasing","Project Financing","Other Funds"
"Egypt","Kom Ombo for Renewable Energy SAE (Scatec Solar)","The objective of the financing is to help develop 50MWac contracted solar power generation capacity.","1.575","2017","Completed","Leasing","Project Financing","Other Funds"
"Mali","LLF-Sahel Sustainable Pastoralism Development Program for Mali","The objective of the project is to contribute to the enhancement of livestock production for increased revenues and reduced food insecurity in the Sahel region through improved natural resources management, access to markets, and increased control of transboundary livestock diseases.","1.621821","2017","Active","Istisna'a","Project Financing","Other Funds"
"Nigeria","LLF - Kano State Agro-Pastoral Development Project","The Kano State Agro-Pastoral Development Project (KSADP) aims to improve agro-pastoral production systems in Kano State by addressing low animal productivity and conflicts caused by transhumance. The project focuses on building sustainable, resilient systems that can withstand climate and market shocks, through investments in market institutions, infrastructure, and natural resource management. The development objective is to boost agricultural productivity and competitiveness by improving infrastructure, access to inputs, value addition, market access, extension services, and capacity building. Target beneficiaries include smallholder farmers involved in key value chains like fresh milk, beef, rice, maize, sorghum, cowpea, soybeans, groundnuts, cotton, and other key stakeholders.","1.8","2017","Active","Instalment Sale","Project Financing","IsDB OCR"
"Nigeria","LLF - Kano State Agro-Pastoral Development Project","The Kano State Agro-Pastoral Development Project (KSADP) aims to improve agro-pastoral production systems in Kano State by addressing low animal productivity and conflicts caused by transhumance. The project focuses on building sustainable, resilient systems that can withstand climate and market shocks, through investments in market institutions, infrastructure, and natural resource management. The development objective is to boost agricultural productivity and competitiveness by improving infrastructure, access to inputs, value addition, market access, extension services, and capacity building. Target beneficiaries include smallholder farmers involved in key value chains like fresh milk, beef, rice, maize, sorghum, cowpea, soybeans, groundnuts, cotton, and other key stakeholders.","1.806129","2017","Active","Instalment Sale","Project Financing","Other Funds"
"Mauritania","LLF-Support to the National Program for Reproductive Health Project","The objective of the project is to contribute towards the achievement of the health related Sustainable Development Goals (SDGs3) through reducing the maternal and child mortality in Mauritania.","1.82","2017","Completed","Instalment Sale","Project Financing","IsDB OCR"
"Cameroon","LLF-Support of Elimination of Mother to Child Transmission (eMTCT) of HIV/AIDS Project","The objective of the project is to fast track and upscale early paediatric HIV diagnosis and HIV treatment for pregnant women in order to accelerate the progress towards eMTCT in the six-targeted regions in Cameroon.","1.821317","2017","Completed","Instalment Sale","Project Financing","Other Funds"
"Mali","LLF-Sahel Sustainable Pastoralism Development Program for Mali","The objective of the project is to contribute to the enhancement of livestock production for increased revenues and reduced food insecurity in the Sahel region through improved natural resources management, access to markets, and increased control of transboundary livestock diseases.","1.834","2017","Active","Instalment Sale","Project Financing","IsDB OCR"
"Cameroon","LLF-Support of Elimination of Mother to Child Transmission (eMTCT) of HIV/AIDS Project","The objective of the project is to fast track and upscale early paediatric HIV diagnosis and HIV treatment for pregnant women in order to accelerate the progress towards eMTCT in the six-targeted regions in Cameroon.","1.873037","2017","Completed","Instalment Sale","Project Financing","Other Funds"
"Gambia","Small Ruminants Production Enhancement Project","The objective of the project is to contribute to the improvement of the livelihood of rural and peri-urban communities in the Gambia by strengthening the productivity and resilience of pastoral systems and stimulating business entrepreneurship in the livestock sector","2.548312","2017","Active","Loan","Project Financing","IsDB OCR"
"Guinea","Rural Water Supply and Sanitation Project In N'Zerekore Region","The project aims to support the Government's efforts to enhance access to safe drinking water and sanitation in the rural areas of the Guinea Forest, specifically targeting the prefectures of N’Zerekore, Lola, and Yomou.The primary objective is to improve the living conditions of the population in the project area by increasing access to safe water supplies and improved sanitation.Specific objectives include the construction of approximately 455 boreholes equipped with hand pumps and 20 mini water supply systems. Additionally, the project will involve the construction of 1,000 family latrines, the equipping of 425 public buildings with improved sanitation facilities, and the implementation of sensitization and social intermediation activities focused on sanitation and hygiene.","2.713194","2017","Active","Loan","Project Financing","IsDB OCR"
"Burkina Faso","LLF-Sahel Sustainable Pastoralism Development Program for Burkina Faso","The global objective of the project is to contributeto the enhancement of livestock production for increased revenues and reduced food insecurity through improved natural resources management, access to markets, and increased control of transboundary livestock diseases.","3.017083","2017","Active","Loan","Project Financing","IsDB OCR"
"Mali","LLF-Sahel Sustainable Pastoralism Development Program for Mali","The objective of the project is to contribute to the enhancement of livestock production for increased revenues and reduced food insecurity in the Sahel region through improved natural resources management, access to markets, and increased control of transboundary livestock diseases.","3.017083","2017","Active","Loan","Project Financing","IsDB OCR"
"Cameroon","LLF-Agriculture Infrastructure and Value Chain Development Project","The objective of the project is to contribute to inclusive growth through enhanced agricultural productivity and value chain development.","3.047088","2017","Active","Instalment Sale","Project Financing","Other Funds"
"Uganda","LLF-Local Economic Growth Support Project","The objective of the project is to increase incomes of small holder rural farmers in the project area by introducing improved agricultural technologies to enhance agricultural production and productivity via value chain development, providing Islamic Micro-finance and improving rural infrastructures.","3.047089","2017","Active","Instalment Sale","Project Financing","Other Funds"
"Burkina Faso","50MW Power Plant of Kossodo in Ouagadougou","The objectives of the project are to contribute to the economic growth of the country by sustaining the access to electricity and to develop the technical capabilities of SONABEL.","3.198721","2017","Completed","Instalment Sale","Project Financing","IsDB OCR"
"Tunisia","Construction of Saida and kalaa Kibira Dams and Water Transfer Infrastructure Project","The objective of the project is to ensure water supply, quality, and security in Cap Bon, Sfax and Sahel for both potable and irrigation water for the next decades.","3.3291","2017","Active","Loan","Project Financing","IsDB OCR"
"Niger","LLF-Health System Strengthening with Emphasis on Maternal, Neonatal and Child Health Services Project","The objective of the project  is to accelerate the reduction of Maternal, Neonatal and Child mortalities and improve the health system functioning in Niger","3.656506","2017","Completed","Instalment Sale","Project Financing","Other Funds"
"Guinea","Gaoual Koundara Mali Agricultural Development Project","The objective of the project is to contribute to the Government efforts to reduce poverty and sustainably improve the living conditions of the population in the project area.","3.87363","2017","Active","Loan","Project Financing","IsDB OCR"
"Senegal","LLF-Sahel Sustainable Pastoralism Development Program for Senegal","The objective of the project is to contribute to the enhancement of livestock production for increased revenues and reduced food insecurity in the Sahel region through improved natural resources management, access to markets, and increased control of transboundary livestock diseases.","4.074","2017","Active","Instalment Sale","Project Financing","IsDB OCR"
"Burkina Faso","LLF-Sahel Sustainable Pastoralism Development Program for Burkina Faso","The global objective of the project is to contributeto the enhancement of livestock production for increased revenues and reduced food insecurity through improved natural resources management, access to markets, and increased control of transboundary livestock diseases.","4.214","2017","Active","Leasing","Project Financing","IsDB OCR"
"Cameroon","LLF-Agriculture Infrastructure and Value Chain Development Project","The objective of the project is to contribute to inclusive growth through enhanced agricultural productivity and value chain development.","4.956299","2017","Active","Loan","Project Financing","IsDB OCR"
"Niger","Rural Electrification Project through Renewal Energy under Reverse Linkage","The proposed project aims to support Niger in addressing the critical issues of lack of electricity in rural areas by contributing to increase the electricity access rate. The project will increase the power generation through the establishment of three solar power plants with a total capacity of 9.3 MWp that will be distributed using the network composed of about 144 km of MV lines, 112 km of LV lines, and distribution transformers of 8 MVA for about 17,500 consumers’ connections using prepaid meters. By the completion of the project, about 17,500 households for a targeted population of 122,500 (comprising about 51% of women), 1,500 public facilities (schools, health centers, etc.) as well as small businesses will be connected.","5.054152","2017","Active","Loan","Project Financing","IsDB OCR"
"Gambia","Small Ruminants Production Enhancement Project","The objective of the project is to contribute to the improvement of the livelihood of rural and peri-urban communities in the Gambia by strengthening the productivity and resilience of pastoral systems and stimulating business entrepreneurship in the livestock sector","5.17","2017","Active","Instalment Sale","Project Financing","IsDB OCR"
"Côte d'Ivoire","Support to Vocational Training System Development Project","The objective of the project is to support the revitalization and modernization of the vocational training system by increasing access to relevant quality training programs","5.723425","2017","Active","Instalment Sale","Project Financing","IsDB OCR"
"Mali","Sirakoro 100 MW Thermal  Power Plant","The objective of the project is to meet the electricity demand of the interconnected electricity grid of the country and mainly the capital city of Mali (Bamako) and surrounding areas.","5.769121","2017","Active","Instalment Sale","Project Financing","IsDB OCR"
"Guinea","Gaoual Koundara Mali Agricultural Development Project","The objective of the project is to contribute to the Government efforts to reduce poverty and sustainably improve the living conditions of the population in the project area.","6.049038","2017","Active","Loan","Project Financing","IsDB OCR"
"Senegal","LLF-Sahel Sustainable Pastoralism Development Program for Senegal","The objective of the project is to contribute to the enhancement of livestock production for increased revenues and reduced food insecurity in the Sahel region through improved natural resources management, access to markets, and increased control of transboundary livestock diseases.","6.083","2017","Active","Leasing","Project Financing","IsDB OCR"
"Burkina Faso","LLF-Sahel Sustainable Pastoralism Development Program for Burkina Faso","The global objective of the project is to contributeto the enhancement of livestock production for increased revenues and reduced food insecurity through improved natural resources management, access to markets, and increased control of transboundary livestock diseases.","6.531","2017","Active","Instalment Sale","Project Financing","IsDB OCR"
"Mali","LLF-Sahel Sustainable Pastoralism Development Program for Mali","The objective of the project is to contribute to the enhancement of livestock production for increased revenues and reduced food insecurity in the Sahel region through improved natural resources management, access to markets, and increased control of transboundary livestock diseases.","6.643","2017","Active","Leasing","Project Financing","IsDB OCR"
"Senegal","Secondary Cities Modernization Program (PROMOVILLES)","The project aims to modernize Senegal's cities by providing them with quality infrastructures to improve populations' living environment of the populations.The specific objectives of the project are to: (i) enhance the access of urban populations to acceptable level of solid waste management services; (ii) improve mobility of populations by providing them with all-weather access to social services, (iii) protect the population against recurrent flooding by strengthening the storm water drainage system; (iv) enhance public safety and productivity of economic activities through installation of street lighting systems; and (v) improve the physical environment of regional cities and their livability through provision of appropriate public spaces and green landscaping.","6.665254","2017","Active","Instalment Sale","Project Financing","IsDB OCR"
"Nigeria","LLF - Kano State Agro-Pastoral Development Project","The Kano State Agro-Pastoral Development Project (KSADP) aims to improve agro-pastoral production systems in Kano State by addressing low animal productivity and conflicts caused by transhumance. The project focuses on building sustainable, resilient systems that can withstand climate and market shocks, through investments in market institutions, infrastructure, and natural resource management. The development objective is to boost agricultural productivity and competitiveness by improving infrastructure, access to inputs, value addition, market access, extension services, and capacity building. Target beneficiaries include smallholder farmers involved in key value chains like fresh milk, beef, rice, maize, sorghum, cowpea, soybeans, groundnuts, cotton, and other key stakeholders.","6.9937","2017","Active","Loan","Project Financing","IsDB OCR"
"Gambia","Small Ruminants Production Enhancement Project","The objective of the project is to contribute to the improvement of the livelihood of rural and peri-urban communities in the Gambia by strengthening the productivity and resilience of pastoral systems and stimulating business entrepreneurship in the livestock sector","7.644935","2017","Active","Loan","Project Financing","IsDB OCR"
"Burkina Faso","50MW Power Plant of Kossodo in Ouagadougou","The objectives of the project are to contribute to the economic growth of the country by sustaining the access to electricity and to develop the technical capabilities of SONABEL.","9.127464","2017","Completed","Loan","Project Financing","IsDB OCR"
"Côte d'Ivoire","Cocody Bay Environmental Improvement and Urban Development Project","The project's fundamental objectives are to bring durable and sustainable solutions to the bay and its watershed pollution issues. It also aims to provide the population of Abidjan with a safe socio-economic environment where cultural, commercial and sport and leisure activities can take place in a quality ecosystem that has been restored in a coherent and inclusive framework. ","9.138227","2017","Completed","Instalment Sale","Project Financing","IsDB OCR"
"Côte d'Ivoire","Support to Vocational Training System Development Project","The objective of the project is to support the revitalization and modernization of the vocational training system by increasing access to relevant quality training programs","9.424802","2017","Active","Instalment Sale","Project Financing","IsDB OCR"
"Türkiye","Cekerek Hydro Electric Power Plant Project - Clean Energy and Energy Infrastructure Program (TKB II)","The project aims to construct a run-of-river type hydropower plant with a total installed capacity of 28.64 MWm.","9.831553","2017","Completed","Instalment Sale","Project Financing","IsDB OCR"
"Togo","Support for Higher Education in Science and Engineering","The objective of the project is to support the Education Sector Plan (2010-2025) in providing human capital with relevant skills to the labour market and the economy of Togo.","9.880268","2017","Completed","Loan","Project Financing","IsDB OCR"
"Guinea","Crop Value Chain Development Project","The main objective of the project is to support the Government efforts in ensuring an efficient and sustainable agriculture, contributing to better conditions in rural areas.","9.894598","2017","Active","Loan","Project Financing","IsDB OCR"
"Burkina Faso","LLF-Sahel Sustainable Pastoralism Development Program for Burkina Faso","The global objective of the project is to contributeto the enhancement of livestock production for increased revenues and reduced food insecurity through improved natural resources management, access to markets, and increased control of transboundary livestock diseases.","9.926","2017","Active","Istisna'a","Project Financing","IsDB OCR"
"Gambia","Small Ruminants Production Enhancement Project","The objective of the project is to contribute to the improvement of the livelihood of rural and peri-urban communities in the Gambia by strengthening the productivity and resilience of pastoral systems and stimulating business entrepreneurship in the livestock sector","10","2017","Active","Loan","Project Financing","Other Funds"
"Guinea","Crop Value Chain Development Project","The main objective of the project is to support the Government efforts in ensuring an efficient and sustainable agriculture, contributing to better conditions in rural areas.","10","2017","Active","Loan","Project Financing","Other Funds"
"Niger","Rural Electrification Project through Renewal Energy under Reverse Linkage","The proposed project aims to support Niger in addressing the critical issues of lack of electricity in rural areas by contributing to increase the electricity access rate. The project will increase the power generation through the establishment of three solar power plants with a total capacity of 9.3 MWp that will be distributed using the network composed of about 144 km of MV lines, 112 km of LV lines, and distribution transformers of 8 MVA for about 17,500 consumers’ connections using prepaid meters. By the completion of the project, about 17,500 households for a targeted population of 122,500 (comprising about 51% of women), 1,500 public facilities (schools, health centers, etc.) as well as small businesses will be connected.","10","2017","Active","Loan","Project Financing","Other Funds"
"Suriname","Affordable Housing Project (LISP III)","The project objective is to improve significantly the living conditions of low and lower-middle income households by providing access to affordable and improved housing quality.The project facilitates the access to affordable and decent housing totalling 4,000 units, which would benefit to approximately 16,000 people (3% of total population in Suriname). The main beneficiaries will be the bottom 40% of the population in Suriname.","10.104734","2017","Active","Loan","Project Financing","IsDB OCR"
"Bangladesh","Rural and Peri-Urban Housing Finance Project 1-(2017-2018)","The project’s aim is to contribute to the country’s efforts towards improving the living standard of rural and peri-urban population through housing finance and sustaining the cultivable agricultural land in Bangladesh.","10.296225","2017","Completed","Loan","Project Financing","IsDB OCR"
"Uganda","LLF-Local Economic Growth Support Project","The objective of the project is to increase incomes of small holder rural farmers in the project area by introducing improved agricultural technologies to enhance agricultural production and productivity via value chain development, providing Islamic Micro-finance and improving rural infrastructures.","10.49055","2017","Active","Loan","Project Financing","IsDB OCR"
"Egypt","Aswan PV Power SAE (Scatec Solar)","The objective of the financing is to help develop 50MWac contracted solar power generation capacity.","10.926562","2017","Completed","Leasing","Project Financing","IsDB OCR"
"Egypt","Red Sea Solar Power SAE (Scatec Solar)","The objective of the financing is to help develop 50MWac contracted solar power generation capacity.","10.926562","2017","Completed","Leasing","Project Financing","IsDB OCR"
"Egypt","Zafarana Solar Power SAE (Scatec Solar)","The objective of the financing is to help develop 50MWac contracted solar power generation capacity.","10.926562","2017","Completed","Leasing","Project Financing","IsDB OCR"
"Egypt","Daraw Solar Power SAE (Scatec Solar)","The objective of the financing is to help develop 50MWac contracted solar power generation capacity.","11.025","2017","Completed","Leasing","Project Financing","IsDB OCR"
"Egypt","Kom Ombo for Renewable Energy SAE (Scatec Solar)","The objective of the financing is to help develop 50MWac contracted solar power generation capacity.","11.025","2017","Completed","Leasing","Project Financing","IsDB OCR"
"Senegal","LLF-Sahel Sustainable Pastoralism Development Program for Senegal","The objective of the project is to contribute to the enhancement of livestock production for increased revenues and reduced food insecurity in the Sahel region through improved natural resources management, access to markets, and increased control of transboundary livestock diseases.","11.396","2017","Active","Istisna'a","Project Financing","IsDB OCR"
"Guinea","Rural Water Supply and Sanitation Project In N'Zerekore Region","The project aims to support the Government's efforts to enhance access to safe drinking water and sanitation in the rural areas of the Guinea Forest, specifically targeting the prefectures of N’Zerekore, Lola, and Yomou.The primary objective is to improve the living conditions of the population in the project area by increasing access to safe water supplies and improved sanitation.Specific objectives include the construction of approximately 455 boreholes equipped with hand pumps and 20 mini water supply systems. Additionally, the project will involve the construction of 1,000 family latrines, the equipping of 425 public buildings with improved sanitation facilities, and the implementation of sensitization and social intermediation activities focused on sanitation and hygiene.","11.515394","2017","Active","Instalment Sale","Project Financing","IsDB OCR"
"Kyrgyz Republic","Central Asia-South Asia Electricity Transmission and Trade Project (CASA-1000)","The objective of the project is to meet the electricity demand in Afghanistan and Pakistan through the establishment of cross border energy exchange among four member countries as part of regional economic integration.","11.549393","2017","Completed","Loan","Project Financing","IsDB OCR"
"Mali","LLF-Sahel Sustainable Pastoralism Development Program for Mali","The objective of the project is to contribute to the enhancement of livestock production for increased revenues and reduced food insecurity in the Sahel region through improved natural resources management, access to markets, and increased control of transboundary livestock diseases.","12.292","2017","Active","Istisna'a","Project Financing","IsDB OCR"
"Tunisia","Construction of Saida and kalaa Kibira Dams and Water Transfer Infrastructure Project","The objective of the project is to ensure water supply, quality, and security in Cap Bon, Sfax and Sahel for both potable and irrigation water for the next decades.","12.7821","2017","Active","Loan","Project Financing","IsDB OCR"
"Cameroon","LLF-Support of Elimination of Mother to Child Transmission (eMTCT) of HIV/AIDS Project","The objective of the project is to fast track and upscale early paediatric HIV diagnosis and HIV treatment for pregnant women in order to accelerate the progress towards eMTCT in the six-targeted regions in Cameroon.","13.804","2017","Completed","Instalment Sale","Project Financing","IsDB OCR"
"Cameroon","LLF-Support of Elimination of Mother to Child Transmission (eMTCT) of HIV/AIDS Project","The objective of the project is to fast track and upscale early paediatric HIV diagnosis and HIV treatment for pregnant women in order to accelerate the progress towards eMTCT in the six-targeted regions in Cameroon.","14.196","2017","Completed","Instalment Sale","Project Financing","IsDB OCR"
"Côte d'Ivoire","Support to Vocational Training System Development Project","The objective of the project is to support the revitalization and modernization of the vocational training system by increasing access to relevant quality training programs","14.526026","2017","Active","Loan","Project Financing","IsDB OCR"
"Guinea","Gaoual Koundara Mali Agricultural Development Project","The objective of the project is to contribute to the Government efforts to reduce poverty and sustainably improve the living conditions of the population in the project area.","14.865164","2017","Active","Instalment Sale","Project Financing","IsDB OCR"
"Nigeria","LLF - Kano State Agro-Pastoral Development Project","The Kano State Agro-Pastoral Development Project (KSADP) aims to improve agro-pastoral production systems in Kano State by addressing low animal productivity and conflicts caused by transhumance. The project focuses on building sustainable, resilient systems that can withstand climate and market shocks, through investments in market institutions, infrastructure, and natural resource management. The development objective is to boost agricultural productivity and competitiveness by improving infrastructure, access to inputs, value addition, market access, extension services, and capacity building. Target beneficiaries include smallholder farmers involved in key value chains like fresh milk, beef, rice, maize, sorghum, cowpea, soybeans, groundnuts, cotton, and other key stakeholders.","15","2017","Active","Loan","Project Financing","Other Funds"
"Indonesia","Development of Trans South-South Java Road Project","The objective of the project is to promote sustainable economic growth and poverty reduction in Southern Java as a whole and the project areas in particular.","15","2017","Completed","Leasing","Project Financing","IsDB OCR"
"Niger","Rural Electrification Project through Renewal Energy under Reverse Linkage","The proposed project aims to support Niger in addressing the critical issues of lack of electricity in rural areas by contributing to increase the electricity access rate. The project will increase the power generation through the establishment of three solar power plants with a total capacity of 9.3 MWp that will be distributed using the network composed of about 144 km of MV lines, 112 km of LV lines, and distribution transformers of 8 MVA for about 17,500 consumers’ connections using prepaid meters. By the completion of the project, about 17,500 households for a targeted population of 122,500 (comprising about 51% of women), 1,500 public facilities (schools, health centers, etc.) as well as small businesses will be connected.","15","2017","Active","Instalment Sale","Project Financing","IsDB OCR"
"Cameroon","LLF-Agriculture Infrastructure and Value Chain Development Project","The objective of the project is to contribute to inclusive growth through enhanced agricultural productivity and value chain development.","15.72","2017","Active","Instalment Sale","Project Financing","IsDB OCR"
"Tajikistan","Central Asia-South Asia Electricity Transmission and Trade Project (CASA-1000)","The objective of the project is to meet the electricity demand in Afghanistan and Pakistan through the establishment of cross-border energy exchange among four member countries as part of regional economic integration. The exchange will be utilizing efficient, and environmentally friendly indigenous hydropower resources of Tajikistan and Kyrgyz Republic","15.95016","2017","Completed","Loan","Project Financing","IsDB OCR"
"Bangladesh","Bhola 220 MW Dual Fuel Combined Cycle Power Plant Project","The project will provide strong development impact in terms of enhancing the power generation capacity in Bangladesh.","20.427173","2017","Completed","Leasing","Project Financing","Other Funds"
"Cameroon","LLF-Agriculture Infrastructure and Value Chain Development Project","The objective of the project is to contribute to inclusive growth through enhanced agricultural productivity and value chain development.","23","2017","Active","Instalment Sale","Project Financing","IsDB OCR"
"Uganda","LLF-Local Economic Growth Support Project","The objective of the project is to increase incomes of small holder rural farmers in the project area by introducing improved agricultural technologies to enhance agricultural production and productivity via value chain development, providing Islamic Micro-finance and improving rural infrastructures.","23","2017","Active","Instalment Sale","Project Financing","IsDB OCR"
"Lebanon","Lebanon Health Resilience Project","The objective of the project is to contribute to the enhancement of the resilience of the health sector in Lebanon through providing quality healthcare services to the populations affected by the Syrian crisis.","23.62","2017","Active","Instalment Sale","Project Financing","IsDB OCR"
"Guinea","Crop Value Chain Development Project","The main objective of the project is to support the Government efforts in ensuring an efficient and sustainable agriculture, contributing to better conditions in rural areas.","24.70532","2017","Completed","Instalment Sale","Project Financing","IsDB OCR"
"Suriname","Affordable Housing Project (LISP III)","The project objective is to improve significantly the living conditions of low and lower-middle income households by providing access to affordable and improved housing quality.The project facilitates the access to affordable and decent housing totalling 4,000 units, which would benefit to approximately 16,000 people (3% of total population in Suriname). The main beneficiaries will be the bottom 40% of the population in Suriname.","25","2017","Active","Instalment Sale","Project Financing","IsDB OCR"
"Jordan","Abour 49.5MW Wind Farm Project (Xenel)","The objective of the project is to promote renewable energy sources in Jordan that would reduce power generation costs and provide a more environmental friendly power generation method compared with conventional fuel power generation methods","26.226069","2017","Completed","Leasing","Project Financing","Other Funds"
"Jordan","Abour 49.5MW Wind Farm Project (Xenel)","The objective of the project is to promote renewable energy sources in Jordan that would reduce power generation costs and provide a more environmental friendly power generation method compared with conventional fuel power generation methods","26.226069","2017","Completed","Leasing","Project Financing","IsDB OCR"
"Niger","LLF-Health System Strengthening with Emphasis on Maternal, Neonatal and Child Health Services Project","The objective of the project  is to accelerate the reduction of Maternal, Neonatal and Child mortalities and improve the health system functioning in Niger","28.112","2017","Completed","Instalment Sale","Project Financing","IsDB OCR"
"Bangladesh","Rural and Peri-Urban Housing Finance Project 1-(2017-2018)","The project’s aim is to contribute to the country’s efforts towards improving the living standard of rural and peri-urban population through housing finance and sustaining the cultivable agricultural land in Bangladesh.","34.272005","2017","Completed","Instalment Sale","Project Financing","IsDB OCR"
"Bangladesh","Bhola 220 MW Dual Fuel Combined Cycle Power Plant Project","The project will provide strong development impact in terms of enhancing the power generation capacity in Bangladesh.","39.572827","2017","Completed","Leasing","Project Financing","IsDB OCR"
"Oman","Quality and Competitiveness Improvement of the University of Nizwa Project","The objective of the project is to support the Governments' National Higher Education Strategy, which aims at producing qualified workforce with relevant skills to respond to the demand of the economy.","45.24","2017","Completed","Instalment Sale","Project Financing","IsDB OCR"
"Nigeria","LLF - Kano State Agro-Pastoral Development Project","The Kano State Agro-Pastoral Development Project (KSADP) aims to improve agro-pastoral production systems in Kano State by addressing low animal productivity and conflicts caused by transhumance. The project focuses on building sustainable, resilient systems that can withstand climate and market shocks, through investments in market institutions, infrastructure, and natural resource management. The development objective is to boost agricultural productivity and competitiveness by improving infrastructure, access to inputs, value addition, market access, extension services, and capacity building. Target beneficiaries include smallholder farmers involved in key value chains like fresh milk, beef, rice, maize, sorghum, cowpea, soybeans, groundnuts, cotton, and other key stakeholders.","59.4","2017","Active","Instalment Sale","Project Financing","IsDB OCR"
"Oman","Quality and Competitiveness Improvement of the University of Nizwa Project","The objective of the project is to support the Governments' National Higher Education Strategy, which aims at producing qualified workforce with relevant skills to respond to the demand of the economy.","65.13","2017","Completed","Leasing","Project Financing","IsDB OCR"
"Tunisia","Construction of Saida and kalaa Kibira Dams and Water Transfer Infrastructure Project","The objective of the project is to ensure water supply, quality, and security in Cap Bon, Sfax and Sahel for both potable and irrigation water for the next decades.","66.6315","2017","Active","Instalment Sale","Project Financing","IsDB OCR"
"Jordan","Emergency Health Project","The objective of the project to provide health services for uninsured Jordanians and Syrian refugees in the short term and create a more efficient health system to increase fiscal space in the medium to long term.","79","2017","Completed","Leasing","Project Financing","IsDB OCR"
"Oman","Infrastructure Development Project for the Expansion of Rusayl Industrial Estate","The objective of the project is to expand access to necessary infrastructure and support services for the high number of industries interested in establishing their facilities within the expansion areas of the Rusayl Industrial Estate and the development of Suwaiq Industrial City.","81.481038","2017","Completed","Leasing","Project Financing","IsDB OCR"
"Burkina Faso","50MW Power Plant of Kossodo in Ouagadougou","The objectives of the project are to contribute to the economic growth of the country by sustaining the access to electricity and to develop the technical capabilities of SONABEL.","92.534415","2017","Completed","Leasing","Project Financing","IsDB OCR"
"Uzbekistan","Construction of Modern Rural Housing Project (Phase-2) 2017","The objective of the project is to expand access to affordable and improved housing, equipped with associated basic infrastructure as well as social and market facilities, for the rural population in six (6) regions of Uzbekistan.","113","2017","Completed","Istisna'a","Project Financing","IsDB OCR"
"Senegal","Secondary Cities Modernization Program (PROMOVILLES)","The project aims to modernize Senegal's cities by providing them with quality infrastructures to improve populations' living environment of the populations.The specific objectives of the project are to: (i) enhance the access of urban populations to acceptable level of solid waste management services; (ii) improve mobility of populations by providing them with all-weather access to social services, (iii) protect the population against recurrent flooding by strengthening the storm water drainage system; (iv) enhance public safety and productivity of economic activities through installation of street lighting systems; and (v) improve the physical environment of regional cities and their livability through provision of appropriate public spaces and green landscaping.","139.534324","2017","Active","Instalment Sale","Project Financing","IsDB OCR"
"Mali","Sirakoro 100 MW Thermal  Power Plant","The objective of the project is to meet the electricity demand of the interconnected electricity grid of the country and mainly the capital city of Mali (Bamako) and surrounding areas.","163.306106","2017","Active","Leasing","Project Financing","IsDB OCR"
"Indonesia","Development of Trans South-South Java Road Project","The objective of the project is to promote sustainable economic growth and poverty reduction in Southern Java as a whole and the project areas in particular.","235","2017","Completed","Istisna'a","Project Financing","IsDB OCR"
"Turkmenistan","Telecommunication Network Enhancement Project","The over-arching objective of the Project is to modernize Turkmenistan’s infrastructure for mobile com¬munication, internet bandwidth, telecommunication network and enhanced radio spectrum in order to provide the country’s population with state-of-the-art digital services and to contribute to the economic growth of the country through developing the Turkmenistan telecommunication system. It includes installing technologies enablers into the network operators to offer users a wider range of more advanced services while achieving greater network capacity through improved spectral efficiency.","264.96","2017","Completed","Instalment Sale","Project Financing","IsDB OCR"
"Côte d'Ivoire","Cocody Bay Environmental Improvement and Urban Development Project","The project's fundamental objectives are to bring durable and sustainable solutions to the bay and its watershed pollution issues. It also aims to provide the population of Abidjan with a safe socio-economic environment where cultural, commercial and sport and leisure activities can take place in a quality ecosystem that has been restored in a coherent and inclusive framework. ","266.587804","2017","Completed","Instalment Sale","Project Financing","IsDB OCR"
"Senegal","Development of National Islamic Microfinance Program (PROMISE) [Part 1 of 6]","The objective of the project is to contribute to the socio-economic development of Senegal through financial inclusion of small and micro entrepreneurs, leading to greater jobs, greater economic activity, and improved livelihoods through focusing on the agricultural and services value chains that will broaden employment and income opportunities.","0.2996","2016","Active","Technical Assistance","Technical Assistance Operations","Other Funds"
"Niger","Construction of Kandadji Bypass Road","The objective of the project is to contribute to Niger's economic growth through enhancement of the transport infrastructure on the national road network.","1.889091","2016","Active","Leasing","Project Financing","IsDB OCR"
"Morocco","LLF-Inclusive Rural Growth Project","The goal of the project is to substantially reduce the number of households in the project site living below the poverty line in the TTH Region.","2.190632","2016","Active","Instalment Sale","Project Financing","Other Funds"
"Burkina Faso","Soum Agricultural Development Project","The overall development objective of the proposed project is to contribute to GoBF efforts of achieving food security and reducing poverty in the provinces of Boulkiemdé, Passoré and Sanguié with a population estimated around 166,000 inhabitants.","2.340807","2016","Completed","Loan","Project Financing","IsDB OCR"
"Niger","Kandadji-Niamey Transmission Line Project","The objective of the project is to improve the living conditions of the population and to support the economic growth of the Country thanks to a cheap and clean electricity supply and the revenues from the sales of the surplus of electricity.   The project will, by 2020, provide 600 GWh per annum of clean, renewable and low cost electricity to the Fleuve Region, the main consumption center of Niger.","3.04","2016","Active","Leasing","Project Financing","IsDB OCR"
"Morocco","LLF-Inclusive Rural Growth Project","The goal of the project is to substantially reduce the number of households in the project site living below the poverty line in the TTH Region.","4.004593","2016","Active","Loan","Project Financing","IsDB OCR"
"Tunisia","Sfax Integrated Agricultural Development Project","The objective of the project is to improve the livelihoods of the rural population in Hencha, Menzel & Bir Ali Ben Khelifa districts through prioritizing investments in rural infrastructure,  improving crop and livestock production and productivity, and  providing access to inclusive and empowered finance.","4.045732","2016","Active","Leasing","Project Financing","IsDB OCR"
"Djibouti","Establishment of the General Hospital for ""the National Fund for Social Security"" Project","The overall objective of this project is to support the Government of Djibouti's efforts in tackling the increasing burden of communicable and non-communicable diseases that impact the country's social wellbeing and economic productivity. To achieve this, the project aims to enhance access to and quality of specialized healthcare services by establishing General Hospital in Djibouti.","4.15","2016","Active","Leasing","Project Financing","IsDB OCR"
"Côte d'Ivoire","Abidjan Storm Water Drainage and Sanitation Project","The objective of the project is to help achieve a sustainable improvement in the provision of stormwater drainage and sanitation services in the city of Abidjan","4.180593","2016","Completed","Leasing","Project Financing","IsDB OCR"
"Togo","Rehabilitation of Avepozo-Aneho Road and Coastal Erosion Protection Project","The objective of the project is to rehabilitate the Avepozo - Aneho Road and construct Coastal Erosion Protection Infrastructure along approximately 45km east of Lomé the capital city of Togo.","4.385048","2016","Completed","Leasing","Project Financing","IsDB OCR"
"Cameroon","Livestock Markets and Infrastructures Development Project","The development objective is to enhance the livelihoods of the population of the Adamawa, North, and Far North regions of Cameroon through access to market and good production practices.Specifically, the project will increase livestock domestic and regional trade; improve Animal health; increase livestock production; provide Islamicmicrofinance to farmers and strengthen livestock market organizations.Keys measurable indicators to assess those objectives are as follows: (i) 16 markets for livestock transactions built; (ii) 16 veterinary clinics constructed; (iii) 16 livestock inspection stations built; (iv) at least 500 traders use market information system (­MIS); (v) 640 ha of land developed for forage; (vi) 150 ha of land developed for forage seed production; (vii) 39 boreholes equipped with solar energy systems developed; (viii) 15 ponds constructed; (ix) 48 km of access road built; (x) at least 5000 beneficiaries and partners trained (production and trading); and (xi) 2100 operators had access to Islamic finance.","4.72","2016","Completed","Leasing","Project Financing","IsDB OCR"
"Mali","Kabala Water Supply Project - Phase II","The objective of the project is to improve social living conditions in Bamako city (especially the most populous areas located around the right bank of Niger River) by meeting water demand up to the horizon of 2030 for the estimated 8.5 million inhabitants.","4.836623","2016","Active","Leasing","Project Financing","IsDB OCR"
"Cameroon","Livestock Markets and Infrastructures Development Project","The development objective is to enhance the livelihoods of the population of the Adamawa, North, and Far North regions of Cameroon through access to market and good production practices.Specifically, the project will increase livestock domestic and regional trade; improve Animal health; increase livestock production; provide Islamicmicrofinance to farmers and strengthen livestock market organizations.Keys measurable indicators to assess those objectives are as follows: (i) 16 markets for livestock transactions built; (ii) 16 veterinary clinics constructed; (iii) 16 livestock inspection stations built; (iv) at least 500 traders use market information system (­MIS); (v) 640 ha of land developed for forage; (vi) 150 ha of land developed for forage seed production; (vii) 39 boreholes equipped with solar energy systems developed; (viii) 15 ponds constructed; (ix) 48 km of access road built; (x) at least 5000 beneficiaries and partners trained (production and trading); and (xi) 2100 operators had access to Islamic finance.","4.983041","2016","Completed","Loan","Project Financing","IsDB OCR"
"Cameroon","Grassfield Participatory Integrated Rural Development Project (GP - DERUDEP)","The project overall goal is to contribute to reducing poverty in the rural areas in Cameroon. Project development objective is to increase the incomes of small rural farmers in the North-West Region by increasing agricultural output and improving their socio-economic environment.","5","2016","Completed","Loan","Project Financing","Other Funds"
"Kyrgyz Republic","Rural Water Supply and Sanitation Improvement Project","The objective of the project is to assist Government to (i) improve access and quality of water supply in target rural communities, (ii) improve sanitation services primarily in schools, and health centres in the selected villages and (iii) strengthen capacity of institutions in the water supply and sanitation sector.","5","2016","Completed","Loan","Project Financing","Other Funds"
"Cameroon","Grassfield Participatory Integrated Rural Development Project (GP - DERUDEP)","The project overall goal is to contribute to reducing poverty in the rural areas in Cameroon. Project development objective is to increase the incomes of small rural farmers in the North-West Region by increasing agricultural output and improving their socio-economic environment.","5.018768","2016","Completed","Loan","Project Financing","IsDB OCR"
"Cameroon","Integrated Rural Development Project of the District of Chari Logone (Phase 2)","The project objective is to contribute to poverty reduction of the population of the district of Chari Logone located in the extreme north region of Cameroon.","5.322706","2016","Active","Loan","Project Financing","IsDB OCR"
"Cameroon","National Blood Transfusion System Strengthening Project","To improve the health status of the population in Cameroon by strengthening the health system, especially the National Blood Transfusion system.","5.977594","2016","Active","Loan","Project Financing","IsDB OCR"
"Cameroon","National Blood Transfusion System Strengthening Project","To improve the health status of the population in Cameroon by strengthening the health system, especially the National Blood Transfusion system.","6.72","2016","Active","Istisna'a","Project Financing","IsDB OCR"
"Niger","Franco-Arabic Bilingual Education Support Project","The objective of the project is to support the Government’s efforts of providing inclusive universal basic and secondary education.","7.54976","2016","Active","Loan","Project Financing","IsDB OCR"
"Chad","Solar Energy for Rural Development","The objective of the project is to provide reliable and affordable electricity supply to the population of the targeted rural area located in the axis of Toukra – Mandelia, south of the capital city (N’Djamena).","7.649644","2016","Active","Loan","Project Financing","IsDB OCR"
"Burkina Faso","Soum Agricultural Development Project","The overall development objective of the proposed project is to contribute to GoBF efforts of achieving food security and reducing poverty in the provinces of Boulkiemdé, Passoré and Sanguié with a population estimated around 166,000 inhabitants.","8.062309","2016","Completed","Loan","Project Financing","IsDB OCR"
"Tunisia","Sfax Integrated Agricultural Development Project","The objective of the project is to improve the livelihoods of the rural population in Hencha, Menzel & Bir Ali Ben Khelifa districts through prioritizing investments in rural infrastructure,  improving crop and livestock production and productivity, and  providing access to inclusive and empowered finance.","9.435674","2016","Active","Loan","Project Financing","IsDB OCR"
"Guinea","Post-Ebola Heath Sector Support Project","The project will contribute to the achievement of the objectives of the National Health Development Plan (NHDP. 2015-2024) aiming at strengthening the health system and reducing mortality and morbidity related to communicable and non-communicable diseases including epidemics. Specifically the project will upgrade and develop the healthcare services to meet immediate needs and address the challenges related to epidemics and other major public health problems. The key expected results include: (i) 30 Health Centers and 1 National Center for Reproductive Health constructed and equipped: and (ii) 31 Health Personnel (Medical Doctors, Engineers, Technicians. etc.) trained (iii) 174 HC and 15 Hospitals equipped with Basic Neonatal and Obstetric Care and Comprehensive Obstetric and Neonatal Care Equipment, respectively.","9.738181","2016","Completed","Istisna'a","Project Financing","IsDB OCR"
"Senegal","Vocational Literacy Program for Poverty Reduction (VOLIP)- Phase 2","The objective of the project is to help reduce poverty, particularly among rural youth and women by (i) equipping them with relevant functional literacy competencies and basic practical skills and (iii) providing them access to microfinance schemes to enable them to improve their own development.","9.884052","2016","Active","Istisna'a","Project Financing","IsDB OCR"
"Burkina Faso","Expansion and Reinforcement of the Electricity Network Project","The project aims to increase the reserve capacity of the electricity transmission network for the supply of the targeted regions from 20 MW in 2016 to 100 MW by 2021 to meet the increasing demand of the selected regions .","9.932293","2016","Completed","Loan","Project Financing","IsDB OCR"
"Senegal","Development of National Islamic Microfinance Program (PROMISE) [Part 1 of 6]","The objective of the project is to contribute to the socio-economic development of Senegal through financial inclusion of small and micro entrepreneurs, leading to greater jobs, greater economic activity, and improved livelihoods through focusing on the agricultural and services value chains that will broaden employment and income opportunities.","9.996","2016","Active","Loan","Project Financing","IsDB OCR"
"Guinea","Post-Ebola Heath Sector Support Project","The project will contribute to the achievement of the objectives of the National Health Development Plan (NHDP. 2015-2024) aiming at strengthening the health system and reducing mortality and morbidity related to communicable and non-communicable diseases including epidemics. Specifically the project will upgrade and develop the healthcare services to meet immediate needs and address the challenges related to epidemics and other major public health problems. The key expected results include: (i) 30 Health Centers and 1 National Center for Reproductive Health constructed and equipped: and (ii) 31 Health Personnel (Medical Doctors, Engineers, Technicians. etc.) trained (iii) 174 HC and 15 Hospitals equipped with Basic Neonatal and Obstetric Care and Comprehensive Obstetric and Neonatal Care Equipment, respectively.","10","2016","Active","Loan","Project Financing","Other Funds"
"Senegal","Vocational Literacy Program for Poverty Reduction (VOLIP)- Phase 2","The objective of the project is to help reduce poverty, particularly among rural youth and women by (i) equipping them with relevant functional literacy competencies and basic practical skills and (iii) providing them access to microfinance schemes to enable them to improve their own development.","10","2016","Active","Loan","Project Financing","Other Funds"
"Kyrgyz Republic","Central Asia-South Asia Electricity Transmission and Trade Project (CASA-1000)","The objective of the project is to meet the electricity demand in Afghanistan and Pakistan through the establishment of cross border energy exchange among four member countries as part of regional economic integration.","11.549393","2016","Completed","Loan","Project Financing","IsDB OCR"
"Chad","Solar Energy for Rural Development","The objective of the project is to provide reliable and affordable electricity supply to the population of the targeted rural area located in the axis of Toukra – Mandelia, south of the capital city (N’Djamena).","12","2016","Active","Loan","Project Financing","Other Funds"
"Mali","Construction of the Kwala-Mourdiah-Nara Road","The objective of the project is to improve accessibility within the Northern Region of Koulikoro and to improve commercial exchange between Mali and Mauritania.","13.567271","2016","Active","Loan","Project Financing","IsDB OCR"
"Tunisia","Sfax Integrated Agricultural Development Project","The objective of the project is to improve the livelihoods of the rural population in Hencha, Menzel & Bir Ali Ben Khelifa districts through prioritizing investments in rural infrastructure,  improving crop and livestock production and productivity, and  providing access to inclusive and empowered finance.","13.657141","2016","Active","Istisna'a","Project Financing","IsDB OCR"
"Indonesia","The Development of Four Higher Education Institutions Project","The objective of the project is to  improve national competitiveness through innovation in Higher Education.","13.87","2016","Completed","Leasing","Project Financing","IsDB OCR"
"Bangladesh","Rangpur Division Agriculture and Rural Development Project","The project's aims is to increase agricultural production and productivity of rice, wheat and maize in Rangpur Division and improve rural infrastructure","13.989144","2016","Active","Loan","Project Financing","IsDB OCR"
"Senegal","Agricultural Entrepreneurship Development Project (PRODAC)","The objective of the project is to promote rural employment by developing production assets and agriculture and rural entrepreneurship skills of rural youth and farmers that will be associated directly and indirectly.","14.006357","2016","Active","Leasing","Project Financing","IsDB OCR"
"Niger","Franco-Arabic Bilingual Education Support Project","The objective of the project is to support the Government’s efforts of providing inclusive universal basic and secondary education.","14.344544","2016","Active","Loan","Project Financing","IsDB OCR"
"Guinea","Post-Ebola Heath Sector Support Project","The project will contribute to the achievement of the objectives of the National Health Development Plan (NHDP. 2015-2024) aiming at strengthening the health system and reducing mortality and morbidity related to communicable and non-communicable diseases including epidemics. Specifically the project will upgrade and develop the healthcare services to meet immediate needs and address the challenges related to epidemics and other major public health problems. The key expected results include: (i) 30 Health Centers and 1 National Center for Reproductive Health constructed and equipped: and (ii) 31 Health Personnel (Medical Doctors, Engineers, Technicians. etc.) trained (iii) 174 HC and 15 Hospitals equipped with Basic Neonatal and Obstetric Care and Comprehensive Obstetric and Neonatal Care Equipment, respectively.","14.982374","2016","Active","Loan","Project Financing","IsDB OCR"
"Kyrgyz Republic","Rural Water Supply and Sanitation Improvement Project","The objective of the project is to assist Government to (i) improve access and quality of water supply in target rural communities, (ii) improve sanitation services primarily in schools, and health centres in the selected villages and (iii) strengthen capacity of institutions in the water supply and sanitation sector.","15.04849","2016","Completed","Loan","Project Financing","IsDB OCR"
"Cameroon","National Blood Transfusion System Strengthening Project","To improve the health status of the population in Cameroon by strengthening the health system, especially the National Blood Transfusion system.","15.53","2016","Active","Instalment Sale","Project Financing","IsDB OCR"
"Guinea","Construction of two Regional Integration Roads Dabola-Kouroussa and Guekedou-Kissoudougou-Kondembradou","The objective of the project is to establish an efficient connection between Conakry and the neighbouring countries, but also to facilitate trade exchanges with Mali, Côte d’Ivoire, Sierra Leone and Liberia. The project will contribute to stimulate economic growth of the country and to the objectives of the government's Poverty Reduction Strategy Program. The project comprises two road sections, which are part of priority roads program of the Government: i) RN1 Dabola-Kouroussa section (151km) in Upper Guinea; ii) RN2 Kissidougou-Guékédou –Kondembadou (53 km) in Guinéea Forest region.","15.679552","2016","Completed","Leasing","Project Financing","IsDB OCR"
"Tajikistan","Central Asia-South Asia Electricity Transmission and Trade Project (CASA-1000)","The objective of the project is to meet the electricity demand in Afghanistan and Pakistan through the establishment of cross-border energy exchange among four member countries as part of regional economic integration. The exchange will be utilizing efficient, and environmentally friendly indigenous hydropower resources of Tajikistan and Kyrgyz Republic","15.758375","2016","Completed","Loan","Project Financing","IsDB OCR"
"Bangladesh","Rangpur Division Agriculture and Rural Development Project","The project's aims is to increase agricultural production and productivity of rice, wheat and maize in Rangpur Division and improve rural infrastructure","18.2","2016","Active","Istisna'a","Project Financing","IsDB OCR"
"Burkina Faso","Soum Agricultural Development Project","The overall development objective of the proposed project is to contribute to GoBF efforts of achieving food security and reducing poverty in the provinces of Boulkiemdé, Passoré and Sanguié with a population estimated around 166,000 inhabitants.","18.583831","2016","Completed","Istisna'a","Project Financing","IsDB OCR"
"Tajikistan","Construction of Kulyab-Khalaikumb Road, Sections A and F (Kulyab-Shurobad and Shkev-Kalaikhumb)","The objective of the project is to improve the living conditions of the population and to support the economic growth of the country by providing year-round, reliable and direct land transport service between the western part of Tajikistan, including the Capital Dushanbe, and the eastern Region of Gorno-Badakhshan","19.629375","2016","Completed","Loan","Project Financing","IsDB OCR"
"Niger","Franco-Arabic Bilingual Education Support Project","The objective of the project is to support the Government’s efforts of providing inclusive universal basic and secondary education.","21.66589","2016","Active","Istisna'a","Project Financing","IsDB OCR"
"Pakistan","The Triconboston 150MW Wind Power Project","The objective of the project is to primarily promote economic growth through increasing incremental supply of energy in response to a growing energy deficit in line with IsDB's MCPS for Pakistan.","22","2016","Completed","Leasing","Project Financing","Other Funds"
"Guinea","Post-Ebola Heath Sector Support Project","The project will contribute to the achievement of the objectives of the National Health Development Plan (NHDP. 2015-2024) aiming at strengthening the health system and reducing mortality and morbidity related to communicable and non-communicable diseases including epidemics. Specifically the project will upgrade and develop the healthcare services to meet immediate needs and address the challenges related to epidemics and other major public health problems. The key expected results include: (i) 30 Health Centers and 1 National Center for Reproductive Health constructed and equipped: and (ii) 31 Health Personnel (Medical Doctors, Engineers, Technicians. etc.) trained (iii) 174 HC and 15 Hospitals equipped with Basic Neonatal and Obstetric Care and Comprehensive Obstetric and Neonatal Care Equipment, respectively.","22.643798","2016","Active","Instalment Sale","Project Financing","IsDB OCR"
"Djibouti","Establishment of the General Hospital for ""the National Fund for Social Security"" Project","The overall objective of this project is to support the Government of Djibouti's efforts in tackling the increasing burden of communicable and non-communicable diseases that impact the country's social wellbeing and economic productivity. To achieve this, the project aims to enhance access to and quality of specialized healthcare services by establishing General Hospital in Djibouti.","23.913509","2016","Active","Loan","Project Financing","IsDB OCR"
"Cameroon","Integrated Rural Development Project of the District of Chari Logone (Phase 2)","The project objective is to contribute to poverty reduction of the population of the district of Chari Logone located in the extreme north region of Cameroon.","26.49","2016","Active","Istisna'a","Project Financing","IsDB OCR"
"Burkina Faso","Expansion and Reinforcement of the Electricity Network Project","The project aims to increase the reserve capacity of the electricity transmission network for the supply of the targeted regions from 20 MW in 2016 to 100 MW by 2021 to meet the increasing demand of the selected regions .","27","2016","Completed","Istisna'a","Project Financing","IsDB OCR"
"Niger","Construction of Kandadji Bypass Road","The objective of the project is to contribute to Niger's economic growth through enhancement of the transport infrastructure on the national road network.","28.291658","2016","Active","Istisna'a","Project Financing","IsDB OCR"
"Djibouti","Establishment of the General Hospital for ""the National Fund for Social Security"" Project","The overall objective of this project is to support the Government of Djibouti's efforts in tackling the increasing burden of communicable and non-communicable diseases that impact the country's social wellbeing and economic productivity. To achieve this, the project aims to enhance access to and quality of specialized healthcare services by establishing General Hospital in Djibouti.","30.86","2016","Active","Instalment Sale","Project Financing","IsDB OCR"
"Türkiye","Antalya Light Rail Project (Phase II) - Urban Transport Program","The project aims to meet the growing urban transport needs and help the country achieve its sustainable growth objectives and transport sector strategy","31.267632","2016","Completed","Instalment Sale","Project Financing","IsDB OCR"
"Mali","90 MW Kayes Thermal Power Plant Project","The project's main objective is to support Mali’s strategy to increase the electricity generation capacity to meet the growing demand.","33.534166","2016","Completed","Leasing","Project Financing","IsDB OCR"
"Cameroon","Grassfield Participatory Integrated Rural Development Project (GP - DERUDEP)","The project overall goal is to contribute to reducing poverty in the rural areas in Cameroon. Project development objective is to increase the incomes of small rural farmers in the North-West Region by increasing agricultural output and improving their socio-economic environment.","39.7","2016","Completed","Istisna'a","Project Financing","IsDB OCR"
"Mali","Kabala Water Supply Project - Phase II","The objective of the project is to improve social living conditions in Bamako city (especially the most populous areas located around the right bank of Niger River) by meeting water demand up to the horizon of 2030 for the estimated 8.5 million inhabitants.","40.492661","2016","Active","Istisna'a","Project Financing","IsDB OCR"
"Pakistan","The Triconboston 150MW Wind Power Project","The objective of the project is to primarily promote economic growth through increasing incremental supply of energy in response to a growing energy deficit in line with IsDB's MCPS for Pakistan.","44","2016","Completed","Leasing","Project Financing","IsDB OCR"
"Senegal","Agricultural Entrepreneurship Development Project (PRODAC)","The objective of the project is to promote rural employment by developing production assets and agriculture and rural entrepreneurship skills of rural youth and farmers that will be associated directly and indirectly.","64.741495","2016","Active","Istisna'a","Project Financing","IsDB OCR"
"Türkiye","Manisa Training and Research Hospital Project","The project's aim is to provide better and more effective healthcare services to the population, capitalizing on the private sector’s investment capabilities and experience in healthcare service design and management.","67.270981","2016","Completed","Istisna'a","Project Financing","IsDB OCR"
"Türkiye","GAZIRAY SUBURBAN LINE AND LIGHT RAIL TRANSIT PROJECT - Urban Transport Program","The objective is to facilitate the development of urban railway transportation facilities to support the socioeconomic development and to improve regional connectivity by providing time efficient and cost effective, modern and environment friendly rail urban transportation system.","70.125447","2016","Active","Instalment Sale","Project Financing","IsDB OCR"
"Mali","Construction of the Kwala-Mourdiah-Nara Road","The objective of the project is to improve accessibility within the Northern Region of Koulikoro and to improve commercial exchange between Mali and Mauritania.","78.175569","2016","Active","Istisna'a","Project Financing","IsDB OCR"
"Niger","Kandadji-Niamey Transmission Line Project","The objective of the project is to improve the living conditions of the population and to support the economic growth of the Country thanks to a cheap and clean electricity supply and the revenues from the sales of the surplus of electricity.   The project will, by 2020, provide 600 GWh per annum of clean, renewable and low cost electricity to the Fleuve Region, the main consumption center of Niger.","80.76","2016","Active","Istisna'a","Project Financing","IsDB OCR"
"Morocco","LLF-Inclusive Rural Growth Project","The goal of the project is to substantially reduce the number of households in the project site living below the poverty line in the TTH Region.","80.802","2016","Active","Instalment Sale","Project Financing","IsDB OCR"
"Bangladesh","400 MW Ashuganj East Power Plant Efficiency Improvement","The project aims at satisfying the increasing demand of electricity through improving the efficiency of the generation system by replacing old and inefficient power plant units at Ashuganj power plant complex by a modern and efficient 400 MW CCPP.","85","2016","Completed","Leasing","Project Financing","IsDB OCR"
"Côte d'Ivoire","Abidjan Storm Water Drainage and Sanitation Project","The objective of the project is to help achieve a sustainable improvement in the provision of stormwater drainage and sanitation services in the city of Abidjan","85.75804","2016","Completed","Istisna'a","Project Financing","IsDB OCR"
"Togo","Rehabilitation of Avepozo-Aneho Road and Coastal Erosion Protection Project","The objective of the project is to rehabilitate the Avepozo - Aneho Road and construct Coastal Erosion Protection Infrastructure along approximately 45km east of Lomé the capital city of Togo.","87.080049","2016","Completed","Istisna'a","Project Financing","IsDB OCR"
"Morocco","Tangier - Casablanca High Speed Rail Line Project (Construction of Railway Stations)","The objective of the project is to improve the living conditions of the population and to support the economic growth of the country by providing efficient and competitive modes of transport and improving the quality of service in addition to the fight against the economy annuity.","101.5","2016","Completed","Istisna'a","Project Financing","IsDB OCR"
"Iran","Gharehsoo-Zaringol Irrigation Network Project","The objective of the project is to supplement Government’s efforts for water resources management using Integrated Water Resources Management at the river basin level in the Western region.","103.706203","2016","Active","Istisna'a","Project Financing","IsDB OCR"
"Oman","Rescoped Flood Protection Dams Project","The objective of the project is to achieve high level of flood risk control for the capital city of Muscat.","104","2016","Active","Instalment Sale","Project Financing","IsDB OCR"
"Saudi Arabia","Fadhili Combined Heat and Power Project (FCHPP)","The objective of the project is to diversify of the fuel mix for power generation and enhance utilization of the vast natural gas resources of the Kingdom and contribute towards achievement of Vision 2030.","105","2016","Completed","Leasing","Project Financing","IsDB OCR"
"U.A.E.","DEWA 800MW Photovoltaic Solar Power Plant – Phase III","The project's objective is to support the economic growth of Dubai and the commercial conditions of the different businesses and industries operating in Dubai through the addition of 800MWac of clean and sustainable electricity generation capacity to the grid","110","2016","Completed","Leasing","Project Financing","IsDB OCR"
"Indonesia","The Development of Four Higher Education Institutions Project","The objective of the project is to  improve national competitiveness through innovation in Higher Education.","162.63","2016","Completed","Istisna'a","Project Financing","IsDB OCR"
"Guinea","Construction of two Regional Integration Roads Dabola-Kouroussa and Guekedou-Kissoudougou-Kondembradou","The objective of the project is to establish an efficient connection between Conakry and the neighbouring countries, but also to facilitate trade exchanges with Mali, Côte d’Ivoire, Sierra Leone and Liberia. The project will contribute to stimulate economic growth of the country and to the objectives of the government's Poverty Reduction Strategy Program. The project comprises two road sections, which are part of priority roads program of the Government: i) RN1 Dabola-Kouroussa section (151km) in Upper Guinea; ii) RN2 Kissidougou-Guékédou –Kondembadou (53 km) in Guinéea Forest region.","192.022244","2016","Completed","Istisna'a","Project Financing","IsDB OCR"
"Oman","Flood Protection Dams Project","The project aims to achieve a high level of flood risk control for the city of Muscat.  It will improve and secure the urban developing areas of Muscat downstream the flood protection dams and improve the groundwater recharge.","244.72","2016","Active","Istisna'a","Project Financing","IsDB OCR"
"Indonesia","Power Grid Enhancement Project","The objective of the project is to respond the increasing demand for electricity through expanding the capacity of power transmission infrastructure in Java-Bali, Sumatra, Kalimantan and Sulawesi.","330","2016","Completed","Instalment Sale","Project Financing","IsDB OCR"
"Senegal","Regional Express Train (Dakar City Center to AIBD Airport)","The objective of the project is to stimulate the economic growth of the country by increasing mode choice through providing sustainable transport solutions and improving efficiency in the transport sector and thereby promote urban development outside the congested areas of Dakar City centre.","335.341657","2016","Completed","Istisna'a","Project Financing","IsDB OCR"
"Türkiye","10 High-Speed Train Sets","The objective of the project is to accelerate the socio-economic development of Turkey by providing a cost effective, modern and environmental friendly high-speed railway facility for long distance traveling.","337.987889","2016","Completed","Istisna'a","Project Financing","IsDB OCR"
"Oman","Sohar to Ibri Water Supply Project","The objective of the project  is to provide sustainable supply of potable water to the main towns and villages within the Ad Dhahirah region from the new 250 Ml/day desalination plant, and thereby, ensure safe health and environmental conditions in the targeted areas, where the population is expected to reach 502,000 by the year 2035. ","350","2016","Completed","Leasing","Project Financing","IsDB OCR"
"Turkmenistan","TAPI Gas Pipeline Project (including Phase -1 of USD 350 million for 2018 and Phase -2 of USD 350 million for 2020)","The objective of the project is to enhance the sub-regional economic cooperation among Turkmenistan, Afghanistan, Pakistan and India based on the needs of the market economy through expanding the use of natural gas resources.","350","2016","Completed","Instalment Sale","Project Financing","IsDB OCR"
"Togo","Mango - Dapaong Transmission Line and Distribution Network Project","The objective of the project is to improve the living conditions of the rural population pursuant to Togo’s national development plan and the construction of distribution networks in the project area.","1","2015","Completed","Leasing","Project Financing","IsDB OCR"
"Tajikistan","Central Asia-South Asia Electricity Transmission and Trade Project (CASA-1000)","The objective of the project is to meet the electricity demand in Afghanistan and Pakistan through the establishment of cross-border energy exchange among four member countries as part of regional economic integration. The exchange will be utilizing efficient, and environmentally friendly indigenous hydropower resources of Tajikistan and Kyrgyz Republic","1.116288","2015","Completed","Loan","Project Financing","IsDB OCR"
"Cameroon","Mont Mbappit Rural Development Project (Phase II)","The project overall goal is to improve living conditions of the rural population of the Noun Division by enhancing agriculture production, productivity and value addition.","2","2015","Completed","Loan","Project Financing","Other Funds"
"Guinea","Rehabilitation and Expansion of the Conakry Electricity Distrbution Network (Phase II)","The objective of the project is to  improve the reliability of the network and the financial and technical performance of the electricity company EDG through increasing the grid efficiency, the collection rate and expanding access to electricity in Conakry.","2.53","2015","Completed","Leasing","Project Financing","IsDB OCR"
"Côte d'Ivoire","Establishment of the Vocational Training School for Agriculture, Livestock and Fisheries in Zouan Hounien","The project aims at constructing Agriculture Vocational Training School and providing equipment and stationaries to improve the educational standards","2.569085","2015","Active","Leasing","Project Financing","IsDB OCR"
"Benin","Upgrading of Beterou-Tchaourou-Nigeria Border Road Project","The main objectives of the project are to provide accessibility to the Borgou Province and boost commercial exchange between Benin, Togo, Burkina Faso and Nigeria. It will improve accessibility to markets in the project zone and ensure easier movement of people and goods under improved safety conditions","2.908381","2015","Completed","Leasing","Project Financing","IsDB OCR"
"Mauritania","Waqf Commercial and Office Complex in Nouakchott for the Islamic University of Al Aioun","The objective of the project is to Construct a Waqf Commercial and Office Complex in Nouakchott for the Islamic University of Al Aioun","3","2015","Completed","Leasing","Project Financing","Other Funds"
"Kyrgyz Republic","Sarymsak Irrigation Scheme Development Project","The objective of the project is to improve living conditions of the rural communities, alleviate poverty, contribute to the national food security and enable regional economic development.","3","2015","Completed","Loan","Project Financing","Other Funds"
"Mali","Animal Resources Development Project in Western Sahel","The objective of the project is to contribute to the economic development through sustainable increased production and productivity in livestock, aquaculture, and poultry value chains.","3.259552","2015","Completed","Loan","Project Financing","IsDB OCR"
"Burkina Faso","Pensa-Liptougou Agricultural Developement Project","The objective of the project is to reduce poverty and food insecurity among rural households by increasing agricultural production, productivity and marketing in the regions of Pensa and Liptougou","3.29","2015","Completed","Leasing","Project Financing","IsDB OCR"
"Senegal","Rural Electrification Project","The project aims at supporting the Government’s efforts towards the eradication of extreme poverty, particularly in rural areas, through supplying electricity.  It includes construction of hybrid solar/diesel power stations, hybridization of the existing power plants, construction of local grid with medium and low voltage networks and aerial transformers, supplying and installing autonomous solar street lamps.","4","2015","Active","Loan","Project Financing","Other Funds"
"Cameroon","Rural Water Supply and Sanitation Project","The project aims at enhancing access to potable water in 60 rural villages and improving sanitation through construction of 60 water supply stations","4","2015","Completed","Leasing","Project Financing","IsDB OCR"
"Bangladesh","Urban Water Supply and Sanitation in 23 Pourashava Project","The project aims at improving access and quality of water supply and sanitation facilities across 23 pourashava in Bangladesh to minimize the health and environmental hazards in the targeted areas, with a current population of 1,000,000.","4.342953","2015","Active","Loan","Project Financing","IsDB OCR"
"Suriname","Secondary and Technical Education Support Project","The objective of the project is to increase equity in access to secondary and technical education with an enhancement of quality of education.","4.42","2015","Completed","Leasing","Project Financing","IsDB OCR"
"Senegal","Dakar Water Supply Expansion Project (KMS3)","The overall objective of the proposed project is to improve social living conditions in Dakar, Louga, Kebemer, Tivavouane and Thies cities by satisfying water demand in a sustainable way until the horizon of 2025.","4.599065","2015","Active","Leasing","Project Financing","IsDB OCR"
"Côte d'Ivoire","Center-West Region Roads project","The objective of the project is to stimulate economic growth of the country and contribute indirectly to the objectives of the government's Poverty Reduction Strategy Program. The project would contribute to the economic and social development of the center-west region and increase the competitiveness of the Ivoirian economy in the West African sub-region. On the international level, the project would contribute to promoting regional integration between Cote d’Ivoire, Guinea, Liberia and Sierra Leone.","4.66765","2015","Active","Leasing","Project Financing","IsDB OCR"
"Cameroon","Support to Maternal, Newborn and Child Health Project","The project aims at contributing to reducing the maternal, neonatal and infant mortality in Cameroon through by improving quality of MNCH services in 34 health districts and by promoting MNCH services.","5.001401","2015","Completed","Loan","Project Financing","IsDB OCR"
"Burkina Faso","Pensa-Liptougou Agricultural Developement Project","The objective of the project is to reduce poverty and food insecurity among rural households by increasing agricultural production, productivity and marketing in the regions of Pensa and Liptougou","5.02942","2015","Completed","Loan","Project Financing","IsDB OCR"
"Bangladesh","Urban Water Supply and Sanitation in 23 Pourashava Project","The project aims at improving access and quality of water supply and sanitation facilities across 23 pourashava in Bangladesh to minimize the health and environmental hazards in the targeted areas, with a current population of 1,000,000.","5.743906","2015","Active","Loan","Project Financing","IsDB OCR"
"Côte d'Ivoire","Expanding Girls' Access to Secondary Education Project","The project aims at increasing girls’ enrolment and completion rates in the secondary education and improving the internal efficiency of the education system through improving the institutional capacity and governance.","6.501222","2015","Active","Leasing","Project Financing","IsDB OCR"
"Mali","Animal Resources Development Project in Western Sahel","The objective of the project is to contribute to the economic development through sustainable increased production and productivity in livestock, aquaculture, and poultry value chains.","6.630542","2015","Active","Loan","Project Financing","IsDB OCR"
"Chad","Natural Resources Management Project","The objective of the project is to sustain food security and alleviate poverty through preservation of the natural resources with focus on the development of the agricultural productions in the Southern region.","6.9","2015","Completed","Istisna'a","Project Financing","IsDB OCR"
"Suriname","Secondary and Technical Education Support Project","The objective of the project is to increase equity in access to secondary and technical education with an enhancement of quality of education.","7.21","2015","Completed","Instalment Sale","Project Financing","IsDB OCR"
"Mauritania","Waqf Commercial and Office Complex in Nouakchott for the Islamic University of Al Aioun","The objective of the project is to Construct a Waqf Commercial and Office Complex in Nouakchott for the Islamic University of Al Aioun","7.74","2015","Completed","Leasing","Project Financing","IsDB OCR"
"Senegal","Support to Yellow Fever Vaccine Production Project","The objective of the project is to contribute to improving the health status of the population by ensuring universal access to quality preventive healthcare services in Senegal and other African Countries.","8.14571","2015","Active","Instalment Sale","Project Financing","IsDB OCR"
"Côte d'Ivoire","Production and Processing of Certified Rice Seed","The aim of the project is to contribute towards enhancement of food security by increasing production and productivity of rice, the key staple crop in Cote d’Ivoire. This will be achieved by increasing the national production capacity for certified rice seeds and gradually expanding rice production areas.","8.374048","2015","Active","Loan","Project Financing","IsDB OCR"
"Bangladesh","Support to Development of Technical Teacher Training Institute Project","The project aims at increasing skilled human resources to respond to the demand of the economy by contributing to enhancing the technical teacher skills through the development of technical teacher training institute.","8.422793","2015","Completed","Loan","Project Financing","IsDB OCR"
"Benin","Rural Irrigated Perimeters Development Project","The overall objective of the project is to help improve food security and alleviate rural poverty by developing small-irrigated perimeters to increase the production and productivity of cereals, vegetables and other food crops.","9.284392","2015","Completed","Loan","Project Financing","IsDB OCR"
"Pakistan","Polio Eradication Program Phase II","The objective of the project is to stop Wild Poliovirus  circulation in Pakistan, by 2020 and maintaining ‘Polio Free’ status for subsequent three years","10","2015","Completed","Loan","Project Financing","Other Funds"
"Senegal","Support to Yellow Fever Vaccine Production Project","The objective of the project is to contribute to improving the health status of the population by ensuring universal access to quality preventive healthcare services in Senegal and other African Countries.","10","2015","Active","Loan","Project Financing","Other Funds"
"Benin","Rural Irrigated Perimeters Development Project","The overall objective of the project is to help improve food security and alleviate rural poverty by developing small-irrigated perimeters to increase the production and productivity of cereals, vegetables and other food crops.","10","2015","Completed","Istisna'a","Project Financing","IsDB OCR"
"Cameroon","Mont Mbappit Rural Development Project (Phase II)","The project overall goal is to improve living conditions of the rural population of the Noun Division by enhancing agriculture production, productivity and value addition.","10.07652","2015","Completed","Loan","Project Financing","IsDB OCR"
"Kyrgyz Republic","Sarymsak Irrigation Scheme Development Project","The objective of the project is to improve living conditions of the rural communities, alleviate poverty, contribute to the national food security and enable regional economic development.","10.196548","2015","Completed","Loan","Project Financing","IsDB OCR"
"Cameroon","Support to Maternal, Newborn and Child Health Project","The project aims at contributing to reducing the maternal, neonatal and infant mortality in Cameroon through by improving quality of MNCH services in 34 health districts and by promoting MNCH services.","10.76","2015","Completed","Instalment Sale","Project Financing","IsDB OCR"
"Burkina Faso","Pensa-Liptougou Agricultural Developement Project","The objective of the project is to reduce poverty and food insecurity among rural households by increasing agricultural production, productivity and marketing in the regions of Pensa and Liptougou","11.03","2015","Completed","Istisna'a","Project Financing","IsDB OCR"
"Côte d'Ivoire","Establishment of the Vocational Training School for Agriculture, Livestock and Fisheries in Zouan Hounien","The project aims at constructing Agriculture Vocational Training School and providing equipment and stationaries to improve the educational standards","11.473052","2015","Active","Istisna'a","Project Financing","IsDB OCR"
"Kyrgyz Republic","Central Asia-South Asia Electricity Transmission and Trade Project (CASA-1000)","The objective of the project is to meet the electricity demand in Afghanistan and Pakistan through the establishment of cross border energy exchange among four member countries as part of regional economic integration.","11.549393","2015","Completed","Loan","Project Financing","IsDB OCR"
"Mali","Animal Resources Development Project in Western Sahel","The objective of the project is to contribute to the economic development through sustainable increased production and productivity in livestock, aquaculture, and poultry value chains.","11.769485","2015","Active","Istisna'a","Project Financing","IsDB OCR"
"Cameroon","Support to Maternal, Newborn and Child Health Project","The project aims at contributing to reducing the maternal, neonatal and infant mortality in Cameroon through by improving quality of MNCH services in 34 health districts and by promoting MNCH services.","12","2015","Completed","Loan","Project Financing","Other Funds"
"Kyrgyz Republic","Reconstruction of The North-South Alternative Highway Project (Balyktchy T – Jalal-Abad T)","The objective of project is to link the Northern and Southern regions of the Country by constructing a highway of 412 km.","12.262802","2015","Completed","Loan","Project Financing","IsDB OCR"
"Kazakhstan","Rehabilitation of Irrigation and Drainage","The development objective of the project is to enhance agriculture productivity and production and increase farmers' income and welfare of the rural community by improving water use efficiency and timely water delivery, improving soil fertility, maintaining the ground water table and reducing the salinity.","12.97","2015","Active","Leasing","Project Financing","IsDB OCR"
"Côte d'Ivoire","Production and Processing of Certified Rice Seed","The aim of the project is to contribute towards enhancement of food security by increasing production and productivity of rice, the key staple crop in Cote d’Ivoire. This will be achieved by increasing the national production capacity for certified rice seeds and gradually expanding rice production areas.","13.871375","2015","Active","Istisna'a","Project Financing","IsDB OCR"
"Burkina Faso","Expansion of Students Hostels for the University of Bobo-Dioulasso Project (Phase II)","The project aims at increasing the capacity of the University of Bobo Dioulasso by providing better living conditions to the students as well as improving their academic performance through enhanced learning condition","13.986337","2015","Completed","Istisna'a","Project Financing","IsDB OCR"
"Chad","Natural Resources Management Project","The objective of the project is to sustain food security and alleviate poverty through preservation of the natural resources with focus on the development of the agricultural productions in the Southern region.","14.62346","2015","Completed","Loan","Project Financing","IsDB OCR"
"Tajikistan","Central Asia-South Asia Electricity Transmission and Trade Project (CASA-1000)","The objective of the project is to meet the electricity demand in Afghanistan and Pakistan through the establishment of cross-border energy exchange among four member countries as part of regional economic integration. The exchange will be utilizing efficient, and environmentally friendly indigenous hydropower resources of Tajikistan and Kyrgyz Republic","15.673515","2015","Completed","Loan","Project Financing","IsDB OCR"
"Djibouti","Regional Submarine Telecommunications Project","The objective of the project is to contribute to socioeconomic development of Djibouti by providing efficient and reliable Information and Communication Technology Services.","16.844185","2015","Completed","Istisna'a","Project Financing","IsDB OCR"
"Togo","Mango - Dapaong Transmission Line and Distribution Network Project","The objective of the project is to improve the living conditions of the rural population pursuant to Togo’s national development plan and the construction of distribution networks in the project area.","18","2015","Active","Istisna'a","Project Financing","IsDB OCR"
"Cameroon","Mont Mbappit Rural Development Project (Phase II)","The project overall goal is to improve living conditions of the rural population of the Noun Division by enhancing agriculture production, productivity and value addition.","18.52","2015","Completed","Istisna'a","Project Financing","IsDB OCR"
"Suriname","Secondary and Technical Education Support Project","The objective of the project is to increase equity in access to secondary and technical education with an enhancement of quality of education.","19.17","2015","Completed","Istisna'a","Project Financing","IsDB OCR"
"Lebanon","Construction of Bir El Hith - Qartaba Road (Phase III)","The project aims to improve road services and ensuring easy and safe access to villages and farms in the Bir Al Hith  Qartaba area.","20.7","2015","Completed","Istisna'a","Project Financing","IsDB OCR"
"Senegal","Rural Electrification Project","The project aims at supporting the Government’s efforts towards the eradication of extreme poverty, particularly in rural areas, through supplying electricity.  It includes construction of hybrid solar/diesel power stations, hybridization of the existing power plants, construction of local grid with medium and low voltage networks and aerial transformers, supplying and installing autonomous solar street lamps.","23.5","2015","Active","Istisna'a","Project Financing","IsDB OCR"
"Burkina Faso","Ouagadougou Suburban Areas Development Project","The project will contribute to a sustainable improvement in the standards of living, health and hygiene conditions of the Ouagadougou suburban population, and particularly for the urban poor.","28.966146","2015","Completed","Istisna'a","Project Financing","IsDB OCR"
"Türkiye","Line of Financing (RM 3) for Manufacturers and Importers of Turkish Equipment Financed through Turk Eximbank","The objective of the project is to provide a Line of Finance to the Turk EXIM Bank  to finance infrastructure and industrial projects in IDB member countries.","31.554","2015","Completed","Mudaraba","Project Financing","IsDB OCR"
"Pakistan","Central Asia South Asia Electricity Transmission and Trade Project (CASA-1000)","The objective of the project is to meet the electricity demand in Afghanistan and Pakistan through the establishment of cross-border energy exchange among four member countries as part of regional economic integration.","35","2015","Completed","Leasing","Project Financing","IsDB OCR"
"Pakistan","Polio Eradication Program Phase II","The objective of the project is to stop Wild Poliovirus  circulation in Pakistan, by 2020 and maintaining ‘Polio Free’ status for subsequent three years","43","2015","Completed","Instalment Sale","Project Financing","IsDB OCR"
"Senegal","OMVG High Voltage Electricity Interconnection Project","The objective of the project is to contribute towards satisfying the increasing demand for electricity in the region by supplying an additional 1,348 GWh per annum (946 GWh from Kaleta HEPP (in Guinea) and 402 GWh from Sambangalou Hydro Electric Power Plant or about 12% of their electrical energy needs in 2020.","46.555943","2015","Completed","Istisna'a","Project Financing","IsDB OCR"
"Pakistan","Polio Eradication Program Phase II","The objective of the project is to stop Wild Poliovirus  circulation in Pakistan, by 2020 and maintaining ‘Polio Free’ status for subsequent three years","47","2015","Completed","Instalment Sale","Project Financing","IsDB OCR"
"Côte d'Ivoire","Expanding Girls' Access to Secondary Education Project","The project aims at increasing girls’ enrolment and completion rates in the secondary education and improving the internal efficiency of the education system through improving the institutional capacity and governance.","48.960925","2015","Active","Istisna'a","Project Financing","IsDB OCR"
"Guinea","Rehabilitation and Expansion of the Conakry Electricity Distrbution Network (Phase II)","The objective of the project is to  improve the reliability of the network and the financial and technical performance of the electricity company EDG through increasing the grid efficiency, the collection rate and expanding access to electricity in Conakry.","53.47","2015","Completed","Istisna'a","Project Financing","IsDB OCR"
"Türkiye","Konya PPP Hospital Project","The project aims to increase the capacity of health facilities in Konya Hospital","54.319047","2015","Completed","Istisna'a","Project Financing","IsDB OCR"
"Uzbekistan","Reconstruction and expansion of sewerage systems of in the three cities of Gulistan, Shirin, and Yangier of Syrdarya region","The objective of the project is to improve the coverage and quality of sewerage systems in the three cities of Gulistan, Shirin and Yangiyer in the Syrdarya Region in order to minimize the health and environmental hazards in the targeted area, for an approximate population of 140,000.","57.5","2015","Completed","Istisna'a","Project Financing","IsDB OCR"
"Guinea","OMVG High Voltage Electricity Interconnection Project","The objective of the project is to contribute towards satisfying the increasing demand for electricity in the region by supplying an additional 1,348 GWh per annum (946 GWh from Kaleta HEPP (in Guinea) and 402 GWh from Sambangalou Hydro Electric Power Plant or about 12% of their electrical energy needs in 2020.","58.465603","2015","Completed","Istisna'a","Project Financing","IsDB OCR"
"Türkiye","Line of Financing (RM 2) for Manufacturers and Importers of Turkish Equipment Financed through Turk Eximbank","The objective of the project is to provide a Line of Finance to the Turk EXIM Bank  to finance infrastructure and industrial projects in IDB member countries.","69.1","2015","Completed","Mudaraba","Project Financing","IsDB OCR"
"Uganda","Grid Rural Electrification Project","The objective of the project is to promote sustainable economic growth and improve living standards of the population in the rural areas of Western, Eastern, Central and Northern regions of Uganda by providing access to electricity.","70.73","2015","Completed","Istisna'a","Project Financing","IsDB OCR"
"Benin","Upgrading of Beterou-Tchaourou-Nigeria Border Road Project","The main objectives of the project are to provide accessibility to the Borgou Province and boost commercial exchange between Benin, Togo, Burkina Faso and Nigeria. It will improve accessibility to markets in the project zone and ensure easier movement of people and goods under improved safety conditions","70.885071","2015","Completed","Istisna'a","Project Financing","IsDB OCR"
"Bangladesh","Urban Water Supply and Sanitation in 23 Pourashava Project","The project aims at improving access and quality of water supply and sanitation facilities across 23 pourashava in Bangladesh to minimize the health and environmental hazards in the targeted areas, with a current population of 1,000,000.","79.3","2015","Active","Istisna'a","Project Financing","IsDB OCR"
"Côte d'Ivoire","Center-West Region Roads project","The objective of the project is to stimulate economic growth of the country and contribute indirectly to the objectives of the government's Poverty Reduction Strategy Program. The project would contribute to the economic and social development of the center-west region and increase the competitiveness of the Ivoirian economy in the West African sub-region. On the international level, the project would contribute to promoting regional integration between Cote d’Ivoire, Guinea, Liberia and Sierra Leone.","85.9716","2015","Active","Istisna'a","Project Financing","IsDB OCR"
"Senegal","Reconstruction of Regional Roads (Ndioum Thilogne and Diallocotto Mako)","The project objecitve is to provide accessibility to the eastern and southern regions of Senegal and enhance socio-economic life of the region through making better use of the agricultural potential by reducing transport cost and enabling people to have easier access to schools and healthcare facilities.","106.649435","2015","Completed","Istisna'a","Project Financing","IsDB OCR"
"Kazakhstan","Rehabilitation of Irrigation and Drainage","The development objective of the project is to enhance agriculture productivity and production and increase farmers' income and welfare of the rural community by improving water use efficiency and timely water delivery, improving soil fertility, maintaining the ground water table and reducing the salinity.","130.03","2015","Active","Istisna'a","Project Financing","IsDB OCR"
"Côte d'Ivoire","Construction of Yamossokro-Bouake Highway Project (Yamoussoukro-Tiebissou Section)","The aim of the project is to contribute to Cote d’Ivoire’s economic growth through quantitative and qualitative enhancement of the transport infrastructure on the national road network.","136.395686","2015","Completed","Istisna'a","Project Financing","IsDB OCR"
"Senegal","Dakar Water Supply Expansion Project (KMS3)","The overall objective of the proposed project is to improve social living conditions in Dakar, Louga, Kebemer, Tivavouane and Thies cities by satisfying water demand in a sustainable way until the horizon of 2025.","145.224782","2015","Active","Istisna'a","Project Financing","IsDB OCR"
"Mozambique","Chimuara-Nacala Power Transmission Project","The project will support the country's economic development by strengthening the transmission infrastructure to facilitate the efficient and reliable transmission of new generation capacity envisioned to be developed in the Tete region. The overarching development objective is to support enhanced economic growth through increased access to reliable supply of electricity (and increase the electrification rate from 26% in 2014 to 45% by 2025 in the project area).The specific objective is to enhance the transmission capability of the country’s power grid to absorb incremental power generated from new power plants. The outcome of the project is the evacuation of additional energy produced by 479 MW of new power plants currently planned for development in Tete Province.","172.05","2015","Completed","Leasing","Project Financing","IsDB OCR"
"Cameroon","Batchenga-Ntui-Yoko-Tibati-N'gaoundere Corridor Phase I (Construction of Lena-Tibati Road Section)","The project objective is to contribute to the Cameroon’s economic growth through quantitative and qualitative enhancement of the transport infrastructure on the national road network.","181.37782","2015","Completed","Istisna'a","Project Financing","IsDB OCR"
"Tunisia","Mornaguia Gas Turbine Power Plant Project","The objective of the project is to promote economic growth and improving the living standards of the population through satisfying the increasing demand for electricity.","200","2015","Completed","Instalment Sale","Project Financing","IsDB OCR"
"Oman","Dualization of Ibra-Alkami Road","The objective of the project is to reduce travel time between Ibra to Al Kamil, increase mobility and safety, and provide opportunities for economic development in the region. ","225","2015","Completed","Istisna'a","Project Financing","IsDB OCR"
"Türkiye","Line of Financing (RM 1) for Manufacturers and Importers of Turkish Equipment Financed through Turk Eximbank","The objective of the project is to provide a Line of Finance to the Turk EXIM Bank  to finance infrastructure and industrial projects in IDB member countries.","270","2015","Completed","Mudaraba","Project Financing","IsDB OCR"
"Türkiye","General Directorate of Foundations","The objective of the project is to augment the Government of Turkey’s support for the growth of Islamic banking in Turkey by providing financial resources to the GDF to spearhead the launch of a new Government sponsored Islamic bank.","300","2015","Completed","Mudaraba","Project Financing","IsDB OCR"
"Nigeria","Bilingual Education Project for Adamawa, Borno, Gombe, Kaduna, Kano, Kwara, Nasawara, Niger and Osun States","Contribute to the improvement of the socio-economic conditions in Nigeria while promoting bilingual education by providing basic education opportunities for Almajiri children.","1.00131","2014","Active","Technical Assistance","Technical Assistance Operations","Other Funds"
"Saudi Arabia","RESI & COMM. WAQF FOR PAC, KSA","RESI & COMM. WAQF FOR PAC, KSA","2.3","2014","Completed","Leasing","Project Financing","Other Funds"
"Saudi Arabia","RESI & COMM. WAQF FOR PAC, KSA","RESI & COMM. WAQF FOR PAC, KSA","2.4","2014","Completed","Leasing","Project Financing","IsDB OCR"
"Bangladesh","Rural Access Road Improvement in Sylhet Division Project","The project aims to contribute to the Government’s effort to reduce poverty by improving rural accessibility and strengthening market management infrastructure for the rural population in the Sylhet Division.","2.98888","2014","Active","Loan","Project Financing","IsDB OCR"
"Chad","Primary Healthcare Services Expansion Project","The project aims at improving the access to and quality of primary healthcare services through the construction and equipping of 27 Primary Healthcare Centres (PHC) and capacity building of health personnel in three regions namely, Hadjer Lamis, Kanem and Wadi Fira..","5","2014","Completed","Istisna'a","Project Financing","IsDB OCR"
"Côte d'Ivoire","Construction and Equipment of the Vocational Training School for Agriculture, Livestock and Fisheries of Bouna","The project aims at supporting the Ten Year Strategic Reform Plan for the Technical Education and Vocational Training (2012_2021) by providing a quality vocational education in Agriculture, Livestock and Fisheries.","5","2014","Active","Istisna'a","Project Financing","IsDB OCR"
"U.A.E.","AL-IHSAN COMMMERCIAL & RESIDENTIAL BUILDING IN AJMAN","The objective of the project is to generate income for ICA, which will be used to finance part of its social and charitable activities.","5","2014","Completed","Leasing","Project Financing","IsDB OCR"
"Guinea","WAQF CITY PROJECT IN CONAKRY IN FAVOUR OF IDB-GUINEA WAQF (Phase I)","The objective of the project is to generate additional income for the IDB-GUINEA WAWF (WBG). The income of the project will serve to enhance the main activities of WBG such as education and healthcare services to poor needy people.","5","2014","Completed","Istisna'a","Project Financing","Other Funds"
"Suriname","Reforming the Technical and Vocational Education and Training Project","The project aims at creating an enabling environment to the enhance skills acquisition and employability of graduates through equipping of facilities in clustered training hubs/practical centres for practical training and reforming the legal & regulatory framework of TVET in the country.","5.021348","2014","Completed","Loan","Project Financing","IsDB OCR"
"Suriname","Reforming the Technical and Vocational Education and Training Project","The project aims at creating an enabling environment to the enhance skills acquisition and employability of graduates through equipping of facilities in clustered training hubs/practical centres for practical training and reforming the legal & regulatory framework of TVET in the country.","5.27","2014","Completed","Istisna'a","Project Financing","IsDB OCR"
"Niger","Support to the National Disease Prevention and Control Programs","To contribute to improving the health of the population in order to achieve the health related MDGs","5.364633","2014","Completed","Instalment Sale","Project Financing","IsDB OCR"
"Guinea","WAQF CITY PROJECT IN CONAKRY IN FAVOUR OF IDB-GUINEA WAQF (Phase I)","The objective of the project is to generate additional income for the IDB-GUINEA WAWF (WBG). The income of the project will serve to enhance the main activities of WBG such as education and healthcare services to poor needy people.","5.5","2014","Completed","Istisna'a","Project Financing","Other Funds"
"Suriname","Reforming the Technical and Vocational Education and Training Project","The project aims at creating an enabling environment to the enhance skills acquisition and employability of graduates through equipping of facilities in clustered training hubs/practical centres for practical training and reforming the legal & regulatory framework of TVET in the country.","5.5","2014","Completed","Loan","Project Financing","Other Funds"
"Guinea","WAQF CITY PROJECT IN CONAKRY IN FAVOUR OF IDB-GUINEA WAQF (Phase I)","The objective of the project is to generate additional income for the IDB-GUINEA WAWF (WBG). The income of the project will serve to enhance the main activities of WBG such as education and healthcare services to poor needy people.","5.5","2014","Completed","Istisna'a","Project Financing","IsDB OCR"
"U.A.E.","AL-IHSAN COMMMERCIAL & RESIDENTIAL BUILDING IN AJMAN","The objective of the project is to generate income for ICA, which will be used to finance part of its social and charitable activities.","6","2014","Completed","Leasing","Project Financing","Other Funds"
"Cameroon","Basic Education Support Project in Priority Areas (PASZEP) in Cameroon","The project aims at supporting the Education Sector and Training Strategy in accelerating the achievement of the Education related MDGs.","7","2014","Completed","Loan","Project Financing","Other Funds"
"Guinea","Support to the Development of Technical and Vocational Schools Project","The Main objective of the project is to support the Education Sector Plan of the GOG, Which aims at producing qualified workforce the responds to the demand of the economy.","7","2014","Completed","Istisna'a","Project Financing","IsDB OCR"
"Burkina Faso","Support to Bilingual Primary Education Project","The project aims to improve access to primary bilingual education particularly girls’ education, enhance the quality of primary bilingual education, and strengthen the capacity of the Ministry of National Education and \literacy to manage French Arabic education system.","7.5","2014","Completed","Loan","Project Financing","Other Funds"
"Burkina Faso","Support to Bilingual Primary Education Project","The project aims to improve access to primary bilingual education particularly girls’ education, enhance the quality of primary bilingual education, and strengthen the capacity of the Ministry of National Education and \literacy to manage French Arabic education system.","7.555197","2014","Completed","Loan","Project Financing","IsDB OCR"
"Guinea","Support to the Development of Technical and Vocational Schools Project","The Main objective of the project is to support the Education Sector Plan of the GOG, Which aims at producing qualified workforce the responds to the demand of the economy.","8.006717","2014","Completed","Loan","Project Financing","IsDB OCR"
"Cameroon","Basic Education Support Project in Priority Areas (PASZEP) in Cameroon","The project aims at supporting the Education Sector and Training Strategy in accelerating the achievement of the Education related MDGs.","9.005754","2014","Completed","Loan","Project Financing","IsDB OCR"
"Burkina Faso","Ouagadougou Water Supply Project (Phase II)","The project aims at improving social living conditions in the capital city by meeting water demand up to the horizon of 2030 for the estimated 5 million inhabitants using an efficient and integrated water resources management.","9.335209","2014","Completed","Istisna'a","Project Financing","IsDB OCR"
"Niger","Support to the National Disease Prevention and Control Programs","To contribute to improving the health of the population in order to achieve the health related MDGs","9.42968","2014","Completed","Loan","Project Financing","IsDB OCR"
"Côte d'Ivoire","Construction and Equipment of the Vocational Training School for Agriculture, Livestock and Fisheries of Bouna","The project aims at supporting the Ten Year Strategic Reform Plan for the Technical Education and Vocational Training (2012_2021) by providing a quality vocational education in Agriculture, Livestock and Fisheries.","9.442858","2014","Active","Loan","Project Financing","IsDB OCR"
"Burkina Faso","Ouagadougou Water Supply Project (Phase II)","The project aims at improving social living conditions in the capital city by meeting water demand up to the horizon of 2030 for the estimated 5 million inhabitants using an efficient and integrated water resources management.","9.444322","2014","Completed","Loan","Project Financing","IsDB OCR"
"Guinea","Support to the Development of Technical and Vocational Schools Project","The Main objective of the project is to support the Education Sector Plan of the GOG, Which aims at producing qualified workforce the responds to the demand of the economy.","10","2014","Completed","Loan","Project Financing","Other Funds"
"Chad","Primary Healthcare Services Expansion Project","The project aims at improving the access to and quality of primary healthcare services through the construction and equipping of 27 Primary Healthcare Centres (PHC) and capacity building of health personnel in three regions namely, Hadjer Lamis, Kanem and Wadi Fira..","10.012253","2014","Completed","Loan","Project Financing","IsDB OCR"
"Cameroon","Rural Electrification Project Phase-II","The project aim at improving the living conditions of the rural population by providing access to reliable grid electricity supply to 294,179 inhabitants of 102 villages.","10.027245","2014","Active","Loan","Project Financing","IsDB OCR"
"Mali","Completion of the Expansion and Modernization of the Bamako-Sénou International Airport Project","The objective of the project is to provide Bamako with secure and independentairport hub service for regional and international markets.","10.96953","2014","Completed","Loan","Project Financing","IsDB OCR"
"Bangladesh","Rural Access Road Improvement in Sylhet Division Project","The project aims to contribute to the Government’s effort to reduce poverty by improving rural accessibility and strengthening market management infrastructure for the rural population in the Sylhet Division.","12","2014","Active","Istisna'a","Project Financing","IsDB OCR"
"Benin","IDB-WAEMU Rural Water Supply and Sanitation Project in Benin","The project objective is to provide sustainable access to water supply and sanitation services to remote villages and rural communities in the departments of Oueme, Atlantique and Borgou in Benin.","12.5","2014","Completed","Istisna'a","Project Financing","IsDB OCR"
"Burkina Faso","IDB-WAEMU Rural Water Supply and Sanitation Project in Burkina Faso","The project sector goal is to improve livelihood in Burkina Faso by addressing some of the major constraints hindering the socio economic and inclusive development of rural communities.","12.5","2014","Completed","Istisna'a","Project Financing","IsDB OCR"
"Côte d'Ivoire","IDB-WAEMU Rural Water Supply and Sanitation Project in Cote d'Ivoire","The objective of the project is to provide sustainable access to water supply and sanitation services to remote villages and rural communities while creating economic and social growth poles around off grid village mini solar powered systems.","12.5","2014","Completed","Istisna'a","Project Financing","IsDB OCR"
"Mali","IDB-WAEMU Rural Water Supply and Sanitation Project in Mali","The project aims to increase the proportion of the rural population with access to improved drinking water source.","12.5","2014","Completed","Istisna'a","Project Financing","IsDB OCR"
"Niger","IDB-WAEMU Rural Water Supply and Sanitation Project in Niger","The project sector goal is to improve livelihood in Niger through the provision of water supply and sanitation","12.5","2014","Completed","Istisna'a","Project Financing","IsDB OCR"
"Senegal","IDB-WAEMU Rural Water Supply and Sanitation Project in Senegal","The project objective is to provide sustainable access to water supply and sanitation services to remote villages and rural communities in the regions of Matam, Tambacounda, Kedougou and Kolda in Senegal while creating economic and social Growth Poles around off-grid village mini solar-powered water systems that will additionally support access to electricity, income-earning opportunities and food security.","12.5","2014","Completed","Istisna'a","Project Financing","IsDB OCR"
"Togo","IDB-WAEMU Rural Water Supply and Sanitation Project in Togo","The project Development Objective is to provide sustainable access to water supply and sanitation services to remote villages and rural communities in Togo through creating economic and social Growth Poles around off-grid village mini solar-powered water systems.","12.5","2014","Completed","Istisna'a","Project Financing","IsDB OCR"
"Bangladesh","Rural Access Road Improvement in Sylhet Division Project","The project aims to contribute to the Government’s effort to reduce poverty by improving rural accessibility and strengthening market management infrastructure for the rural population in the Sylhet Division.","15","2014","Active","Loan","Project Financing","Other Funds"
"Sierra Leone","GIETRENK: Sierra Leone Community-Driven Development (Phase II) Project","The development objective of the project is to build the livelihoods of rural poor by providing them access to socio-economic opportunities and capacity building.","15","2014","Active","Loan","Project Financing","Other Funds"
"Guinea","Health System Strengthening Project","The project objective is to contribute to improving the health status of the population of Guinea.","16.080015","2014","Completed","Instalment Sale","Project Financing","IsDB OCR"
"Guinea","Health System Strengthening Project","The project objective is to contribute to improving the health status of the population of Guinea.","17.275726","2014","Completed","Loan","Project Financing","IsDB OCR"
"Nigeria","Bilingual Education Project for Adamawa, Borno, Gombe, Kaduna, Kano, Kwara, Nasawara, Niger and Osun States","Contribute to the improvement of the socio-economic conditions in Nigeria while promoting bilingual education by providing basic education opportunities for Almajiri children.","18","2014","Active","Loan","Project Financing","Other Funds"
"Bangladesh","Rural Electrification Expansion Project in Barisal Division","The project aims to support both economic and social development in Bangladesh through reliable and efficient supply of electricity to the predominantly rural population of Barisal Division.","20","2014","Completed","Instalment Sale","Project Financing","IsDB OCR"
"Jordan","Queen Aalia Airport Expansion Project","IDB had approved US$100 million financing for the project in 2007. This commitment was later reduced by US$15 million, which was syndicated to OFID.  The project aimed at upgrading the airside infrastructure and managing the existing operations at the then terminal along with the construction of a new modern terminal at the same location.  The current financing is a supplementary financing to cater the expected grwoth in actual traffic over the coming years from 7 million passengers to 12 million passengers.","25","2014","Completed","Leasing","Project Financing","IsDB OCR"
"Cameroon","Rural Electrification Project Phase-II","The project aim at improving the living conditions of the rural population by providing access to reliable grid electricity supply to 294,179 inhabitants of 102 villages.","25.631132","2014","Active","Istisna'a","Project Financing","IsDB OCR"
"Lebanon","Construction of the Southern Coastal Highway (Phase V) Project","The Project aims at enhancing the connectivity between south Lebanon and the capital Beirut and positively contributing to the socioeconomic development of the South of Lebanon. The completion of the remaining section of the highway (section V) will complete the outcomes of the completed sections of the highway, namely, enhanced accessibility to villages in the south, serving agricultural areas and providing better market access, in addition to relieving the actual old coastal road from the heavy traffic congestion and reducing traffic accidents.","26.7","2014","Active","Istisna'a","Project Financing","IsDB OCR"
"Nigeria","Bilingual Education Project for Adamawa, Borno, Gombe, Kaduna, Kano, Kwara, Nasawara, Niger and Osun States","Contribute to the improvement of the socio-economic conditions in Nigeria while promoting bilingual education by providing basic education opportunities for Almajiri children.","30.047004","2014","Active","Loan","Project Financing","IsDB OCR"
"Sierra Leone","GIETRENK: Sierra Leone Community-Driven Development (Phase II) Project","The development objective of the project is to build the livelihoods of rural poor by providing them access to socio-economic opportunities and capacity building.","31.68","2014","Active","Istisna'a","Project Financing","IsDB OCR"
"Côte d'Ivoire","Water Supply Project for the Eastern Region","The project aims at improving social living conditions in the most three populous cities of the nine cities.","37.725708","2014","Completed","Istisna'a","Project Financing","IsDB OCR"
"Benin","Upgrading of Banikoara-Keremou-Burkina Faso Border Road","The development objective is to promote economic growth and reduce poverty in the northern part of Benin, at the same time promoting regional integration between Niger, Burkina Faso, Benin and Nigeria along the CU15 corridor.","43.564307","2014","Completed","Istisna'a","Project Financing","IsDB OCR"
"Bangladesh","Regional Submarine Telecommunications Project","The objective of the project is to provide an alternative submarine cable link to cater for complete redundancy to existing SEA_ME_WE_4 submarine cable system by connecting Bangladesh with SEA_ME_WE_5 submarine cable system through a branch cable to Kuakata.","44","2014","Completed","Instalment Sale","Project Financing","IsDB OCR"
"Uzbekistan","Support to the Development of Higher Education Project","The project aims at contributing to improve the learning environment and quality of higher education of the existing institutions.","44.48","2014","Completed","Instalment Sale","Project Financing","IsDB OCR"
"Senegal","Regional Electricity Interconnection Project","The objective of the project is to enhance regional economic integration to accelerate the efforts towards alleviation of poverty and socio-economic development through further expansion of cross-border energy exchange between Mauritania and Senegal.","47.76451","2014","Completed","Istisna'a","Project Financing","IsDB OCR"
"Bahrain","Muharraq Pearling Heritage Conservation and Urban Economic Revival Project","The project aims at fostering the socioeconomic and cultural development of Muharraq and improving the living conditions for the residents by developing new commercial services and improving urban mobility.","48","2014","Completed","Istisna'a","Project Financing","IsDB OCR"
"Nigeria","Bilingual Education Project for Adamawa, Borno, Gombe, Kaduna, Kano, Kwara, Nasawara, Niger and Osun States","Contribute to the improvement of the socio-economic conditions in Nigeria while promoting bilingual education by providing basic education opportunities for Almajiri children.","49","2014","Active","Istisna'a","Project Financing","IsDB OCR"
"Nigeria","Africa Finance Corporation ""AFC""","To identify bankable project finance transactions that would meet expectation of international lenders and to become associated with such projects","50","2014","Completed","Istisna'a","Project Financing","IsDB OCR"
"Burkina Faso","Upgrading of the Dedougou-Tougan Road Project","The project aims to contribute to the economic growth of Burkina Faso by improving access to a large production area of the country with considerable economic potential.","58.119104","2014","Completed","Istisna'a","Project Financing","IsDB OCR"
"Bangladesh","Bibiyana Base-Load Combined Cycle Independent Power Plant Project","The project aims at construction of a combined cycle gas fired generation facility with a capacity of 341 MW.","60","2014","Completed","Leasing","Project Financing","IsDB OCR"
"Mauritania","Power Generation, Transmission and Distribution Program for the City of Nouakchott","To establish power trade between Mauritania and Senegal and to improve electricity access at affordable price based on cheap indigenous Natural Gas in Mauritania","60","2014","Completed","Instalment Sale","Project Financing","IsDB OCR"
"Nigeria","Ilesa Water Supply and Sanitation Project","The project aims at improving access to safe water supply and sanitation services in Ilesa and its surrounding areas that are facing acute shortage of potable water","65","2014","Active","Istisna'a","Project Financing","IsDB OCR"
"Morocco","The Safi Independent Power Plant Project","support Morocco strategy to reduce its energy bill through development of new electricity production capacity","71.098831","2014","Completed","Istisna'a","Project Financing","IsDB OCR"
"Senegal","Regional Electricity Interconnection Project","The objective of the project is to enhance regional economic integration to accelerate the efforts towards alleviation of poverty and socio-economic development through further expansion of cross-border energy exchange between Mauritania and Senegal.","82.681072","2014","Completed","Istisna'a","Project Financing","IsDB OCR"
"Uganda","132kV Mirama-Kabale Transmission Line and Distribution Project","The project aims at providing sustainable electricity supply to the Southwest, North and Northeast of Uganda through the construction of a new  transmission line from Mirama to Kabale and a new Substation at Kabale; the extension of the Mirama Substation and the construction of new distribution network.The expected outcomes are:i. To provide 19,152 new customers (that includes 12 factories; 24 Health Facilities; 60 schools; 27 trading centres and 25 Agricultural Facilities) in 121 villages in the project area.ii. Improve quality of electricity supply in the project area from an average of 3 hours/day (2013) to 20 hours/day (2023).","83.75","2014","Completed","Istisna'a","Project Financing","IsDB OCR"
"Oman","Wadi Dayqah Water Supply Project","The project aims to ensure the sustainable water supply to Muscat at the horizon of 2035.","84.550085","2014","Completed","Istisna'a","Project Financing","IsDB OCR"
"Uzbekistan","Improvement of Water Resources Management of Hazarbag Irrigation in Surkhandarya Region Project","The  Project goal is  to  contribute  to  food  security  by  improving  agricultural  production and productivity.","89.55","2014","Completed","Istisna'a","Project Financing","IsDB OCR"
"Senegal","Dakar Electricity Transmission Project","The main objective of the project is to provide sustainable, reliable and environment friendly electricity supply to Dakar Region.","90.955446","2014","Completed","Leasing","Project Financing","IsDB OCR"
"Oman","Rescoped Wadi Dayqah Water Supply Project","The objective of the project is to ensure the sustainable water supply in Oman. It aims also at improving the welfare and socio-economic conditions of the rural population by raising the access to reliable and sustainable potable water supply.","91.399915","2014","Active","Instalment Sale","Project Financing","IsDB OCR"
"Saudi Arabia","Rabigh 2 Project of Petro Rabigh","The project is expected to result in Greater product diversification and value addition by Petro Rabigh resulting in enhanced profitability and synergy","100","2014","Completed","Leasing","Project Financing","IsDB OCR"
"Uzbekistan","Construction of Modern Rural Housing Project (Phase-I)","The  Project aims  to  expand  access  to  affordable  and  improved  housing,  equipped  with associated basic infrastructure as well as social and market facilities, for the rural population.","100","2014","Completed","Istisna'a","Project Financing","IsDB OCR"
"Chad","Trans-Saharan Road Project (Construction of Bol-Rig Rig Section)","The project aims at enhancing the accessibility of the North-western Agricultural Lake Chad province to the other parts of the country as well as developing the trade exchange between Chad and Niger and regional connectivity between West African and Central African States.","118.517702","2014","Active","Istisna'a","Project Financing","IsDB OCR"
"Egypt","Assiut (El-Walidia) Thermal Power Plant Project","The project aims at promoting economic growth and improving the living standards of thepopulation by satisfying the increasing demand for electricity in Egypt in an efficient and reliablemanner.","148","2014","Completed","Leasing","Project Financing","IsDB OCR"
"Benin","Maria Gleta Power Plant (Phase I) Project","The project objectives are to contribute towards meeting the electricity supply shortage in the interconnected electricity grid in the Republic of Benin and improving the reliability of electricity supply","153.362826","2014","Completed","Leasing","Project Financing","IsDB OCR"
"Bangladesh","Power Grid Expansion Project","The project aims to support the country's economic development by expanding the power grid infrastructure to facilitate the efficient and reliable transmission and distribution of the electricity that will be generated by new 1,250 MW power plants, envisioned to be operational by 2019.","165","2014","Active","Istisna'a","Project Financing","IsDB OCR"
"Cameroon","Olama-Kribi Road Project - Construction of Olama-Bingambo Section","The project aims at developing the centre and South Regions of Cameroon by improving the level of road service between Olama and Kribi and the living conditions of the people of these regions.","177.777778","2014","Completed","Istisna'a","Project Financing","IsDB OCR"
"Egypt","West Cairo Power Plant Project","The project aims at promoting economic growth, improving the living standards of thepopulation and satisfying the increasing demand for electricity.","188","2014","Completed","Leasing","Project Financing","IsDB OCR"
"Egypt","Assiut Oil Refinery Upgrade Project","The project objective is to  meet the growing demand of gasoline products in the southern governorates of Egypt through local production by enhancing the technological capacity of the existing Assiut refinery to utilize the refinery's own produced Naphtha in an efficient, cost effective and environmentally friendly manner.","198","2014","Completed","Leasing","Project Financing","IsDB OCR"
"Uganda","Enhancing the Learning Environment at Islamic University in Uganda Project","Special Context: The borrower is a private Islamic university in Uganda, established by the Organization of Islamic Cooperation (OIC). Due to its private status, a government guarantee was necessary, which required parliamentary approval. Consequently, despite project approval on February 10, 2013, the signing and effectiveness of the agreement were delayed, taking place on June 3, 2018, and September 10, 2018, respectively.The main objective of the project is to contribute to human resource development and delivery of relevant higher education. Specifically, the project aims to:• Improve the learning environment and quality of provision by enhancing the University's strategic policy direction for increased relevance and employability.• Establish an engineering faculty and state-of-the-art library.• Increase accommodation capacity.• Digitize access to learning resources.• Build research capacity.","0.153302","2013","Active","Technical Assistance","Technical Assistance Operations","Other Funds"
"Albania","United Bank of Albania (REIMBURSABLE CONSULTANCY)","This TA is to the United Bank of Albania for consultancy services to assist in overhauling of the working of the bank.","0.277775","2013","Completed","Loan","Project Financing","IsDB OCR"
"Mali","F.S. and D.D. of Kidal-Timiaouine (Algerian Border) Trans-Saharan Highway Section (365 km)","To Finance the feasibility study and detailed design of the Kibal-Algerian border section.","2.056498","2013","Active","Loan","Project Financing","IsDB OCR"
"Gambia","Building Resilience to Recurring Food Insecurity Program","The aim of the project is to ward-off droughts and famine that devastate Niger and set-back its economic and social achievement resulting from a decade of positive economic growth.","3.861446","2013","Completed","Loan","Project Financing","IsDB OCR"
"Chad","Bilingual Lower Secondary Education Development Project","The project aims at supporting the Govt. in promoting bilingual education at all levels of education in general and specifically introducing bilingual education at the lower secondary level.","4","2013","Completed","Loan","Project Financing","Other Funds"
"Togo","Access to Energy for Rural Communities in Togo Project","The project aims at reducing energy shortage and improving living conditions of rural areas through construction and installation of medium voltage networks, low voltage network & substations and consumer connections including public lighting.","4","2013","Completed","Loan","Project Financing","Other Funds"
"Uganda","Millennium Village (Phase II) Program","This program aims at accelerating the achievement of the MDGs through targeted multisector interventions in the areas of (i) agriculture production and nutrition, (ii) Microfinance and business development, (iii) Access to quality education, (iv) Improving access to basic healthcare, and (v) Access to water for household needs.","4","2013","Completed","Loan","Project Financing","Other Funds"
"Mauritania","Building Resilience to Recurring Food Insecurity Program","The project aims at contributing to warding-off droughts and famine that devastate Mauritania.","4.903424","2013","Completed","Loan","Project Financing","IsDB OCR"
"United States","CONSTRUCTION OF CAIR PLAZA","The objective of the project is to generate continuous flow of income, which will be used on the CAIR’s activities in the field of enhancement the understanding of Islam, encourage dialogue, protect civil liberties, empower American Muslims, and build coalitions that promote justice and mutual understanding etc. The purpose will be achieved through the construction of CAIR Plaza on a trust property owned by the Washington Trust Foundation (WTF), a subsidiary of CAIR. The plaza’s commercial and residential space will be rented to generate a regular income for CAIR.","5","2013","Active","Istisna'a","Project Financing","Other Funds"
"Benin","Basic Education Development (Phave IV) Project","The proposed project aims at supporting the Ten-Year Education Development Plan (2006-2015) in accelerating the achievement of the Education related Millennium Development Goals (MDGs).","5","2013","Completed","Istisna'a","Project Financing","IsDB OCR"
"Gambia","Building Resilience to Recurring Food Insecurity Program","The aim of the project is to ward-off droughts and famine that devastate Niger and set-back its economic and social achievement resulting from a decade of positive economic growth.","5.05","2013","Completed","Istisna'a","Project Financing","IsDB OCR"
"Djibouti","The Support to the Development of Oncology Services Project","The project aims improving access to and quality of oncology services by establishing a modern radiotherapy centre.","5.154873","2013","Completed","Loan","Project Financing","IsDB OCR"
"Mauritania","Building Resilience to Recurring Food Insecurity Program","The project aims at contributing to warding-off droughts and famine that devastate Mauritania.","5.37","2013","Completed","Istisna'a","Project Financing","IsDB OCR"
"Lebanon","Strengthening Primary Healthcare Services Project","The project's main objective is to contribute to the reinforcement  of  the  health  sector  capacity  and  ensure  equity  in  accessing  healthcare  services  among  various  population  groups  in  Lebanon.  Specifically, the  project  aims  at  improving   the  access  to   and   quality  of  primary  health   care  services  through  the  construction  and  rehabilitation of 8  primary health  care centres.","5.535801","2013","Active","Loan","Project Financing","IsDB OCR"
"Uganda","Millennium Village (Phase II) Program","This program aims at accelerating the achievement of the MDGs through targeted multisector interventions in the areas of (i) agriculture production and nutrition, (ii) Microfinance and business development, (iii) Access to quality education, (iv) Improving access to basic healthcare, and (v) Access to water for household needs.","5.871467","2013","Completed","Loan","Project Financing","IsDB OCR"
"Gambia","Building Resilience to Recurring Food Insecurity Program","The aim of the project is to ward-off droughts and famine that devastate Niger and set-back its economic and social achievement resulting from a decade of positive economic growth.","6.17","2013","Completed","Istisna'a","Project Financing","IsDB OCR"
"Mali","Building Resilience to Recurring Food Insecurity Project","The project aims at contributing to warding off droughts and famine that devastate Mali and sets back its economy and social achievement resulting from a decade of positive economic growth.  It includes securing the livelihood of the targeted rural population, develoing their capacity to adapt to climate change and helping decision_makers to have the necessary information to manage food crisis.","6.406176","2013","Completed","Loan","Project Financing","IsDB OCR"
"Mali","Building Resilience to Recurring Food Insecurity Project","The project aims at contributing to warding off droughts and famine that devastate Mali and sets back its economy and social achievement resulting from a decade of positive economic growth.  It includes securing the livelihood of the targeted rural population, develoing their capacity to adapt to climate change and helping decision_makers to have the necessary information to manage food crisis.","6.51","2013","Completed","Istisna'a","Project Financing","IsDB OCR"
"Senegal","Building Resilience to Recurring Food Insecurity Program","The objective of the project is to contribute to the reduction of food insecurity and to the development of the resilience of vulnerable populations in Senegal. More specifically, the project aims to: (i) improve the livelihoods of the targeted rural population by increasing the productive capacity of their assets; (ii) capacity building of target communities to adapt to climate change; (iii) and improving the capacity of decision-makers to manage food crises.","6.616348","2013","Active","Loan","Project Financing","IsDB OCR"
"Mauritania","Building Resilience to Recurring Food Insecurity Program","The project aims at contributing to warding-off droughts and famine that devastate Mauritania.","6.87","2013","Completed","Istisna'a","Project Financing","IsDB OCR"
"Maldives","Sanitation Project in Five Islands","The project development objective is to contribute to improving the quality of life of the population in five selected islands.","6.89632","2013","Completed","Loan","Project Financing","IsDB OCR"
"Togo","Access to Energy for Rural Communities in Togo Project","The project aims at reducing energy shortage and improving living conditions of rural areas through construction and installation of medium voltage networks, low voltage network & substations and consumer connections including public lighting.","7.014758","2013","Completed","Loan","Project Financing","IsDB OCR"
"Burkina Faso","Building Resilience to Recurring Food Insecurity Program","The project aims at contributing to warding-off droughts and famine that devastate populations and sets-back the economic and social achievement resulting from a decade of positive economic growth.","7.048672","2013","Completed","Loan","Project Financing","IsDB OCR"
"Benin","Basic Education Development (Phave IV) Project","The proposed project aims at supporting the Ten-Year Education Development Plan (2006-2015) in accelerating the achievement of the Education related Millennium Development Goals (MDGs).","7.076358","2013","Completed","Loan","Project Financing","IsDB OCR"
"Chad","Building Resilience to Recurring Food Insecurity Program","The goal of the project is to ward-off droughts and famine that devastate Chad and set-back its economic and social achievement resulting from a decade of positive economic growth.","7.157382","2013","Completed","Loan","Project Financing","IsDB OCR"
"Côte d'Ivoire","Post-Conflict Reconstruction of the Vocational Training School Project in Odienne","The project is a part of Post Crisis Reconstruction Program for the Centre_North_West Zone which was most affected during the civil war.","7.844764","2013","Completed","Loan","Project Financing","IsDB OCR"
"Maldives","Reconstruction of Harbours (Phase II) Project","The primary objective of the project is to improve access to socioeconomic activities and employment opportunities for the population through improved inter-island maritime transport.","7.909614","2013","Completed","Loan","Project Financing","IsDB OCR"
"Indonesia","Integrated Community Driven Development (Phase III) Project","The project aims to achieve sustainable improvement in the well-being of poorer communities through community empowerment","7.949162","2013","Completed","Loan","Project Financing","IsDB OCR"
"Maldives","Sanitation Project in Five Islands","The project development objective is to contribute to improving the quality of life of the population in five selected islands.","8","2013","Completed","Istisna'a","Project Financing","IsDB OCR"
"Mozambique","Niassa Rural Electrification (Phase II) Project","Support the economic development in Mozambique with reliable and efficient supply of electricity to the predominantly rural population of Niassa Province","8.048986","2013","Completed","Loan","Project Financing","IsDB OCR"
"Niger","Building Resilience to Recurring Food Insecurity Program","The project's objective is to help Niger combat droughts and famine that threaten its economic and social progress by improving rural livelihoods, strengthening climate adaptation, and enhancing crisis management capacity. Key results include the supply of 27,000 tons of food cereals and 14,000 tons of animal feed, the development of nearly 1,500 ha of irrigated and rain-fed land, and the establishment of critical agricultural infrastructure such as warehouses, fish and livestock facilities, and climate monitoring systems. These interventions aim to boost productivity, resilience, and food security for vulnerable communities.","8.105973","2013","Active","Loan","Project Financing","IsDB OCR"
"Senegal","Building Resilience to Recurring Food Insecurity Program","The objective of the project is to contribute to the reduction of food insecurity and to the development of the resilience of vulnerable populations in Senegal. More specifically, the project aims to: (i) improve the livelihoods of the targeted rural population by increasing the productive capacity of their assets; (ii) capacity building of target communities to adapt to climate change; (iii) and improving the capacity of decision-makers to manage food crises.","8.84","2013","Active","Istisna'a","Project Financing","IsDB OCR"
"Togo","Integrated Development Project of the Plain of Diagble","The project aims at to contributing to food security and poverty reduction through increasing agricultural production and productivity of food crops and facilitating the marketing of agricultural production.","9.2082","2013","Completed","Loan","Project Financing","IsDB OCR"
"Burkina Faso","Building Resilience to Recurring Food Insecurity Program","The project aims at contributing to warding-off droughts and famine that devastate populations and sets-back the economic and social achievement resulting from a decade of positive economic growth.","9.87","2013","Completed","Istisna'a","Project Financing","IsDB OCR"
"Tajikistan","Dangara Valley Irrigation Network (Phase III) Project","The project aims at alleviating poverty in the project area by increasing the employment opportunities and household income through constructing  irrigation water pipe and drainage networks to irrigate 1,750 ha of land in Dangara Valley.","9.89472","2013","Completed","Loan","Project Financing","IsDB OCR"
"Indonesia","Integrated Community Driven Development (Phase III) Project","The project aims to achieve sustainable improvement in the well-being of poorer communities through community empowerment","10","2013","Completed","Loan","Project Financing","Other Funds"
"Chad","Building Resilience to Recurring Food Insecurity Program","The goal of the project is to ward-off droughts and famine that devastate Chad and set-back its economic and social achievement resulting from a decade of positive economic growth.","10","2013","Completed","Istisna'a","Project Financing","IsDB OCR"
"Gambia","Construction of Sukuta-Jambanjelly Road Project","The project aims at promoting economic and social development more sustainably in the project area, which includes a dense residential and also Agriculture-based community in the outliers of the Greater Banjul Area (GBA)","10","2013","Completed","Istisna'a","Project Financing","IsDB OCR"
"Mozambique","Support to Health System Strenghthening in Inhambane Province Project","contribute to the achievement of objectives of the National Health Policy, which aims at ensuring ""Equal access to quality healthcare services for all Mozambicans","10.009877","2013","Completed","Loan","Project Financing","IsDB OCR"
"Niger","Building Resilience to Recurring Food Insecurity Program","The project's objective is to help Niger combat droughts and famine that threaten its economic and social progress by improving rural livelihoods, strengthening climate adaptation, and enhancing crisis management capacity. Key results include the supply of 27,000 tons of food cereals and 14,000 tons of animal feed, the development of nearly 1,500 ha of irrigated and rain-fed land, and the establishment of critical agricultural infrastructure such as warehouses, fish and livestock facilities, and climate monitoring systems. These interventions aim to boost productivity, resilience, and food security for vulnerable communities.","10.05","2013","Active","Istisna'a","Project Financing","IsDB OCR"
"Chad","Bilingual Lower Secondary Education Development Project","The project aims at supporting the Govt. in promoting bilingual education at all levels of education in general and specifically introducing bilingual education at the lower secondary level.","10.106918","2013","Completed","Loan","Project Financing","IsDB OCR"
"Senegal","Northern Dakar Sanitation Improvement Project","The project objective is to contribute to: (i) satisfying the needs in wastewater treatment facilities of the urban and peri urban population of Dakar, till the horizon of 2025, (ii) improving the discharge conditions of treated wastewater in the ocean, thereby helping to protect the environment, and (iii) reducing the energy bill of the Waste Water Treatment Plant of Cambérène.","10.144367","2013","Completed","Loan","Project Financing","IsDB OCR"
"Senegal","Building Resilience to Recurring Food Insecurity Program","The objective of the project is to contribute to the reduction of food insecurity and to the development of the resilience of vulnerable populations in Senegal. More specifically, the project aims to: (i) improve the livelihoods of the targeted rural population by increasing the productive capacity of their assets; (ii) capacity building of target communities to adapt to climate change; (iii) and improving the capacity of decision-makers to manage food crises.","10.15","2013","Active","Istisna'a","Project Financing","IsDB OCR"
"Gambia","Construction of Sukuta-Jambanjelly Road Project","The project aims at promoting economic and social development more sustainably in the project area, which includes a dense residential and also Agriculture-based community in the outliers of the Greater Banjul Area (GBA)","10.568695","2013","Completed","Loan","Project Financing","IsDB OCR"
"Mali","Building Resilience to Recurring Food Insecurity Project","The project aims at contributing to warding off droughts and famine that devastate Mali and sets back its economy and social achievement resulting from a decade of positive economic growth.  It includes securing the livelihood of the targeted rural population, develoing their capacity to adapt to climate change and helping decision_makers to have the necessary information to manage food crisis.","10.78","2013","Completed","Istisna'a","Project Financing","IsDB OCR"
"Chad","Building Resilience to Recurring Food Insecurity Program","The goal of the project is to ward-off droughts and famine that devastate Chad and set-back its economic and social achievement resulting from a decade of positive economic growth.","11","2013","Completed","Istisna'a","Project Financing","IsDB OCR"
"United States","CONSTRUCTION OF CAIR PLAZA","The objective of the project is to generate continuous flow of income, which will be used on the CAIR’s activities in the field of enhancement the understanding of Islam, encourage dialogue, protect civil liberties, empower American Muslims, and build coalitions that promote justice and mutual understanding etc. The purpose will be achieved through the construction of CAIR Plaza on a trust property owned by the Washington Trust Foundation (WTF), a subsidiary of CAIR. The plaza’s commercial and residential space will be rented to generate a regular income for CAIR.","11","2013","Active","Istisna'a","Project Financing","IsDB OCR"
"Niger","Building Resilience to Recurring Food Insecurity Program","The project's objective is to help Niger combat droughts and famine that threaten its economic and social progress by improving rural livelihoods, strengthening climate adaptation, and enhancing crisis management capacity. Key results include the supply of 27,000 tons of food cereals and 14,000 tons of animal feed, the development of nearly 1,500 ha of irrigated and rain-fed land, and the establishment of critical agricultural infrastructure such as warehouses, fish and livestock facilities, and climate monitoring systems. These interventions aim to boost productivity, resilience, and food security for vulnerable communities.","11.03","2013","Active","Istisna'a","Project Financing","IsDB OCR"
"Burkina Faso","Building Resilience to Recurring Food Insecurity Program","The project aims at contributing to warding-off droughts and famine that devastate populations and sets-back the economic and social achievement resulting from a decade of positive economic growth.","11.04","2013","Completed","Istisna'a","Project Financing","IsDB OCR"
"Senegal","Floods Impacts Mitigation Project in Dakar","The main objective of the project is to contribute to improving the living conditions in 6 major cities (Dakar, Thies, Saint Louis, Kaolack, Fatick and Joal) by minimizing the impacts of recurrent floods on population, and preventing the loss of human lives, properties, plus reducing the costs associated with the effects of water borne diseases. It will also improve urban mobility all year round and accessibility to social services.Overall, the project will therefore contribute to improve local environment conditions, health, hygiene, and urban mobility, and protect key economic assets","11.046391","2013","Active","Loan","Project Financing","IsDB OCR"
"Maldives","Reconstruction of Harbours (Phase II) Project","The primary objective of the project is to improve access to socioeconomic activities and employment opportunities for the population through improved inter-island maritime transport.","12","2013","Completed","Istisna'a","Project Financing","IsDB OCR"
"Guinea","Rural Water Supply and Sanitation Project in the Provinces of Boke and Telimele","The objective of the project is to increase the percentage of the population’s access to potable water supply and improved sanitation in the provinces of Boke and Telimele.","12.125082","2013","Completed","Loan","Project Financing","IsDB OCR"
"Tajikistan","Reconstruction of Ravshan Electricity Substation Project","The project aims at promoting economic growth and improving the living standards in the Tursunzade city and Shahrinav regions through supplying reliable electricity.","12.990094","2013","Completed","Loan","Project Financing","IsDB OCR"
"Uganda","Enhancing the Learning Environment at Islamic University in Uganda Project","Special Context: The borrower is a private Islamic university in Uganda, established by the Organization of Islamic Cooperation (OIC). Due to its private status, a government guarantee was necessary, which required parliamentary approval. Consequently, despite project approval on February 10, 2013, the signing and effectiveness of the agreement were delayed, taking place on June 3, 2018, and September 10, 2018, respectively.The main objective of the project is to contribute to human resource development and delivery of relevant higher education. Specifically, the project aims to:• Improve the learning environment and quality of provision by enhancing the University's strategic policy direction for increased relevance and employability.• Establish an engineering faculty and state-of-the-art library.• Increase accommodation capacity.• Digitize access to learning resources.• Build research capacity.","13.720529","2013","Active","Loan","Project Financing","IsDB OCR"
"Pakistan","Support to the Basic Education Development Project","The overall objective of the project is to contribute to the achievement of the National Education Policy, which aims at ensuring equal opportunities for all children to quality basiceducation.","14.793946","2013","Completed","Loan","Project Financing","IsDB OCR"
"Yemen","Integrated Rural Development Project","The project aims at stimulating sustainable economic growth and development of infrastructure in rural areas through community empowerment and participation through improved access to water resources for agriculture and drinking purposes, improved crop yield through better utilisation of water resources.","14.9888","2013","Completed","Loan","Project Financing","IsDB OCR"
"Tajikistan","Dangara Valley Irrigation Network (Phase III) Project","The project aims at alleviating poverty in the project area by increasing the employment opportunities and household income through constructing  irrigation water pipe and drainage networks to irrigate 1,750 ha of land in Dangara Valley.","16.65","2013","Completed","Istisna'a","Project Financing","IsDB OCR"
"Mali","Kabala Water Supply project","The main objective of the Kabala water supply project is to improve social living conditions in Bamako city.","17.027843","2013","Active","Istisna'a","Project Financing","IsDB OCR"
"Uzbekistan","The Support to Upgrading of Public Health Laboratories Project","The project goal is to contribute to the efforts of  the Government of  Uzbekistan  (GOU)  to ensure  safe  public  health  services. The  project aims at improving the  capacity  and  quality  of  the  existing  Public Health Laboratories (PHLs) in the country.","17.44","2013","Completed","Instalment Sale","Project Financing","IsDB OCR"
"Mali","Kabala Water Supply project","The main objective of the Kabala water supply project is to improve social living conditions in Bamako city.","18.017378","2013","Active","Loan","Project Financing","IsDB OCR"
"Kosovo","Upgrading of Millosheve-Mitrovica M2 Main Road (26.7KM) Project","The primary objective of the Project is to contribute to the economic development and employment generation in the Districts of Kosovska Mitrovica and Prishtina. Improved road connectivity and capacity enhancement will facilitate the movement of people and goods and reduce road traffic casualties, vehicle operating costs, travel time and road congestion. The development will generate new business and employment opportunities in the project area.","19.831158","2013","Completed","Istisna'a","Project Financing","IsDB OCR"
"Pakistan","Support to the Basic Education Development Project","The overall objective of the project is to contribute to the achievement of the National Education Policy, which aims at ensuring equal opportunities for all children to quality basiceducation.","20","2013","Completed","Istisna'a","Project Financing","IsDB OCR"
"Kyrgyz Republic","Reconstruction of Osh-Batken-Isfana Road Project","The project aims to stimulate economic growth and contribute directly to the objectives of the government's national sustainable development strategy (NSDS)","21.33233","2013","Completed","Loan","Project Financing","IsDB OCR"
"Senegal","Floods Impacts Mitigation Project in Dakar","The main objective of the project is to contribute to improving the living conditions in 6 major cities (Dakar, Thies, Saint Louis, Kaolack, Fatick and Joal) by minimizing the impacts of recurrent floods on population, and preventing the loss of human lives, properties, plus reducing the costs associated with the effects of water borne diseases. It will also improve urban mobility all year round and accessibility to social services.Overall, the project will therefore contribute to improve local environment conditions, health, hygiene, and urban mobility, and protect key economic assets","27.28","2013","Active","Istisna'a","Project Financing","IsDB OCR"
"Türkiye","TKB Renewable Energy Program","The proposed RE Program will support the country's economic development by enhancing the energy security in a sustainable and environmentally friendly manner.","30","2013","Completed","Mudaraba","Project Financing","IsDB OCR"
"Uzbekistan","Efficient Outdoor Lighting for Tashkent City Project","The  objective  of  the  project  is  to  increase  the  energy  efficiency  of  existing  outdoor  lighting  by introducing energy-efficient technologies in the outdoor lighting system in Tashkent, capital city of Uzbekistan Republic.","36","2013","Completed","Instalment Sale","Project Financing","IsDB OCR"
"Türkiye","TKB Renewable Energy Program","The proposed RE Program will support the country's economic development by enhancing the energy security in a sustainable and environmentally friendly manner.","50","2013","Completed","Mudaraba","Project Financing","IsDB OCR"
"Gabon","Libreville Storm Water Drainage and Sanitation Infrastructure Project","The project aims to support sustainable urban development in Libreville by addressing recurrent flooding through improved stormwater drainage. Key goals include: Protecting 73,200 people (10% of the city's population), Reducing waterborne diseases and ground/surface water pollution, Improving quality of life via better hygiene, health, and environmental conditions, Enhancing urban mobility and access to social services year-round, Boosting solid waste collection services, and  Creating around 400 jobs, with a focus on youth and women.","57.789331","2013","Completed","Istisna'a","Project Financing","IsDB OCR"
"Türkiye","TKB Renewable Energy Program","The proposed RE Program will support the country's economic development by enhancing the energy security in a sustainable and environmentally friendly manner.","65","2013","Completed","Mudaraba","Project Financing","IsDB OCR"
"Senegal","Northern Dakar Sanitation Improvement Project","The project objective is to contribute to: (i) satisfying the needs in wastewater treatment facilities of the urban and peri urban population of Dakar, till the horizon of 2025, (ii) improving the discharge conditions of treated wastewater in the ocean, thereby helping to protect the environment, and (iii) reducing the energy bill of the Waste Water Treatment Plant of Cambérène.","68.862398","2013","Completed","Istisna'a","Project Financing","IsDB OCR"
"Lebanon","Development of Lebanese University Project","The key objective of the proposed project is to support the Higher Education Strategy of the Government of Lebanon to produce qualified and competitive graduates needed in the labour market.","72.48","2013","Active","Istisna'a","Project Financing","IsDB OCR"
"Türkiye","TKB Renewable Energy Program","The proposed RE Program will support the country's economic development by enhancing the energy security in a sustainable and environmentally friendly manner.","75","2013","Completed","Mudaraba","Project Financing","IsDB OCR"
"Morocco","Olive Value Chain Development for Smallholders Project","The objective of the project is to enhance rural small farmers’ income. This objective will be achieved by increasing smallholder olive-tree plantations and productivity using a value chain approach.","79.72","2013","Active","Istisna'a","Project Financing","IsDB OCR"
"Uganda","Opuyo-Moroto 132 kV ElectricityTransmission Line Project","The project aims at providing electricity to a population of 956,000 and for the second cement factory through the extension of the national 132 kV electricity backbone to the Karamoja region and building electricity distribution infrastructure.","80.62","2013","Completed","Istisna'a","Project Financing","IsDB OCR"
"Uzbekistan","Purchasing of Two Airplanes for Uzbekistan Airways Project","The project aims at purchasing two airplanes in order to enhance economic efficiency, competitiveness, flight safety as well as opportunity o further increase the level of passenger carrying capacity of Uzbekistan Airways.","83.88433","2013","Completed","Leasing","Project Financing","IsDB OCR"
"Uzbekistan","Purchasing of Two Airplanes for Uzbekistan Airways Project","The project aims at purchasing two airplanes in order to enhance economic efficiency, competitiveness, flight safety as well as opportunity o further increase the level of passenger carrying capacity of Uzbekistan Airways.","84.217923","2013","Completed","Leasing","Project Financing","IsDB OCR"
"Burkina Faso","Construction of Ouagadougou-Donsin International Airport Project","The main objectives of the Project are to cater with growing air traffic in Burkina Faso by constructing a new airport in Donsin which will ensure better safety for air transport system and higher level of service for passengers.","100","2013","Completed","Istisna'a","Project Financing","IsDB OCR"
"Indonesia","SANIMAS Community-Based Sanitation Project","The project aims to tackle the health issues induced by open defecation and poor sanitation by providing community based infrastructure for sanitation in 8 provinces of the country","100","2013","Completed","Istisna'a","Project Financing","IsDB OCR"
"Türkiye","Support for TSKB Renewable Energy Program","The proposed Restricted Mudaraba Facility will support the country's economic development by enhancing the energy security in a sustainable and environmental friendly manner.","110","2013","Completed","Mudaraba","Project Financing","IsDB OCR"
"Türkiye","Support for TSKB Renewable Energy Program","The proposed Restricted Mudaraba Facility will support the country's economic development by enhancing the energy security in a sustainable and environmental friendly manner.","110","2013","Completed","Mudaraba","Project Financing","IsDB OCR"
"Saudi Arabia","The Ma'aden Wa'ad Al Shamal Phosphate Project","The project will substantially increase the export of phosphate fertilizers and chemicals from KSA through The project production of phosphate and ammonia introduction of new phosphate based chemical products and STPP and bring best practices through partnership.","119.302326","2013","Completed","Leasing","Project Financing","IsDB OCR"
"Morocco","Supporting the Electricity Transmission and Distribution System Project","Promoting the economic growth, and satisfying the increasing demand for electricity in the unified power system in Morocco through supporting the electricity transmission and distribution systems","120","2013","Active","Instalment Sale","Project Financing","IsDB OCR"
"Saudi Arabia","SADARA Petrochemical Project (PPP)","The main objective of the project is to support Saudi Aramco's strategy to evolve from being primarily an upstream company to further expand its downstream refining portfolios.","120","2013","Completed","Leasing","Project Financing","IsDB OCR"
"Uganda","Upgrading of Tirinya-Pallisa-Kumi and Pallisa-Kamonkoli Road Project","Facilitate the socioeconomic development by upgrading the existing earthen/gravel road links to improve safety, meet the present and future transportation demands and enhance the overall efficiency of road transport system","120","2013","Completed","Istisna'a","Project Financing","IsDB OCR"
"Albania","Construction of Qukes-Qafe Plloce (Choocus-Chalf Ploch) Section of Tirana-Korca Road Corridor Project","The objective of the project is to facilitate the socio-economic development by constructing a new, most direct, and shortest road link between Qukës and Qafë Plloçë to provide improved access, higher road safety, reduced congestion  and increased  overall efficiency of road transport system.","125","2013","Completed","Istisna'a","Project Financing","IsDB OCR"
"Morocco","Reinforcement of Water Supply Systems Project in Agadir and Chtouka Ait Baha Areas","Increasing access of population of Agadir and Chtouka Ait Baha areas to reliable and sustainable water supply systems","140.2","2013","Active","Istisna'a","Project Financing","IsDB OCR"
"Côte d'Ivoire","Construction of North-West Region Roads Project","The project objective is upgrading the two existing roads sections (Boudiali-Odienne, 135 km and Bolona-Tengrela, 40 km) with total length of 175 km from an earth road to a modern paved one.","153.660973","2013","Completed","Istisna'a","Project Financing","IsDB OCR"
"Iran","Esfahan Power Transmission Project","The  project  objective  is  to  improve  the  capacity,  quality  and  reliability  of  the  power  transmission  network in Esfahan and Chaharmahal-Va-Bakhtiari provinces to cope with the increasing demand for electricity.","153.660973","2013","Completed","Istisna'a","Project Financing","IsDB OCR"
"Iran","Fars Six Cities Sanitation Improvement Project","The  project  overall  goal  is  to  contribute  to  the  national  development  goal  of improving sanitation  and  public  health  environment  throughout  the  country.  More  specifically,  the  project  development  objective is  to  enhance the  quality of life in selected  cities of the  Fars  province (Abadeh, Darab, Fasa, Firoozabad, Neyriz and Sepidan)","164.291985","2013","Active","Istisna'a","Project Financing","IsDB OCR"
"Egypt","Capacity Expansion and Efficiency Improvement of Damietta West Power Plant Project","The project aims at promoting economic growth and improving the living standards of thepopulation by satisfying the increasing demand for electricity in Egypt in a cost-effective andenvironmentally-friendly manner.","172","2013","Completed","Leasing","Project Financing","IsDB OCR"
"Indonesia","Support to Development of Higher Education Project","The project aims to support the Higher Education Strategy of the GOI and develop qualified and competitive graduates needed in the workforce","174.01","2013","Completed","Istisna'a","Project Financing","IsDB OCR"
"Indonesia","Integrated Community Driven Development (Phase III) Project","The project aims to achieve sustainable improvement in the well-being of poorer communities through community empowerment","187","2013","Completed","Istisna'a","Project Financing","IsDB OCR"
"Pakistan","Basic Education for the Poor Project","The main objective of the project is to provide access to free quality basic education services for children in un-served, under-served poor and disadvantaged communities","0.244408","2012","Completed","Technical Assistance","Technical Assistance Operations","Other Funds"
"Uganda","Support to the Development of a Specialized Maternal & Neonatal Healthcare Unit in Mulago National Referral Hospital (Mulago III)","Contribute to the attainment of the health related goal of the HSSIP: ‘reduced morbidity and mortality from the major causes of ill-health and premature death, and reduced disparities therein","0.428436","2012","Completed","Technical Assistance","Technical Assistance Operations","Other Funds"
"Gambia","Enhancing Value-Addition in the Groundnut Sector","The objective of the project is to modernize, expand and expand the efficiency of the Gambia Groundnut Corporation (GGC) operations.","0.630109","2012","Completed","Loan","Project Financing","IsDB OCR"
"Cameroon","Smallholders Agricultural Productivity Enhancement Program for Sub-Saharan Africa","The project being implemented in eight countries in Sub_ Saharan Africa aims at rapidly scale up staple food production and increase agricultural productivity, food security and income among small farm holders and households.","0.96","2012","Completed","Instalment Sale","Project Financing","IsDB OCR"
"Burkina Faso","Smallholders Agricultural Productivity Enhancement Program for Sub-Saharan Africa","The project aims at rapidly scaling up staple food production and increasing agricultural productivity, food security and income among small farm holders and households.","1.02","2012","Completed","Instalment Sale","Project Financing","IsDB OCR"
"Benin","Smallholders Agricultural Productivity Enhancement Program for Sub-Saharan Africa","The proposed program, being implemented in Sub_ Saharan Africa (Benin, Burkina Faso, Cameroon, Mali, Niger), aims at rapidly scale up staple food production and increase agricultural productivity, food security and income among small farm holders and households.","1.11","2012","Completed","Instalment Sale","Project Financing","IsDB OCR"
"Niger","Smallholders Agricultural Productivity Enhancement Program for Sub-Saharan Africa (SAPEP-SSA)-Niger","The objective of the proposed program is to increase the productivity of rain fed and irrigated agricultural production systems, targeting smallholders in Benin, Burkina Faso, Cameroon, Mali and Niger","1.18","2012","Completed","Instalment Sale","Project Financing","IsDB OCR"
"Mali","Smallholders Agricultural Productivity Enhancement Program for Sub-Saharan Africa (SAPEP-SSA)-Mali","The objective of the proposed program is to increase the productivity of rain fed and irrigated agricultural production systems, targeting smallholders in Benin, Burkina Faso, Cameroon, Mail and Niger.","1.42","2012","Completed","Instalment Sale","Project Financing","IsDB OCR"
"Mali","Smallholders Agricultural Productivity Enhancement Program for Sub-Saharan Africa (SAPEP-SSA)-Mali","The objective of the proposed program is to increase the productivity of rain fed and irrigated agricultural production systems, targeting smallholders in Benin, Burkina Faso, Cameroon, Mail and Niger.","1.53","2012","Completed","Loan","Project Financing","Other Funds"
"Niger","Smallholders Agricultural Productivity Enhancement Program for Sub-Saharan Africa (SAPEP-SSA)-Niger","The objective of the proposed program is to increase the productivity of rain fed and irrigated agricultural production systems, targeting smallholders in Benin, Burkina Faso, Cameroon, Mali and Niger","1.56","2012","Completed","Loan","Project Financing","Other Funds"
"Cameroon","Smallholders Agricultural Productivity Enhancement Program for Sub-Saharan Africa","The project being implemented in eight countries in Sub_ Saharan Africa aims at rapidly scale up staple food production and increase agricultural productivity, food security and income among small farm holders and households.","1.740302","2012","Completed","Loan","Project Financing","IsDB OCR"
"Burkina Faso","Smallholders Agricultural Productivity Enhancement Program for Sub-Saharan Africa","The project aims at rapidly scaling up staple food production and increasing agricultural productivity, food security and income among small farm holders and households.","1.9","2012","Completed","Loan","Project Financing","Other Funds"
"Mali","Millennium Village Program (MVP) Phase 2","The objectives of this project are to (i) accelerate the achievement of the MDGs at the project sites; (ii) to use science in designing a set of innovative, widely applicable tools and systems for achieving the MDCJS; and (iii) to develop local and national capacity to sustain and scale up these critical efforts.","1.996759","2012","Completed","Loan","Project Financing","IsDB OCR"
"Tunisia","Vocational Education and Training for Employment Project","To Develop the Vocational Education and Training (VET) System to equip its graduates with the relevant skills to improve their employability","2","2012","Completed","Loan","Project Financing","Other Funds"
"Mauritania","Solar Rural Electrification Project in Aftout Elchargui Zone","improving the living standards of the population by supplying cleanrenewable energy to rural communities of 30 localities in the 3 regions of Assaba, Gorgol and Tagant that are affected by extreme poverty","2.007759","2012","Completed","Loan","Project Financing","IsDB OCR"
"Pakistan","Basic Education for the Poor Project","The main objective of the project is to provide access to free quality basic education services for children in un-served, under-served poor and disadvantaged communities","2.199672","2012","Completed","Loan","Project Financing","IsDB OCR"
"Uganda","Support to the Development of a Specialized Maternal & Neonatal Healthcare Unit in Mulago National Referral Hospital (Mulago III)","Contribute to the attainment of the health related goal of the HSSIP: ‘reduced morbidity and mortality from the major causes of ill-health and premature death, and reduced disparities therein","2.2","2012","Completed","Loan","Project Financing","Other Funds"
"Benin","Smallholders Agricultural Productivity Enhancement Program for Sub-Saharan Africa","The proposed program, being implemented in Sub_ Saharan Africa (Benin, Burkina Faso, Cameroon, Mali, Niger), aims at rapidly scale up staple food production and increase agricultural productivity, food security and income among small farm holders and households.","2.280395","2012","Completed","Loan","Project Financing","IsDB OCR"
"Benin","Smallholders Agricultural Productivity Enhancement Program for Sub-Saharan Africa","The proposed program, being implemented in Sub_ Saharan Africa (Benin, Burkina Faso, Cameroon, Mali, Niger), aims at rapidly scale up staple food production and increase agricultural productivity, food security and income among small farm holders and households.","2.48","2012","Completed","Loan","Project Financing","Other Funds"
"Cameroon","Smallholders Agricultural Productivity Enhancement Program for Sub-Saharan Africa","The project being implemented in eight countries in Sub_ Saharan Africa aims at rapidly scale up staple food production and increase agricultural productivity, food security and income among small farm holders and households.","2.54","2012","Completed","Loan","Project Financing","Other Funds"
"Burkina Faso","Smallholders Agricultural Productivity Enhancement Program for Sub-Saharan Africa","The project aims at rapidly scaling up staple food production and increasing agricultural productivity, food security and income among small farm holders and households.","2.640458","2012","Completed","Loan","Project Financing","IsDB OCR"
"Chad","Rice Value Chain Development Project in the Plaine of Chari-Logone","The project aims at improving food security by increasing agricultural production and productivity esp. rice production through the development of the rice value chain, improving rural income, and the welfare of the local population in the Chari_Logone area.","2.72","2012","Completed","Instalment Sale","Project Financing","IsDB OCR"
"Mali","Smallholders Agricultural Productivity Enhancement Program for Sub-Saharan Africa (SAPEP-SSA)-Mali","The objective of the proposed program is to increase the productivity of rain fed and irrigated agricultural production systems, targeting smallholders in Benin, Burkina Faso, Cameroon, Mail and Niger.","2.745476","2012","Completed","Loan","Project Financing","IsDB OCR"
"Niger","Smallholders Agricultural Productivity Enhancement Program for Sub-Saharan Africa (SAPEP-SSA)-Niger","The objective of the proposed program is to increase the productivity of rain fed and irrigated agricultural production systems, targeting smallholders in Benin, Burkina Faso, Cameroon, Mali and Niger","2.745476","2012","Completed","Loan","Project Financing","IsDB OCR"
"Kyrgyz Republic","Sustainable Villages Project","The primary objective of the Project is to reduce poverty in the project area, namely Jaiyl, Kemin and Panfilov Raion (District) in Chui Oblast (Province), with the help of low-cost, sustainable and community-led interventions that are tailored to the communities' specific needs.","3","2012","Completed","Loan","Project Financing","Other Funds"
"Côte d'Ivoire","Post-Conflict Reconstruction and Community Development Project","The project's development objective is to meet urgent community-driven recovery and development needs, empower the beneficiary - communities and improve their livelihood and welfare through: (a) financing rural infrastructure; (b) developing, strengthening and synergizing pro-poor local institutions/groups; (c) enhancing skills and capacities of the rural poor, especially the youth and women.","4","2012","Active","Loan","Project Financing","Other Funds"
"Guinea","Support to the Primary Education Sector Program of Guinea","The objective of the project is to contribute to the achievement of theEducation Sector Program goal (2008-2015), which aims at universal primary educationthrough enhanced access and quality in the education sector.","4","2012","Completed","Loan","Project Financing","Other Funds"
"Mozambique","Sustainable Village Project","Reduce poverty in the project locality, namely, the Molumo Sede village cluster in the Milange District of Zambezia Province, with the help of low-cost, sustainable and community-led interventions","4","2012","Completed","Loan","Project Financing","Other Funds"
"Tajikistan","Vocational Literacy Program for Poverty Reduction Project (VOLIP)","The project aims at reducing poverty, particularly rural youth and women by enhancing access to education from the primary to the university level and help unskilled women workers access to job functional literacy, skills training and microfinance.","4.457964","2012","Completed","Loan","Project Financing","IsDB OCR"
"Chad","Vocational Literacy Program for Poverty Reduction (VOLIP)","The project aims at helping reduce poverty, particularly among rural youth and women by (i) equipping them with relevant functional literacy competencies and basic livelihood skills; and (ii) giving them access to micro_finance schemes to enable them improve their livelihoods.","4.824372","2012","Completed","Loan","Project Financing","IsDB OCR"
"Uganda","COMMMERCIAL & RESIDENTIAL COMPLEX FOR UMEA IN KAMPALA","Generate income for UMEA, which will be used to finance the UMEA's activities in suppo1ting its numerous Islamic schools and needy students at the primary and secondary levels.","4.84","2012","Completed","Leasing","Project Financing","Other Funds"
"Mauritania","Solar Rural Electrification Project in Aftout Elchargui Zone","improving the living standards of the population by supplying cleanrenewable energy to rural communities of 30 localities in the 3 regions of Assaba, Gorgol and Tagant that are affected by extreme poverty","4.9","2012","Completed","Loan","Project Financing","Other Funds"
"Mozambique","Sustainable Village Project","Reduce poverty in the project locality, namely, the Molumo Sede village cluster in the Milange District of Zambezia Province, with the help of low-cost, sustainable and community-led interventions","4.915974","2012","Completed","Loan","Project Financing","IsDB OCR"
"Djibouti","Dryland Project","The project aims at reducing vulnerability of the pastoral and agro_ pastoral communities to recurrent drought and poverty.","4.995815","2012","Completed","Loan","Project Financing","IsDB OCR"
"Djibouti","Dryland Project","The project aims at reducing vulnerability of the pastoral and agro_ pastoral communities to recurrent drought and poverty.","5","2012","Completed","Loan","Project Financing","Other Funds"
"Senegal","Women Entrepreneurship Development and Youth Employment Support Project","The project objective is to improve living conditions of women through gainful employment in the agriculture value chain and helping establish agribusiness facilities through microfinance to develop entrepreneurship skills in women.","5","2012","Completed","Loan","Project Financing","Other Funds"
"Uganda","Dryland Integrated Development Project","Increase income and reduce poverty among the pastoral population in Karamoja region of Northern Uganda through the strengthening of pastoralist production systems and the improvement of community access to basic services","5","2012","Completed","Loan","Project Financing","Other Funds"
"Bangladesh","Agricultural Support for Smallholders in South-Western Region of Bangladesh Project","The project aims at improving the livelihood of rural communities, especially the landless marginal small farmers in a region devastated by powerful cyclone “Sidr”.","5.356","2012","Completed","Instalment Sale","Project Financing","IsDB OCR"
"Lebanon","Support to Secondary and Tertiary Healthcare Services Project in Southern Lebanon (Tyre Public Hospital)","The project aims at improving the access to quality public healthcare services in Southern Lebanon through constructing and equipping a 70-beds public hospital in Tyre District. The project is planned to benefit more than 280,000 inhabitants and will contribute to the reduction of the number of patients seeking medical care outside the district by 50%.The project is part of the Framework Agreement (FWA) signed between the GoL and IsDB for the Reconstruction Program for Lebanon. The project also supports thrust III of the IsDB Vision 1440H i.e. “Promotion of health of the population of member countries”. The Government of Lebanon (GoL) allocated its financial contribution for land acquisition, for parts of the civil/electromechanical works of the hospital and for hiring the consultancy services related to detailed engineering design, civil works supervision and medical equipment. IsDB finances all the remaining scope of the project.","5.45","2012","Active","Instalment Sale","Project Financing","IsDB OCR"
"Tajikistan","Vocational Literacy Program for Poverty Reduction Project (VOLIP)","The project aims at reducing poverty, particularly rural youth and women by enhancing access to education from the primary to the university level and help unskilled women workers access to job functional literacy, skills training and microfinance.","5.52","2012","Completed","Loan","Project Financing","Other Funds"
"Chad","Vocational Literacy Program for Poverty Reduction (VOLIP)","The project aims at helping reduce poverty, particularly among rural youth and women by (i) equipping them with relevant functional literacy competencies and basic livelihood skills; and (ii) giving them access to micro_finance schemes to enable them improve their livelihoods.","6","2012","Completed","Loan","Project Financing","Other Funds"
"Mali","Millennium Village Program (MVP) Phase 2","The objectives of this project are to (i) accelerate the achievement of the MDGs at the project sites; (ii) to use science in designing a set of innovative, widely applicable tools and systems for achieving the MDCJS; and (iii) to develop local and national capacity to sustain and scale up these critical efforts.","6","2012","Completed","Loan","Project Financing","Other Funds"
"Kyrgyz Republic","Sustainable Villages Project","The primary objective of the Project is to reduce poverty in the project area, namely Jaiyl, Kemin and Panfilov Raion (District) in Chui Oblast (Province), with the help of low-cost, sustainable and community-led interventions that are tailored to the communities' specific needs.","6.1102","2012","Completed","Loan","Project Financing","IsDB OCR"
"Mali","Support to the Social Housing Program in Mali","The project objective is to provide access to decent and affordable houses and basic infrastructure and utilities","6.303212","2012","Completed","Istisna'a","Project Financing","IsDB OCR"
"Djibouti","Basic Education Support Project","The project objective is to increase access to and quality of the intermediate basic education and reduce schooling disparities in favour of disadvantaged urban areas and more specifically in the District of Arhiba.","6.305271","2012","Completed","Loan","Project Financing","IsDB OCR"
"Mali","Support to the Social Housing Program in Mali","The project objective is to provide access to decent and affordable houses and basic infrastructure and utilities","6.455717","2012","Completed","Loan","Project Financing","IsDB OCR"
"Côte d'Ivoire","Support for Enhancement of Cardiology Services in Bouake Project","The project aims at improving the access and quality of cardiology services through the construction and equipping of a national referral cardiology centre and providing cardiology training to health personnel.","7.038299","2012","Active","Loan","Project Financing","IsDB OCR"
"Benin","Smallholders Agricultural Productivity Enhancement Program for Sub-Saharan Africa","The proposed program, being implemented in Sub_ Saharan Africa (Benin, Burkina Faso, Cameroon, Mali, Niger), aims at rapidly scale up staple food production and increase agricultural productivity, food security and income among small farm holders and households.","7.54","2012","Completed","Istisna'a","Project Financing","IsDB OCR"
"Albania","Construction of Durres Fishing Port Project","The project aims at providing a separate strategically located and fully operational new fishing port enabling the fishing vessels berth safely and discharge their catch.","7.58","2012","Completed","Istisna'a","Project Financing","IsDB OCR"
"Guinea","Support to the Primary Education Sector Program of Guinea","The objective of the project is to contribute to the achievement of theEducation Sector Program goal (2008-2015), which aims at universal primary educationthrough enhanced access and quality in the education sector.","7.72215","2012","Completed","Loan","Project Financing","IsDB OCR"
"Uganda","COMMMERCIAL & RESIDENTIAL COMPLEX FOR UMEA IN KAMPALA","Generate income for UMEA, which will be used to finance the UMEA's activities in suppo1ting its numerous Islamic schools and needy students at the primary and secondary levels.","7.75","2012","Completed","Leasing","Project Financing","IsDB OCR"
"Cameroon","Smallholders Agricultural Productivity Enhancement Program for Sub-Saharan Africa","The project being implemented in eight countries in Sub_ Saharan Africa aims at rapidly scale up staple food production and increase agricultural productivity, food security and income among small farm holders and households.","7.79","2012","Completed","Istisna'a","Project Financing","IsDB OCR"
"Niger","Smallholders Agricultural Productivity Enhancement Program for Sub-Saharan Africa (SAPEP-SSA)-Niger","The objective of the proposed program is to increase the productivity of rain fed and irrigated agricultural production systems, targeting smallholders in Benin, Burkina Faso, Cameroon, Mali and Niger","7.92","2012","Completed","Istisna'a","Project Financing","IsDB OCR"
"Mauritania","Solar Rural Electrification Project in Aftout Elchargui Zone","improving the living standards of the population by supplying cleanrenewable energy to rural communities of 30 localities in the 3 regions of Assaba, Gorgol and Tagant that are affected by extreme poverty","8","2012","Completed","Instalment Sale","Project Financing","IsDB OCR"
"Uganda","Community Agricultural Infrastructure Improvement Program-3 (CAIIP-3)","contribute to rural poverty reduction and economic growth in Uganda through improvements in rural infrastructure and enhanced commercialization of agriculture","8.04648","2012","Completed","Loan","Project Financing","IsDB OCR"
"Pakistan","Basic Education for the Poor Project","The main objective of the project is to provide access to free quality basic education services for children in un-served, under-served poor and disadvantaged communities","8.07","2012","Completed","Loan","Project Financing","Other Funds"
"Uganda","Support to the Development of a Specialized Maternal & Neonatal Healthcare Unit in Mulago National Referral Hospital (Mulago III)","Contribute to the attainment of the health related goal of the HSSIP: ‘reduced morbidity and mortality from the major causes of ill-health and premature death, and reduced disparities therein","8.31","2012","Completed","Instalment Sale","Project Financing","IsDB OCR"
"Senegal","Construction and Equipping of Dalal Jamm Hospital Project (Supplementary Financing)","Project will strengthen present health services, particularly at the referral hospital level, supporting the training of health professionals and contributing to medical research.","8.4","2012","Completed","Instalment Sale","Project Financing","IsDB OCR"
"Burkina Faso","Smallholders Agricultural Productivity Enhancement Program for Sub-Saharan Africa","The project aims at rapidly scaling up staple food production and increasing agricultural productivity, food security and income among small farm holders and households.","8.6","2012","Completed","Istisna'a","Project Financing","IsDB OCR"
"Lebanon","Support to Secondary and Tertiary Healthcare Services Project in Southern Lebanon (Tyre Public Hospital)","The project aims at improving the access to quality public healthcare services in Southern Lebanon through constructing and equipping a 70-beds public hospital in Tyre District. The project is planned to benefit more than 280,000 inhabitants and will contribute to the reduction of the number of patients seeking medical care outside the district by 50%.The project is part of the Framework Agreement (FWA) signed between the GoL and IsDB for the Reconstruction Program for Lebanon. The project also supports thrust III of the IsDB Vision 1440H i.e. “Promotion of health of the population of member countries”. The Government of Lebanon (GoL) allocated its financial contribution for land acquisition, for parts of the civil/electromechanical works of the hospital and for hiring the consultancy services related to detailed engineering design, civil works supervision and medical equipment. IsDB finances all the remaining scope of the project.","8.643922","2012","Active","Loan","Project Financing","IsDB OCR"
"Bangladesh","Agricultural Support for Smallholders in South-Western Region of Bangladesh Project","The project aims at improving the livelihood of rural communities, especially the landless marginal small farmers in a region devastated by powerful cyclone “Sidr”.","8.644","2012","Completed","Istisna'a","Project Financing","IsDB OCR"
"Mali","Smallholders Agricultural Productivity Enhancement Program for Sub-Saharan Africa (SAPEP-SSA)-Mali","The objective of the proposed program is to increase the productivity of rain fed and irrigated agricultural production systems, targeting smallholders in Benin, Burkina Faso, Cameroon, Mail and Niger.","8.85","2012","Completed","Istisna'a","Project Financing","IsDB OCR"
"Benin","Tovegbame Bridge Project","The project aims at constructing a bridge to improve year-round accessibility and traffic level in addition to reducing accidents in the flood area.","9.069547","2012","Completed","Loan","Project Financing","IsDB OCR"
"Mauritania","Construction of Nema-Bangou-Bassikounou-Fassala Road Project","Facilitating the transport of passengers and goods in the Hodh Ech Chargui Province, which capital is Nema.","9.263558","2012","Completed","Loan","Project Financing","IsDB OCR"
"Côte d'Ivoire","Support for Enhancement of Cardiology Services in Bouake Project","The project aims at improving the access and quality of cardiology services through the construction and equipping of a national referral cardiology centre and providing cardiology training to health personnel.","9.76","2012","Active","Instalment Sale","Project Financing","IsDB OCR"
"Chad","Rice Value Chain Development Project in the Plaine of Chari-Logone","The project aims at improving food security by increasing agricultural production and productivity esp. rice production through the development of the rice value chain, improving rural income, and the welfare of the local population in the Chari_Logone area.","9.841706","2012","Completed","Loan","Project Financing","IsDB OCR"
"Niger","Gorou Banda Thermal Power Project","The project aims at improving electricity generation capacity and the reinforcement of the electricity network.","9.87876","2012","Completed","Loan","Project Financing","IsDB OCR"
"Burkina Faso","Strengthening of the National Primary Health Care Services Project","The project aims at contributing to achieve the objectives of the national health development plan 2011_2020.","9.894005","2012","Completed","Loan","Project Financing","IsDB OCR"
"Nigeria","Zaria Water Supply Expansion Project","The project aims at improving access to sustainable water supply services in the city of Zaria and its environs thus improving the living conditions and public health with the associated gender impact.","9.90925","2012","Completed","Loan","Project Financing","IsDB OCR"
"Kyrgyz Republic","Reconstruction of Taraz-Talas-Suusamyr Road (Phase III) Project","The project aims to stimulate economic growth and contribute reaching the objectives of the government's Poverty Reduction Strategy Program","10.069693","2012","Completed","Loan","Project Financing","IsDB OCR"
"Côte d'Ivoire","Post-Conflict Reconstruction and Community Development Project","The project's development objective is to meet urgent community-driven recovery and development needs, empower the beneficiary - communities and improve their livelihood and welfare through: (a) financing rural infrastructure; (b) developing, strengthening and synergizing pro-poor local institutions/groups; (c) enhancing skills and capacities of the rural poor, especially the youth and women.","10.07622","2012","Completed","Loan","Project Financing","IsDB OCR"
"Gambia","Bilingual Education Support Project","The objective of the project is to contribute to the Education Strategy aiming at improving access, quality and relevance of  Madrassah education.","10.084576","2012","Completed","Loan","Project Financing","IsDB OCR"
"Bangladesh","Enhancing the Madrassa Learning Environment Project","The objective is to enhance the learning environment for madrassas in flood and low land areas for improved learning outcomes.","10.201768","2012","Completed","Loan","Project Financing","IsDB OCR"
"Maldives","Microenterprise Development Project","The overall objectives of the project are diversification of the economy, providing access to markets, and providing access to finance for Microenterprises in the Atolls.","10.488429","2012","Completed","Loan","Project Financing","IsDB OCR"
"Mauritania","Construction of Nema-Bangou-Bassikounou-Fassala Road Project","Facilitating the transport of passengers and goods in the Hodh Ech Chargui Province, which capital is Nema.","11.15","2012","Completed","Istisna'a","Project Financing","IsDB OCR"
"Togo","Rural Water Supply Project in the Regions of Maritime and Plateaux","The project aims at contributing to poverty reduction in Togo through the provision of basic services with a view to reducing per capita total expenditure on health and the number of water, sanitation and hygiene attributable deaths through  increase access to safe drinking water supply.","11.687025","2012","Completed","Loan","Project Financing","IsDB OCR"
"Yemen","Support to the Development of the Faculty of Engineering, University of Aden","The project development objective is to provide relevant skills to graduates of the Aden Faculty of Engineering in order to increase their employability.","11.687025","2012","Completed","Loan","Project Financing","IsDB OCR"
"Pakistan","Support to the Polio Eradication Program","The project aims at stopping wild poliovirus transmission in Pakistan through country wide mass polio vaccination campaigns targeting all children below five years of age.","12","2012","Completed","Loan","Project Financing","Other Funds"
"Chad","Rice Value Chain Development Project in the Plaine of Chari-Logone","The project aims at improving food security by increasing agricultural production and productivity esp. rice production through the development of the rice value chain, improving rural income, and the welfare of the local population in the Chari_Logone area.","12.18","2012","Completed","Istisna'a","Project Financing","IsDB OCR"
"Côte d'Ivoire","Post-Conflict Reconstruction and Community Development Project","The project's development objective is to meet urgent community-driven recovery and development needs, empower the beneficiary - communities and improve their livelihood and welfare through: (a) financing rural infrastructure; (b) developing, strengthening and synergizing pro-poor local institutions/groups; (c) enhancing skills and capacities of the rural poor, especially the youth and women.","14","2012","Completed","Istisna'a","Project Financing","IsDB OCR"
"Chad","Rice Value Chain Development Project in the Plaine of Chari-Logone","The project aims at improving food security by increasing agricultural production and productivity esp. rice production through the development of the rice value chain, improving rural income, and the welfare of the local population in the Chari_Logone area.","14.89","2012","Completed","Istisna'a","Project Financing","IsDB OCR"
"Senegal","Women Entrepreneurship Development and Youth Employment Support Project","The project objective is to improve living conditions of women through gainful employment in the agriculture value chain and helping establish agribusiness facilities through microfinance to develop entrepreneurship skills in women.","14.919732","2012","Completed","Loan","Project Financing","IsDB OCR"
"Uganda","Dryland Integrated Development Project","Increase income and reduce poverty among the pastoral population in Karamoja region of Northern Uganda through the strengthening of pastoralist production systems and the improvement of community access to basic services","14.991318","2012","Completed","Loan","Project Financing","IsDB OCR"
"Sierra Leone","Construction of Pendembu-Kailahun Road Project","The project aims at enhancing accessibility of the South Eastern agricultural provinces to the other parts of the country as well as developing trade exchange between Sierra Leone and its neighbouring countries, namely Guinea and Liberia.","15.042152","2012","Completed","Loan","Project Financing","IsDB OCR"
"Egypt","Support to the Development of Al-Azhar University Specialized Hospital Project","The project aims at contributing to the achievement of the NHS and the HSR's main goal of improving the health standards of the population through increasing access to and quality of pubic healthcare services at the tertiary level.  The specific objective of the project is to enhance the specialized healthcare services provided by Al-Azhar Institution through the completion of AUSH.","15.115912","2012","Completed","Loan","Project Financing","IsDB OCR"
"Niger","Arlit-Assamaka (Algerian Border) Road Project","To promote regional integration and trade between the Maghreb countries and Niger.","15.135414","2012","Completed","Loan","Project Financing","IsDB OCR"
"Lebanon","Hadath El Jubba - Bqerqasha Road Project","The project aims to improves are to improve road safety and level of service on the Hadath El Jubaa - Bqerqasha road section (10.2 km) and improve year around access to the neighbouring villages and the Cedars in this mountainous area.","16","2012","Completed","Istisna'a","Project Financing","IsDB OCR"
"Tajikistan","Secondary Schools Development Project","The project aims at increasing access to improve quality of secondary education through construction and equipping of schools, training of teachers, curriculum development and capacity building.","17.351674","2012","Completed","Loan","Project Financing","IsDB OCR"
"Uganda","Support to the Development of a Specialized Maternal & Neonatal Healthcare Unit in Mulago National Referral Hospital (Mulago III)","Contribute to the attainment of the health related goal of the HSSIP: ‘reduced morbidity and mortality from the major causes of ill-health and premature death, and reduced disparities therein","19.491148","2012","Completed","Loan","Project Financing","IsDB OCR"
"Sudan","Rainwater Harvesting in White Nile, South Kordofan, Sinnar and Darfur States Project","The  main  objective  of  the  project  is  to  improve  the  living  conditions  of  the  Internally Displaced  Persons  (IDP)  in  the  region  of  White  Nile,  South  Kordofan,  Sinnar  and  Darfur States by securing water for human and their livestock consumption and promote sustainable peace  among  farmers  and  nomads","19.577081","2012","Completed","Loan","Project Financing","IsDB OCR"
"Mali","Integrated Rural Development Project of the District of Kita (Phase-II)","The overall objective of the project is to improve the incomes and livelihoods of the population of Mali in general and the inhabitants of the district of Kita in particular.","20","2012","Completed","Istisna'a","Project Financing","IsDB OCR"
"Sierra Leone","Linking Smallholder Farmers to Market Project","The project aimed at contributing to the Government’s efforts in increasing smallholder farm incomes, production efficiency and improving agricultural productivity; commercialization of the development of agriculture for the creation of employment opportunities, especially for the youth, and improving food security.","20","2012","Completed","Istisna'a","Project Financing","IsDB OCR"
"Uzbekistan","Reconstruction of Main Irrigation Canals of Tashsaka Irrigation System","The project aims at contributing to food security and helping enhance agricultural income through improved agricultural production and productivity by reconstruction of irrigation canals that will enhance water availability.","20.02","2012","Completed","Istisna'a","Project Financing","IsDB OCR"
"Lebanon","Saida City Infrastructure Development Project","The project aims at addressing the compelling needs to improve in an integrated manner the   deteriorated   and   inadequate municipal water,   sanitation, electricity and   road infrastructure  in  Saida  city.","20.33","2012","Completed","Istisna'a","Project Financing","IsDB OCR"
"Niger","Gorou Banda Thermal Power Project","The project aims at improving electricity generation capacity and the reinforcement of the electricity network.","23.979138","2012","Completed","Istisna'a","Project Financing","IsDB OCR"
"Egypt","Vocational Education and Training for Employment Project","The project objective is to improve the employability of Egyptian youth by providing quality and relevant skills through creating tailored training programs that respond to the market labor needs.","25","2012","Completed","Istisna'a","Project Financing","IsDB OCR"
"Tunisia","Vocational Education and Training for Employment Project","To Develop the Vocational Education and Training (VET) System to equip its graduates with the relevant skills to improve their employability","25","2012","Completed","Istisna'a","Project Financing","IsDB OCR"
"Gambia","Enhancing Value-Addition in the Groundnut Sector","The objective of the project is to modernize, expand and expand the efficiency of the Gambia Groundnut Corporation (GGC) operations.","27.37","2012","Completed","Istisna'a","Project Financing","IsDB OCR"
"Mali","Balingue II Power Plant Project","The main objective of theproject is to urgently alleviate the electricity shortage anticipated in 2013 and secure the power supply.","31.167808","2012","Completed","Leasing","Project Financing","IsDB OCR"
"Egypt","National Agricultural Subsurface Drainage (Phase III) Project","The project's main goal is to contribute toEgypt’s food security and to promote sustainable agricultural development and economic growth, as well as improve welfare of the rural populations.","32.3","2012","Completed","Istisna'a","Project Financing","IsDB OCR"
"Uganda","Enhancing National Food Security through Increased Rice Production Project","The project aims at increasing the area under protective irrigation lowland rice production, doubling the productivity of small scale producers, facilitating the development of agro_processing and marketing for rice output from small scale producers, and providing smallholder rice producers steady access to improved inputs.","34.05","2012","Completed","Istisna'a","Project Financing","IsDB OCR"
"Tunisia","Integrated Agricultural Development Project In Kef and Kasserine Governorates","The project aims at improving  agricultural production & productivity and food security by developing the agricultural potential, restoring natural resources and improving rural income & welfare in the rural areas of Kef and Kasserine.","34.6","2012","Completed","Istisna'a","Project Financing","IsDB OCR"
"Uzbekistan","Support to Development of Oncology Services Project","The project aims at improving access to and the quality of medical diagnostics and treatment services for cancer patients through the establishment of Oncology Centres and provision of modern medical equipment at different locations in Uzbekistan.","37.04","2012","Completed","Instalment Sale","Project Financing","IsDB OCR"
"Pakistan","Support to the Polio Eradication Program","The project aims at stopping wild poliovirus transmission in Pakistan through country wide mass polio vaccination campaigns targeting all children below five years of age.","38.747541","2012","Completed","Instalment Sale","Project Financing","IsDB OCR"
"Bahrain","Support to the National Water Transmission and Storage Infrastructure Development (Phase II) Project","The project aims at fostering the integration and operational flexibility of the national water infrastructure and improving the water services level in all parts of Bahrain.","40","2012","Completed","Instalment Sale","Project Financing","IsDB OCR"
"Mauritania","Dhar Rural Water Supply Project","The project aims to improve the quality of life of the people by providing access to safe drinking water through two distinct water production and distribution networks that will also reduce the incidence of waterborne diseases.","47.27","2012","Completed","Istisna'a","Project Financing","IsDB OCR"
"Yemen","Youth Employment Support Through Labor Intensive Public Works","The objective of this project is to contribute to youth employment and income generating opportunities through Labor Intensive Public Works.","50","2012","Completed","Istisna'a","Project Financing","IsDB OCR"
"Senegal","Upgrading of Dakar Expressway Section II Project","The project main objective is to contribute to the country's social and economic development and essentially the increase of the gross domestic product (GDP) and the well-being of the populations through connecting several economically important locations and providing access to the centre of Dakar.","61","2012","Completed","Istisna'a","Project Financing","IsDB OCR"
"Pakistan","Foundation Wind Project I","The project involves construction, erection, and operation of two (50 MW each) wind power firms In the Sindh Province of Pakistan. Both the projects will supply much needed power to national grid under 20 year take_or_pay Energy Purchase Agreement (EPA). Total cost of the two projects are estimated at US$ 280 million (US$ 140 million for each Project) and the capital structure envisaged for the Projects Is based on a Debt/Equity ratio of 75:25.","62.147771","2012","Completed","Leasing","Project Financing","IsDB OCR"
"Pakistan","Foundation Wind Project II","The project involves construction, erection, and operation of two (50 MW each) wind power firms In the Sindh Province of Pakistan. Both the projects will supply much needed power to national grid under 20 year take_or_pay Energy Purchase Agreement (EPA). Total cost of the two projects are estimated at US$ 280 million (US$ 140 million for each Project) and the capital structure envisaged for the Projects Is based on a Debt/Equity ratio of 75:25.","62.270199","2012","Completed","Leasing","Project Financing","IsDB OCR"
"Uzbekistan","Reconstruction of Main Irrigation Canals of Tashsaka Irrigation System","The project aims at contributing to food security and helping enhance agricultural income through improved agricultural production and productivity by reconstruction of irrigation canals that will enhance water availability.","70.35","2012","Completed","Istisna'a","Project Financing","IsDB OCR"
"Nigeria","Zaria Water Supply Expansion Project","The project aims at improving access to sustainable water supply services in the city of Zaria and its environs thus improving the living conditions and public health with the associated gender impact.","71","2012","Completed","Istisna'a","Project Financing","IsDB OCR"
"Bahrain","Support to the National Water Transmission and Storage Infrastructure Development (Phase II) Project","The project aims at fostering the integration and operational flexibility of the national water infrastructure and improving the water services level in all parts of Bahrain.","80","2012","Completed","Istisna'a","Project Financing","IsDB OCR"
"Morocco","Water Supply Project in Eight Provinces","Improving the welfare of the rural population through increasing the access rate of rural localities to reliable, sustainable and safe drinking water","84.79","2012","Completed","Istisna'a","Project Financing","IsDB OCR"
"Iran","Sarney Dam and Water Supply System Project","The objective of the proposed project is to improve quality of life of the people in the city of Bandar Abbas and neighbouring villages by securing 19 mcm/year of safe drinking water.","86.615197","2012","Completed","Istisna'a","Project Financing","IsDB OCR"
"Pakistan","Support to the Polio Eradication Program","The project aims at stopping wild poliovirus transmission in Pakistan through country wide mass polio vaccination campaigns targeting all children below five years of age.","89.941982","2012","Completed","Instalment Sale","Project Financing","IsDB OCR"
"U.A.E.","Emirates Aluminium Expansion (Phase II) Project","The projects objective is to increase the production capacityof EMAL, which will translate into additional jobs, strengthening the macroeconomicfundamentals of UAE by increased exports, and strengthening UAE's position in themetal manufacturing sector.","100","2012","Completed","Leasing","Project Financing","IsDB OCR"
"Iran","Support to the Development of the Dr. Shariati Hospital Project","The Project Development Objective (PDO) is to enhance the access to and quality of healthcare services through: modernizing & expanding the capacity of the DSH from the existing 530 beds to 836 beds (expandable to 1,000 beds), providing medical and non-medical equipment, and establishing a modern hospital health management information system.","117.287877","2012","Completed","Istisna'a","Project Financing","IsDB OCR"
"Indonesia","Support to Development of Islamic Higher Education Project","The project aims to support the IHE Strategy of the GOI which aims at developing qualified and competitive workforce","123.75","2012","Completed","Istisna'a","Project Financing","IsDB OCR"
"Iran","Azarbaijan Power Transmission Project","The  project  objective  is  to  improve  the  reliability  and  quality  of  the  currently  overloaded  transmission  network  in  the  provinces  of  West  Azarbaijan,  East  Azarbaijan  and  Ardabil  to  meet  the increasing demand for electricity.","152.544232","2012","Completed","Instalment Sale","Project Financing","IsDB OCR"
"Egypt","South Helawn Power Plant Project","The project aims at promoting economic growth, improving the living standards of the population and satisfying the increasing demand for electricity. The project will also play an important role of stabilizing supply in the entire region.","173","2012","Completed","Leasing","Project Financing","IsDB OCR"
"Iran","Western Tehran Sanitation Project","The project will support the government's efforts to establish an effective and sustainable system for the improvement of wastewater collection and treatment.","175.240092","2012","Completed","Istisna'a","Project Financing","IsDB OCR"
"Tunisia","Sousse Combined Cycle Power Plant Project","Contributing to the efforts of Tunisia in meeting its growing power demandin a cost-effective, environmentally friendly and sustainable manner through the construction of a 400MW combined cycle power plant (CCPP)","189.062728","2012","Completed","Instalment Sale","Project Financing","IsDB OCR"
"Egypt","South Helawn Power Plant Project","The project aims at promoting economic growth, improving the living standards of the population and satisfying the increasing demand for electricity. The project will also play an important role of stabilizing supply in the entire region.","215","2012","Completed","Leasing","Project Financing","IsDB OCR"
"Pakistan","Support to the Polio Eradication Program","The project aims at stopping wild poliovirus transmission in Pakistan through country wide mass polio vaccination campaigns targeting all children below five years of age.","215","2012","Completed","Instalment Sale","Project Financing","IsDB OCR"
"Türkiye","Development of Ankara-Konya High Speed Railway Line Project","The overarching development objective is to facilitate the socio-economic development byproviding the time and cost effective, most modern and environment friendly high-speedrailway facility.","229.429026","2012","Completed","Instalment Sale","Project Financing","IsDB OCR"
"Yemen","Sana'a Water Supply Enhancement Project","The main objective of the project is to improve the well being of the population by providing access to sustainable water supply services through construction of new distribution system and upgrading existing water networks.","0.156036","2011","Completed","Loan","Project Financing","IsDB OCR"
"Egypt","Youth Employment Support (YES) Program","The project aims at improving the livelihoods and quality of life of unemployed potentially active youth by providing access to finance to MSEs financial services, business and market opportunities and networks with active private sector, and market oriented training and entrepreneurship facilities.","0.31124","2011","Completed","Technical Assistance","Technical Assistance Operations","Other Funds"
"Senegal","Support to the Dara Schools Development Project","The pilot project aims to address 'the right to quality education' by providing access for 20000 students to a schooling system which combines memorization of the Quraan and basic competencies of the formal education system.","0.43173","2011","Completed","Technical Assistance","Technical Assistance Operations","Other Funds"
"Togo","Access and Quality Improvement of Basic Education Project","The project aims at contributing to expanding and upgrading access to quality of Basic Education, and reducing regional gender disparities.","2","2011","Completed","Loan","Project Financing","Other Funds"
"Türkiye","School Development Program in Istanbul Project","Support the Republic of Turkey's Strategy for the development of higher vocational, primary and secondary education subsector and seismic risk mitigation activities in Istanbul.","2.307312","2011","Completed","Loan","Project Financing","IsDB OCR"
"Indonesia","Support to Quality Improvement of Vocational Training Centers Project","The project aims to support the GOI Strategy for the development of the vocational/technical education","2.5936","2011","Completed","Loan","Project Financing","IsDB OCR"
"Senegal","Support to the Dara Schools Development Project","The pilot project aims to address 'the right to quality education' by providing access for 20000 students to a schooling system which combines memorization of the Quraan and basic competencies of the formal education system.","2.63","2011","Completed","Loan","Project Financing","Other Funds"
"Egypt","Youth Employment Support (YES) Program","The project aims at improving the livelihoods and quality of life of unemployed potentially active youth by providing access to finance to MSEs financial services, business and market opportunities and networks with active private sector, and market oriented training and entrepreneurship facilities.","3.261604","2011","Completed","Mudaraba","Project Financing","IsDB OCR"
"Gambia","Implementation of National Component of ECOWAN Program in The Gambia","The project aims to deepen regional and national socio-economicintegration and the facilitation of national and regional trade and innovation by improving the ICT connectivity infrastructure in The Gambia.","3.984418","2011","Completed","Loan","Project Financing","IsDB OCR"
"Sierra Leone","Implementation of the National Component of the ECOWAN Program in Sierra Leone","The project objective is to deepen regional and national socio-economic integration and the facilitation of national & regional trade and innovation by improving the ICT connectivity infrastructure.","4.591838","2011","Completed","Loan","Project Financing","IsDB OCR"
"Indonesia","Development and Quality Improvement of Institute for Islamic Studies Sunan Ampel Surabaya","The project aims to support the Government of Indonesia(GOl) Strategy for the Islamic Higher Education (IHE)","4.6","2011","Completed","Instalment Sale","Project Financing","IsDB OCR"
"Indonesia","Reconstruction and Upgrading of the State University of Padang Project","The project aims to improve access, quality and relevanceof the education delivered by the State University of Padang (UNP)","4.87956","2011","Completed","Loan","Project Financing","IsDB OCR"
"Lebanon","Establishment of Three Schools in Priority Areas Project","The objective of the project is to improve the learning environment and equity of the primary and secondary education through construction of schools in the priority areas, which have been affected by war in 2006.","5.43609","2011","Completed","Loan","Project Financing","IsDB OCR"
"Egypt","Youth Employment Support (YES) Program","The project aims at improving the livelihoods and quality of life of unemployed potentially active youth by providing access to finance to MSEs financial services, business and market opportunities and networks with active private sector, and market oriented training and entrepreneurship facilities.","6.457096","2011","Completed","Mudaraba","Project Financing","IsDB OCR"
"Guinea","Rehabilitation of Tombo-5 Power Plant Project","The goal of this project is to support the economic growth and contribute in reducing poverty and improving the living conditions of the population of Guinea.","7.659648","2011","Completed","Loan","Project Financing","IsDB OCR"
"Cameroon","Integrated Development of Cotton and Food Crop Production Project","The project aims at enhancing cotton and food crops production in the Northern part of Cameroon which is poorest area, mainly dominated by rural small farmers having major income from agricultural activities, mainly cotton cultivation.","7.699986","2011","Completed","Instalment Sale","Project Financing","IsDB OCR"
"Gambia","20 MW Brikama II Power Project","The main objective of the project is to contribute towards providing reliable electricity supply in the Greater Banjul Area and the Western Region.","8.217715","2011","Completed","Loan","Project Financing","IsDB OCR"
"Egypt","Youth Employment Support (YES) Program","The project aims at improving the livelihoods and quality of life of unemployed potentially active youth by providing access to finance to MSEs financial services, business and market opportunities and networks with active private sector, and market oriented training and entrepreneurship facilities.","8.2813","2011","Completed","Mudaraba","Project Financing","IsDB OCR"
"Egypt","Youth Employment Support (YES) Program","The project aims at improving the livelihoods and quality of life of unemployed potentially active youth by providing access to finance to MSEs financial services, business and market opportunities and networks with active private sector, and market oriented training and entrepreneurship facilities.","8.5","2011","Completed","Mudaraba","Project Financing","IsDB OCR"
"Egypt","Youth Employment Support (YES) Program","The project aims at improving the livelihoods and quality of life of unemployed potentially active youth by providing access to finance to MSEs financial services, business and market opportunities and networks with active private sector, and market oriented training and entrepreneurship facilities.","8.5","2011","Completed","Mudaraba","Project Financing","IsDB OCR"
"Guinea","Rehabilitation of Tombo-5 Power Plant Project","The goal of this project is to support the economic growth and contribute in reducing poverty and improving the living conditions of the population of Guinea.","9.317369","2011","Completed","Instalment Sale","Project Financing","IsDB OCR"
"Azerbaijan","Flood Protection, Modernization and Expansion of the Irrigated Areas Project in Nakhchivan Autonomous Republic","The project aims at enhancing food security, reducing poverty and improving management of water resources and protecting lands.","9.52","2011","Completed","Istisna'a","Project Financing","IsDB OCR"
"Mali","Basic Urban Infrastructure for a Social Housing Project in Bamako","The overall project objective is to contribute to poverty alleviation and reduction of economic disparities in Bamako by providing decent and affordable properties with all the basic services and functionalities installed.","9.840728","2011","Completed","Istisna'a","Project Financing","IsDB OCR"
"Mauritania","Development of the National Cardiology Center Project","contribute to the achievement ofhealth related MDGs through the development of a NCC in Nouakchott","9.96696","2011","Completed","Loan","Project Financing","IsDB OCR"
"Egypt","Youth Employment Support (YES) Program","The project aims at improving the livelihoods and quality of life of unemployed potentially active youth by providing access to finance to MSEs financial services, business and market opportunities and networks with active private sector, and market oriented training and entrepreneurship facilities.","10","2011","Completed","Mudaraba","Project Financing","IsDB OCR"
"Lebanon","Bir El Heith - Qartaba Road Reconstruction Project","The project aims to  improve road safety on the Bir EI Heith -  Qartaba road section and improve access to the neighbouring villages in this mountainous area.","10","2011","Completed","Istisna'a","Project Financing","IsDB OCR"
"Mauritania","Development of the National Cardiology Center Project","contribute to the achievement ofhealth related MDGs through the development of a NCC in Nouakchott","10.083","2011","Completed","Instalment Sale","Project Financing","IsDB OCR"
"Mali","Basic Urban Infrastructure for a Social Housing Project in Bamako","The overall project objective is to contribute to poverty alleviation and reduction of economic disparities in Bamako by providing decent and affordable properties with all the basic services and functionalities installed.","10.665545","2011","Completed","Loan","Project Financing","IsDB OCR"
"Morocco","Support to the National Rural Roads Program (Phase II) (NRRP II)","Enhancing the livelihood of the rural communities of the project areas through the provision of safe, cost effective, all-year road access in the rural areas of the Chefchaouen province.","10.9844","2011","Completed","Loan","Project Financing","IsDB OCR"
"Guinea","Rehabilitation of Tombo-5 Power Plant Project","The goal of this project is to support the economic growth and contribute in reducing poverty and improving the living conditions of the population of Guinea.","11.209003","2011","Completed","Instalment Sale","Project Financing","IsDB OCR"
"Senegal","Municipal Solid Waste Management Project","Project objective is to contribute to improving health and environmental conditions in the targeted cities of Dakar, Kaolack, Tivaouane and Touba, which are home for more than 4.5 million inhabitants, in the western and central parts of Senegal","11.55","2011","Completed","Instalment Sale","Project Financing","IsDB OCR"
"Mozambique","National Rural Water Supply and Sanitation Project for Provinces of Cabo Delgado and Gaza","The satisfaction of basic human needs and the improvement of human well being through increased access to rural water supply and sanitation facilities in Cabo Delgado and Gaza","12.36823","2011","Completed","Loan","Project Financing","IsDB OCR"
"Mauritania","Nouakchott Water Distribution Network Upgrading Project","improve the well being of population by satisfying the water demand in the city for the horizons of 2015 and 2020","12.98","2011","Completed","Istisna'a","Project Financing","IsDB OCR"
"Togo","Access and Quality Improvement of Basic Education Project","The project aims at contributing to expanding and upgrading access to quality of Basic Education, and reducing regional gender disparities.","13.22175","2011","Completed","Loan","Project Financing","IsDB OCR"
"Sierra Leone","Kabala Water Supply Project","The project aims at providing safe and sustainable potable water to about 79,000 residents of Kabala City and the villages along the transmission line, through the construction of a new water treatment plant, a 22 km long transmission line and the relevant pipelines and equipment.","14.474768","2011","Completed","Loan","Project Financing","IsDB OCR"
"Uganda","Uganda National Education Support Project (Phase II) (Skills Development)","The project objective is to Improve access and quality of vocational/technical education through the expansion and upgrading of 3 technical colleges; and strengthening of capacity for improved vocational/technical education","14.60521","2011","Completed","Loan","Project Financing","IsDB OCR"
"Mauritania","Nouakchott Water Distribution Network Upgrading Project","improve the well being of population by satisfying the water demand in the city for the horizons of 2015 and 2020","14.835468","2011","Completed","Loan","Project Financing","IsDB OCR"
"Senegal","Support to the Dara Schools Development Project","The pilot project aims to address 'the right to quality education' by providing access for 20000 students to a schooling system which combines memorization of the Quraan and basic competencies of the formal education system.","15.23847","2011","Completed","Loan","Project Financing","IsDB OCR"
"Gambia","20 MW Brikama II Power Project","The main objective of the project is to contribute towards providing reliable electricity supply in the Greater Banjul Area and the Western Region.","17.46","2011","Completed","Leasing","Project Financing","IsDB OCR"
"Senegal","Municipal Solid Waste Management Project","Project objective is to contribute to improving health and environmental conditions in the targeted cities of Dakar, Kaolack, Tivaouane and Touba, which are home for more than 4.5 million inhabitants, in the western and central parts of Senegal","17.57164","2011","Completed","Loan","Project Financing","IsDB OCR"
"Egypt","Al-Suez Steam Power Plant Project","The project aims at increasing the capacity and maintaining the reliability of power generation","17.867207","2011","Completed","Leasing","Project Financing","IsDB OCR"
"Senegal","Small Scale Irrigation Support Project","The project aims to support the effort of Senegal to reduce the incidence of rural poverty exacerbated by the effects of climate change.","17.9","2011","Completed","Istisna'a","Project Financing","IsDB OCR"
"Bangladesh","Primary Education Development Project","The project aims at improving the quality of schools and classrooms environment for improved learning outcomes primarily in rural areas at risk of floods and cyclone disasters.","18.037646","2011","Completed","Loan","Project Financing","IsDB OCR"
"Tajikistan","Shagon-Zigar Road (Phase III) Project","The project aims at providing year-round, reliable and direct land transport services between the Western Tajikistan, including the capital Dushanbe, and the Eastern Region of Gorno_Badakhshan.","19.0015","2011","Completed","Loan","Project Financing","IsDB OCR"
"Sierra Leone","Implementation of the National Component of the ECOWAN Program in Sierra Leone","The project objective is to deepen regional and national socio-economic integration and the facilitation of national & regional trade and innovation by improving the ICT connectivity infrastructure.","20.35","2011","Completed","Istisna'a","Project Financing","IsDB OCR"
"Gambia","Implementation of National Component of ECOWAN Program in The Gambia","The project aims to deepen regional and national socio-economicintegration and the facilitation of national and regional trade and innovation by improving the ICT connectivity infrastructure in The Gambia.","23.694","2011","Completed","Istisna'a","Project Financing","IsDB OCR"
"Kyrgyz Republic","Improvement of Electricity Supply in Bishkek and Osh Cities Project","The project aims to improve the reliability and quality of electricity supply of the two largest cities of Kyrgyz Republic, Bishkek and Osh","24.29879","2011","Completed","Loan","Project Financing","IsDB OCR"
"Indonesia","Reconstruction and Upgrading of the State University of Padang Project","The project aims to improve access, quality and relevanceof the education delivered by the State University of Padang (UNP)","24.56","2011","Completed","Istisna'a","Project Financing","IsDB OCR"
"Lebanon","Development of Secondary and Tertiary Healthcare Services","The project main objective is to contribute to the achievement of the MDGs related to health by increasing the access to public healthcare services (Secondary & Tertiary) and supporting the equity of distribution of these services by the year 2015 in three targeted areas (Beirut, Ba' abda, and Sarafand).","27.18","2011","Active","Istisna'a","Project Financing","IsDB OCR"
"Indonesia","Support to Quality Improvement of Vocational Training Centers Project","The project aims to support the GOI Strategy for the development of the vocational/technical education","30","2011","Completed","Instalment Sale","Project Financing","IsDB OCR"
"Indonesia","Development and Quality Improvement of Institute for Islamic Studies Sunan Ampel Surabaya","The project aims to support the Government of Indonesia(GOl) Strategy for the Islamic Higher Education (IHE)","30.4","2011","Completed","Istisna'a","Project Financing","IsDB OCR"
"Azerbaijan","Flood Protection, Modernization and Expansion of the Irrigated Areas Project in Nakhchivan Autonomous Republic","The project aims at enhancing food security, reducing poverty and improving management of water resources and protecting lands.","55.31","2011","Completed","Istisna'a","Project Financing","IsDB OCR"
"Pakistan","Star Hydro Power Limited (The Patrind Project) PPP Project","The Project aims to help build a 147 MW run_of_river Hydro Power Plant that will meet the growing demand for energy and enable improved access to affordable, renewable energy.","60","2011","Completed","Leasing","Project Financing","IsDB OCR"
"Indonesia","Regional Roads Development Project","The project aims to promote sustainable economic growth and poverty reduction in Southern Java and Northern Kalimantan islands and the project areas","65","2011","Completed","Istisna'a","Project Financing","IsDB OCR"
"Iran","Rural Areas Wastewater Project, North-West and South-East Regions","The project aims at improving the quality of life in 62 villages, improving health, hygiene and environment conditions, and reducing water resources contamination.","84.123898","2011","Completed","Istisna'a","Project Financing","IsDB OCR"
"Uzbekistan","Khausak-Shady and Kandym (KSK) Gas Field Project","The project aims at developing and exploiting proven Gas reserves of the group of Kandym Gas fields and increasing production of fields developed in Phase 1.","100","2011","Completed","Instalment Sale","Project Financing","IsDB OCR"
"Türkiye","School Development Program in Istanbul Project","Support the Republic of Turkey's Strategy for the development of higher vocational, primary and secondary education subsector and seismic risk mitigation activities in Istanbul.","102.144793","2011","Completed","Istisna'a","Project Financing","IsDB OCR"
"Mauritania","Power Generation, Transmission and Distribution Program for Nouakchott City","The project aims at developing  electricity generation, transmission and distribution system in Nouakchott City and the national interconnected system.","105","2011","Completed","Leasing","Project Financing","IsDB OCR"
"Chad","Construction of Massakory-N'Gouri-Bol Road Project","The project aims at enhancing accessibility of the Northern Western agricultural Lake province to the other parts of the country as well as developing the trade exchange between Chad and Niger through upgrading the existing road (185 km) from an earth road to a modern paved one.","116.224026","2011","Completed","Istisna'a","Project Financing","IsDB OCR"
"Sudan","Dam Complex of Upper Atbara Project","The project aims at bringing prosperity to the people of Eastern Region of Sudan by increasing the irrigated land area and electric power generation through constructing a multipurpose dam complex with a dyke system joining the two main dams to form a common water storage reservoir.","135","2011","Active","Istisna'a","Project Financing","IsDB OCR"
"Morocco","Upgrading of Coal Unloading Terminal for the Expansion of the Jorf Lsfar Power Plant","The project aims to enlarge the coal terminal at Jorf Lasfar to accommodate berthing of large Bulk Carriers and Construction of a new Port Coal Quay that will help expedite unloading and increase storage capacity at this Industrial Port.","137.401954","2011","Completed","Istisna'a","Project Financing","IsDB OCR"
"Bangladesh","Bhola 225 MW Combined Cycle Power Plant Project","The project aims at enabling the GOB to meet the existing generation capacity deficit of over 1,500 MW in Bhola district. The project will supply to the national grid 1,420 GW to support and sustain economic growth.","180","2011","Completed","Leasing","Project Financing","IsDB OCR"
"Bahrain","Water Transmission and Storage Development Project","The project aims at improving the scarce water resource management and water supply services in different areas of Bahrain to meet the growing demands.","191","2011","Completed","Istisna'a","Project Financing","IsDB OCR"
"Bangladesh","Ashuganj Power Station Efficiency Improvement Project","The project aims at replacing old and inefficient steam and gas turbine plant units with a cumulative installed capacity of 274 MW at Ashuganj power station with a new high efficiency 450 MW combined cycle power plant.","200","2011","Completed","Leasing","Project Financing","IsDB OCR"
"Azerbaijan","Support to the National Water Supply and Sanitation Program in Six Regions Project","The project aims at constructing new water and wastewater treatment plants and installation of new water distribution networks and sewerage collection systems.","200.05","2011","Completed","Istisna'a","Project Financing","IsDB OCR"
"Türkiye","Reconstruction and Upgrading of Okmeydani Training Hospital under the Istanbul Seisemic Risk Mitigation and Preparedness Project","The overall objective of the project is to support the GOTR strategies for the development of the health sector and to contribute to the reduction of potential risks of foreseen/projected earthquake damages to basic services through the reconstruction of public buildings that are resistant against seismic risks.","218.700977","2011","Completed","Istisna'a","Project Financing","IsDB OCR"
"Albania","Tirana-Elbasan Road Project","The main objective of the project is to secure efficient and uninterrupted flow of traffic between Tirana and Elbasan.","257.874257","2011","Completed","Istisna'a","Project Financing","IsDB OCR"
"Uganda","Uganda National Education Support Project","The project aims at improving access to quality education through expansion and rehabilitation of existing Ugandan Technical Colleges and National Teachers College in post conflict areas, providing facilities for students to learn technical skills, and improving the quality and relevance of teaching of the technical and teacher colleges.","0.228467","2010","Completed","Technical Assistance","Technical Assistance Operations","Other Funds"
"Niger","Vocational Literacy Program for Poverty Reduction (VOLIP)","The main objective of the project is to improve the living conditions and to reduce the vulnerability of the poorest segments of the population,","0.240075","2010","Completed","Technical Assistance","Technical Assistance Operations","Other Funds"
"Albania","Microfinance Project - First Albanian Financial Dev Company (Reallocation)","The project aims at providing microfinance funding to impoverished population especially women working in agriculture sector in rural and mountainous areas.","0.31174","2010","Completed","Technical Assistance","Technical Assistance Operations","Other Funds"
"Sierra Leone","Palm Oil Production Project in the Framework of the C.B. Initiative","The objective of the project is to contribute in the improvement of food security, revenue and living standard of the rural population through the building of capacity of all stakeholders of the production, processing and marketing of palm oil in the framework of the South-South Cooperation with the contribution of the Government of Malaysia.","0.354504","2010","Completed","Technical Assistance","Technical Assistance Operations","Other Funds"
"Gambia","Community-Based Infrastructure and Livelihood Improvement Project","The project aims to empower the beneficiary communities and improve their livelihood and welfare.","0.420849","2010","Completed","Technical Assistance","Technical Assistance Operations","Other Funds"
"Benin","Integrated Microfinance Support Program for Benin","The program aims at improving the livelihoods of low income people through improving their access to microfinance facilities, market oriented training, and business opportunities","0.46119","2010","Completed","Technical Assistance","Technical Assistance Operations","Other Funds"
"Sierra Leone","Sierra Leone Community-Driven Development Project","The project objective is to assist fragile and vulnerable communities reduce poverty and build local capacity for collective action by improving the socio-economic conditions of the communities through interventions in Social/Basic Infrastructure related to Health, Education and Youth & Enterprise Development.","0.46119","2010","Completed","Technical Assistance","Technical Assistance Operations","Other Funds"
"Indonesia","The IDB PNPM - Integrated Community Driven Development (Phase II) Project","The project aims to improve the socio-economic conditions of communities in the targeted areas, especially women and the poorest","0.46761","2010","Completed","Technical Assistance","Technical Assistance Operations","Other Funds"
"Albania","Microfinance Project - First Albanian Financial Dev Company (Reallocation)","The project aims at providing microfinance funding to impoverished population especially women working in agriculture sector in rural and mountainous areas.","1","2010","Completed","Loan","Project Financing","Other Funds"
"Lebanon","EXTENSION AND RENOVATION OF BAZERKAN COMMERCIAL CENTER FOR MAKASSED","EXTENSION AND RENOVATION OF BAZERKAN COMMERCIAL CENTER  IN BEIRUT FOR MAKASSED","1.05","2010","Completed","Istisna'a","Project Financing","IsDB OCR"
"Burkina Faso","Basic Education Development (Project-4)","The project aims at supporting the 10_year basic education development plan.","1.51","2010","Completed","Loan","Project Financing","Other Funds"
"U.A.E.","COMM. BLDG. FUJAIRAH","COMM. BLDG. FUJAIRAH","2","2010","Completed","Leasing","Project Financing","Other Funds"
"Azerbaijan","Integrated Rural Development Project (JED DECLARATION)","The project objective is to assist small farmers to learn how to utilize their resources effectively and efficiently to achieve better productivity and profitability and environmental sustainability from both irrigated and rained crop production and livestock keeping through delivery of effective advisory and financial services.","2","2010","Completed","Loan","Project Financing","Other Funds"
"Sierra Leone","Palm Oil Production Project in the Framework of the C.B. Initiative","The objective of the project is to contribute in the improvement of food security, revenue and living standard of the rural population through the building of capacity of all stakeholders of the production, processing and marketing of palm oil in the framework of the South-South Cooperation with the contribution of the Government of Malaysia.","2","2010","Completed","Loan","Project Financing","Other Funds"
"U.A.E.","COMM. BLDG. FUJAIRAH","COMM. BLDG. FUJAIRAH","3","2010","Completed","Leasing","Project Financing","IsDB OCR"
"Indonesia","Development and Quality Improvement of the Semarang State University Project","The project aims to support the higher education substrategy of the Gol, which is aimed at improving the access, quality and accreditation of the tertiary education","3.491488","2010","Completed","Loan","Project Financing","IsDB OCR"
"Lebanon","EXTENSION AND RENOVATION OF BAZERKAN COMMERCIAL CENTER FOR MAKASSED","EXTENSION AND RENOVATION OF BAZERKAN COMMERCIAL CENTER  IN BEIRUT FOR MAKASSED","3.95","2010","Completed","Istisna'a","Project Financing","Other Funds"
"Sierra Leone","Palm Oil Production Project in the Framework of the C.B. Initiative","The objective of the project is to contribute in the improvement of food security, revenue and living standard of the rural population through the building of capacity of all stakeholders of the production, processing and marketing of palm oil in the framework of the South-South Cooperation with the contribution of the Government of Malaysia.","4.091567","2010","Completed","Loan","Project Financing","IsDB OCR"
"Niger","Vocational Literacy Program for Poverty Reduction (VOLIP)","The main objective of the project is to improve the living conditions and to reduce the vulnerability of the poorest segments of the population,","4.098789","2010","Completed","Loan","Project Financing","IsDB OCR"
"Albania","Microfinance Project - First Albanian Financial Dev Company (Reallocation)","The project aims at providing microfinance funding to impoverished population especially women working in agriculture sector in rural and mountainous areas.","4.161729","2010","Completed","Loan","Project Financing","IsDB OCR"
"Sierra Leone","Palm Oil Production Project in the Framework of the C.B. Initiative","The objective of the project is to contribute in the improvement of food security, revenue and living standard of the rural population through the building of capacity of all stakeholders of the production, processing and marketing of palm oil in the framework of the South-South Cooperation with the contribution of the Government of Malaysia.","4.68","2010","Completed","Istisna'a","Project Financing","IsDB OCR"
"Niger","COMMERCIAL & RESIDENTIAL COMPLEX FOR IUN IN NIAMEY","CONSTRUCTION OF A COMMERCIAL & RESIDENTIAL COMPLEX IN NIAMEY IN FAVOUR OF THE ISLAMIC UNIVERSITY OF NIGER","5","2010","Completed","Leasing","Project Financing","Other Funds"
"Benin","Integrated Microfinance Support Program for Benin","The program aims at improving the livelihoods of low income people through improving their access to microfinance facilities, market oriented training, and business opportunities","5","2010","Completed","Loan","Project Financing","Other Funds"
"Niger","Vocational Literacy Program for Poverty Reduction (VOLIP)","The main objective of the project is to improve the living conditions and to reduce the vulnerability of the poorest segments of the population,","5","2010","Completed","Loan","Project Financing","Other Funds"
"Sudan","Biological Control of Malaria Vector through the Sterile Insect Technique Project","The project aims at achieving the MDGs by reducing morbidity and mortality caused by Malaria in the Northern States of Sudan by 90% through the introduction of best practices and initiatives for control and elimination of Malaria vector.","5.005713","2010","Completed","Loan","Project Financing","IsDB OCR"
"Benin","Integrated Microfinance Support Program for Benin","The program aims at improving the livelihoods of low income people through improving their access to microfinance facilities, market oriented training, and business opportunities","5.119209","2010","Completed","Loan","Project Financing","IsDB OCR"
"Mauritania","Vocational Literacy Program for Poverty Reduction (VOLIP)","The project aims to improve the literacy competencies, job skills and productivity of illiterates and poor people through access to non-formal education, vocational training and/or micro-finance services.","5.2","2010","Completed","Loan","Project Financing","Other Funds"
"Indonesia","The IDB PNPM - Integrated Community Driven Development (Phase II) Project","The project aims to improve the socio-economic conditions of communities in the targeted areas, especially women and the poorest","6.2348","2010","Completed","Loan","Project Financing","IsDB OCR"
"Burkina Faso","Integrated Rural Development Project in the Central Plateau Region","The project aims at enhancing food security and poverty reduction through intensive agricultural production and large scale agribusiness development.","6.327407","2010","Completed","Istisna'a","Project Financing","IsDB OCR"
"Mauritania","Vocational Literacy Program for Poverty Reduction (VOLIP)","The project aims to improve the literacy competencies, job skills and productivity of illiterates and poor people through access to non-formal education, vocational training and/or micro-finance services.","6.42222","2010","Completed","Loan","Project Financing","IsDB OCR"
"Indonesia","Development and Quality Improvement of the Semarang State University Project","The project aims to support the higher education substrategy of the Gol, which is aimed at improving the access, quality and accreditation of the tertiary education","6.91","2010","Completed","Instalment Sale","Project Financing","IsDB OCR"
"Cameroon","The Seasonal Malaria Chemoprevention (SMC) Project Re-scoping","The developmental objective is the same as the initial project, which is to contribute to reducing mortality and morbidity related to malaria.","6.919988","2010","Completed","Loan","Project Financing","IsDB OCR"
"Indonesia","The IDB PNPM - Integrated Community Driven Development (Phase II) Project","The project aims to improve the socio-economic conditions of communities in the targeted areas, especially women and the poorest","7","2010","Completed","Loan","Project Financing","Other Funds"
"Indonesia","Quality Improvement of Padjajaran University Project","The project aims to support the Education Sector Strategy of Indonesia to develop the nation’s competitiveness through the increasing intellectual and welfare level of the community","8.23","2010","Completed","Instalment Sale","Project Financing","IsDB OCR"
"Sierra Leone","Sierra Leone Community-Driven Development Project","The project objective is to assist fragile and vulnerable communities reduce poverty and build local capacity for collective action by improving the socio-economic conditions of the communities through interventions in Social/Basic Infrastructure related to Health, Education and Youth & Enterprise Development.","8.43","2010","Completed","Loan","Project Financing","Other Funds"
"Sierra Leone","Sierra Leone Community-Driven Development Project","The project objective is to assist fragile and vulnerable communities reduce poverty and build local capacity for collective action by improving the socio-economic conditions of the communities through interventions in Social/Basic Infrastructure related to Health, Education and Youth & Enterprise Development.","8.639626","2010","Completed","Loan","Project Financing","IsDB OCR"
"Senegal","St. Louis Rural Electrification Concession Project","The project aims  to improve electricity transport and distribution networks by supplying and  connecting about 19,574 households.","9.371508","2010","Completed","Istisna'a","Project Financing","IsDB OCR"
"Burkina Faso","Integrated Rural Development Project in the Central Plateau Region","The project aims at enhancing food security and poverty reduction through intensive agricultural production and large scale agribusiness development.","9.689776","2010","Completed","Loan","Project Financing","IsDB OCR"
"Indonesia","The IDB PNPM - Integrated Community Driven Development (Phase II) Project","The project aims to improve the socio-economic conditions of communities in the targeted areas, especially women and the poorest","10","2010","Completed","Istisna'a","Project Financing","IsDB OCR"
"Niger","COMMERCIAL & RESIDENTIAL COMPLEX FOR IUN IN NIAMEY","CONSTRUCTION OF A COMMERCIAL & RESIDENTIAL COMPLEX IN NIAMEY IN FAVOUR OF THE ISLAMIC UNIVERSITY OF NIGER","10","2010","Completed","Leasing","Project Financing","IsDB OCR"
"Burkina Faso","Basic Education Development (Project-4)","The project aims at supporting the 10_year basic education development plan.","10.199097","2010","Completed","Loan","Project Financing","IsDB OCR"
"Mali","Djenne Agricultural Development Project","The project aims at enhancing agricultural production and food security, alleviating poverty and improving the living conditions of the beneficiaries.","10.26996","2010","Completed","Loan","Project Financing","IsDB OCR"
"Togo","Integrated Rural Development Project of Mo Plain","The project aims at improving incomes and livelihoods for the population of Togo in general and the inhabitants of the impoverished Mo Plain area in particular through promotion of agricultural development as well as the rehabilitation and development of basic rural infrastructures in order to end the physical isolation of the area.","10.3397","2010","Completed","Loan","Project Financing","IsDB OCR"
"Morocco","Rural Electrification (Final Phase) Project","The project aims to universalize electricity access to rural population in a sustainable manner.","12.003435","2010","Completed","Loan","Project Financing","IsDB OCR"
"Uzbekistan","Support to Secondary Education Sector","The project aims at contributing to the alleviation of rural poverty in Uzbekistan through providing 2,800 secondary school students in poor rural areas with quality education and appropriate knowledge that will prepare them for vocational and technical education and enter the job market with relevant skills","12.202218","2010","Completed","Loan","Project Financing","IsDB OCR"
"Djibouti","Ali Sabieh Regional Hospital Development Project","The project aims at improving access to, and quality of the basic health services, while ensuring that disparities are reduced through increasing the rate of health service coverage, increasing the number of trained professional staff, enhancing the quality of medical services.","13.415601","2010","Completed","Loan","Project Financing","IsDB OCR"
"Uganda","Uganda National Education Support Project","The project aims at improving access to quality education through expansion and rehabilitation of existing Ugandan Technical Colleges and National Teachers College in post conflict areas, providing facilities for students to learn technical skills, and improving the quality and relevance of teaching of the technical and teacher colleges.","13.459372","2010","Completed","Loan","Project Financing","IsDB OCR"
"Mauritania","Aftout Elchargui Zone East Water Supply Project","improve the living and health conditions of the population by satisfying the water needs and reducing water borne diseases","14.152996","2010","Completed","Loan","Project Financing","IsDB OCR"
"Mauritania","Aftout Elchargui Zone East Water Supply Project","improve the living and health conditions of the population by satisfying the water needs and reducing water borne diseases","14.16","2010","Completed","Istisna'a","Project Financing","IsDB OCR"
"Senegal","CONSTRUCTION OF THE LINGUERE-M ATAM (BOULA-PATOUKI) ROAD","To improve the transfer of goods and services between rural areas and economic centres thereby ensuring national integration.","14.210914","2010","Completed","Istisna'a","Project Financing","IsDB OCR"
"Guinea","Conakry Water Supply Project","The project aims at improving access to potable water in Conakry mainly for the populated and most economically deprived districts of Conakry.","14.511159","2010","Completed","Loan","Project Financing","IsDB OCR"
"Bangladesh","Water Supply and Sanitation Project in Cyclone Prone Coastal Areas of Bangladesh","The project aims at providing supply of safe water and sanitation in cyclone prone coastal areas and partially to support long-term cyclone readiness facility for water supply and sanitation. It will help reducing water related diseases and post cyclone environmental hazards.","14.727718","2010","Completed","Loan","Project Financing","IsDB OCR"
"Azerbaijan","Integrated Rural Development Project (JED DECLARATION)","The project objective is to assist small farmers to learn how to utilize their resources effectively and efficiently to achieve better productivity and profitability and environmental sustainability from both irrigated and rained crop production and livestock keeping through delivery of effective advisory and financial services.","14.89","2010","Completed","Istisna'a","Project Financing","IsDB OCR"
"Mauritania","Construction of Kiffa-Kankossa Road Project","Facilitating the transport of passengers and goods between the central and Southern regions of the country and also contributes in regional integration by encouraging trade exchange between Mauritania, Algeria, Morocco and Mali","14.93","2010","Completed","Istisna'a","Project Financing","IsDB OCR"
"Senegal","CONSTRUCTION OF THE LINGUERE-M ATAM (BOULA-PATOUKI) ROAD","To improve the transfer of goods and services between rural areas and economic centres thereby ensuring national integration.","15.308531","2010","Completed","Loan","Project Financing","IsDB OCR"
"Mauritania","Construction of Kiffa-Kankossa Road Project","Facilitating the transport of passengers and goods between the central and Southern regions of the country and also contributes in regional integration by encouraging trade exchange between Mauritania, Algeria, Morocco and Mali","15.602587","2010","Completed","Loan","Project Financing","IsDB OCR"
"Côte d'Ivoire","Hydro-Agricultural Development Project in Upper Sassandra and Fromager Regions (Phase II)","The project aims at providing additional water storage capacity and development irrigable agricultural land for rice production with a view to improving food security.","15.79","2010","Completed","Istisna'a","Project Financing","IsDB OCR"
"Mali","Kalabancoro Water Supply Project","The project aims at improving the delivery of water supply in Bamako through the reinforcement of the water production and the extension of the distribution network.","15.923138","2010","Completed","Loan","Project Financing","IsDB OCR"
"Gambia","Development of the University of the Gambia Project","The project aims to support to the Higher Education Sector of the Gambia by providing better infrastructure facility","16.239042","2010","Completed","Loan","Project Financing","IsDB OCR"
"Gambia","Community-Based Infrastructure and Livelihood Improvement Project","The project aims to empower the beneficiary communities and improve their livelihood and welfare.","16.475459","2010","Completed","Loan","Project Financing","IsDB OCR"
"Cameroon","Support to Technical Secondary Education Project","The project aims at assisting the Government in developing its human capital by supporting the development of technical secondary education sector.","17.42978","2010","Completed","Loan","Project Financing","IsDB OCR"
"Saudi Arabia","JUBAIL REFINERY AND PETROCHEMI CAL PROJECT","The main objective of the project is to help the country to retain and reenforce its position as the leading oil/energy supplier to the world.","20","2010","Completed","Leasing","Project Financing","Other Funds"
"Saudi Arabia","JUBAIL REFINERY AND PETROCHEMI CAL PROJECT","The main objective of the project is to help the country to retain and reenforce its position as the leading oil/energy supplier to the world.","20","2010","Completed","Leasing","Project Financing","Other Funds"
"Iran","East Tehran Grain Silo Project","The project objective is to contribute to achieving the food security in East Tehran and West of Semnan Province (Garmsar city) of Iran through rendering efficient grain storage services.","24.980237","2010","Completed","Istisna'a","Project Financing","IsDB OCR"
"Indonesia","Development and Quality Improvement of the Semarang State University Project","The project aims to support the higher education substrategy of the Gol, which is aimed at improving the access, quality and accreditation of the tertiary education","25.73","2010","Completed","Istisna'a","Project Financing","IsDB OCR"
"Indonesia","Quality Improvement of Padjajaran University Project","The project aims to support the Education Sector Strategy of Indonesia to develop the nation’s competitiveness through the increasing intellectual and welfare level of the community","26.998","2010","Completed","Istisna'a","Project Financing","IsDB OCR"
"Mali","Djenne Agricultural Development Project","The project aims at enhancing agricultural production and food security, alleviating poverty and improving the living conditions of the beneficiaries.","29.78","2010","Completed","Istisna'a","Project Financing","IsDB OCR"
"Morocco","Rural Electrification (Final Phase) Project","The project aims to universalize electricity access to rural population in a sustainable manner.","39.776021","2010","Completed","Istisna'a","Project Financing","IsDB OCR"
"Azerbaijan","Integrated Rural Development Project (JED DECLARATION)","The project objective is to assist small farmers to learn how to utilize their resources effectively and efficiently to achieve better productivity and profitability and environmental sustainability from both irrigated and rained crop production and livestock keeping through delivery of effective advisory and financial services.","49.5","2010","Completed","Istisna'a","Project Financing","IsDB OCR"
"Chad","Mongo-Mangalme Road Project","The project aims at supporting the Government's Poverty Reduction Strategy Program through reliable and efficient transport system by constructing and upgrading the existing Mongo_Mangalme Road (128 km) from an earth road to a modern paved one.","51.158798","2010","Completed","Istisna'a","Project Financing","IsDB OCR"
"Sudan","Algadarif Water Supply Project","The project's objective is to improve the living, health and economic conditions for the resident population of AlGadarif city, by providing them with a safe and sustainable source of potable water.","60","2010","Active","Istisna'a","Project Financing","IsDB OCR"
"Saudi Arabia","JUBAIL REFINERY AND PETROCHEMI CAL PROJECT","The main objective of the project is to help the country to retain and reenforce its position as the leading oil/energy supplier to the world.","75","2010","Completed","Leasing","Project Financing","IsDB OCR"
"Pakistan","UCH II POWER EXPANSION PPP Project","Increased supply of low cost and quasi-clean energy into the national grid","90","2010","Completed","Leasing","Project Financing","IsDB OCR"
"Senegal","AIBD Dakar Airport Project (PPP Project)","The project aims at utilizing Dakar's prime location to act as a regional Hub and a Gateway to West Africa by enabling connectivity for markets and businesses.","97.533788","2010","Completed","Istisna'a","Project Financing","IsDB OCR"
"Türkiye","RENEWABLE ENERGY PROGRAM","The objective of the proposed Renewable Energy(RE) Program is to facilitate the development of an estimated 150 MW of new RE powergeneration capacity in Turkey.","100","2010","Completed","Profit Sharing (Musharaka)","Project Financing","IsDB OCR"
"Egypt","Banha Combined Cycle Power Plant Project","The project aims to build power generation system that would satisfy the increasing demand for electricity, promoting economic growth and improving the standard of living of the population","120","2010","Completed","Leasing","Project Financing","IsDB OCR"
"Bahrain","66 kV Electricity Transmission Development Project (2007-2011)","The project aims at reinforcing 66 kV electricity transmission networks to meet the increasing demand for electricity. IDB financing will cover 66 kV switchgear and transformers, etc.","124","2010","Completed","Leasing","Project Financing","IsDB OCR"
"Indonesia","The IDB PNPM - Integrated Community Driven Development (Phase II) Project","The project aims to improve the socio-economic conditions of communities in the targeted areas, especially women and the poorest","136","2010","Completed","Istisna'a","Project Financing","IsDB OCR"
"Morocco","OCP JORF LASFAR PORT EXPANSION","Upgrade the industrial port of Jori Lasfar,enabling it to sustain the increased transport activities","150","2010","Completed","Istisna'a","Project Financing","IsDB OCR"
"Pakistan","Construction of the Khanewal-Multan Motorway (M4) Project","The main objective of the M4, which forms part of the National Trade Corridor Highway Investment Program (NTCHIP)","160.228","2010","Completed","Istisna'a","Project Financing","IsDB OCR"
"Uzbekistan","Reconstruction and Upgrading of M39 Road in Surkhandarya Region","The project aims at improving transport efficiency and promoting economic development in Uzbekistan through the reconstruction and upgrading the M39 road ""Almaty-Bishkek-Tashkent¬ Termez"" in Surkhandarya Region.","167.2","2010","Completed","Istisna'a","Project Financing","IsDB OCR"
"Iran","Rural Areas Wastewater Project","The project aims at improving the quality of life in the proposed 124 villages through providing sanitation services, improving health, hygiene and environment conditions, reducing water resources contamination and strengthening and developing the capacity of wastewater companies and assisting them in improving their efficiency, sustainability and financial economy.","177.956355","2010","Completed","Istisna'a","Project Financing","IsDB OCR"
"Azerbaijan","BAKU WASTE TO ENERGY PLANT","The main objective of the project is to improve the ecologic al and health conditions in the Greater Baku area.","197.590636","2010","Completed","Leasing","Project Financing","IsDB OCR"
"Pakistan","Neelum-Jhelum Hydropower Plant Equipment Project","The project aims to improve the national electricity production capacity.","220","2010","Completed","Leasing","Project Financing","IsDB OCR"
"Tunisia","Electricity Transmission Network Restructuring Project","The project aims at to support the economic growth and contribute in improving the living standards of the population of Tunisia by improving service quality through a proper evacuation of the energy required to meet the increasing demand.","281.782519","2010","Completed","Istisna'a","Project Financing","IsDB OCR"
"Yemen","Abyan Agricultural Development Project","The project aims, through ensuring sustainable water resources, at improving agriculture productivity and smallholder income in Abyan Governorate.","0.287155","2009","Completed","Technical Assistance","Technical Assistance Operations","Other Funds"
"Uganda","Rural Income and Employment Enhancement Project","The project aims at contributing towards socio-economic development and transformation of Uganda's rural population through facilitating access to affordable, sustainable and convenient financial and business development services by active and productive Ugandans.","0.29912","2009","Completed","Technical Assistance","Technical Assistance Operations","Other Funds"
"Niger","Special Program for Food Security (Phase II)","The overall objective of this project is to contribute to strengthening food security by increasing the production and the productivity of agriculture, livestock and fishing through intensification and diversification of productions.","0.31058","2009","Completed","Technical Assistance","Technical Assistance Operations","Other Funds"
"Uganda","Construction of Students Hostels in the Islamic University in Uganda Project","The project aims at providing students with decent and affordable housing on campus through constructing of hostels thereby to improve the learning and living environment of the university.","1.052595","2009","Completed","Loan","Project Financing","Other Funds"
"Sudan","AL MAGZOUB COMMERCIAL & RESIDENTIAL COMP","AL MAGZOUB COMMERCIAL & RESIDENTIAL COMP","1.093331","2009","Completed","Leasing","Project Financing","Other Funds"
"Burkina Faso","Construction and Equipping of a Hostel for the Students of the University of Bobo-Dioulasso Project","The project aims at improving food security and alleviating poverty of the population in the Northwest Region through development of irrigated lands.","3.136831","2009","Completed","Loan","Project Financing","IsDB OCR"
"Sri Lanka","MAKOLA TWIN TOWER COMPLEX IN COLOMBO IN FAVOUR OF MAKOLA MUSLIM ORPHANAGE","CONSTRUCTION OF MAKOLA TWIN TOWER COMPLEX IN COLOMBO IN FAVOUR OF MAKOLA MUSLIM ORPHANAGE","3.5","2009","Active","Leasing","Project Financing","Other Funds"
"U.A.E.","NAMA COMMERCIAL TOWER FUJAIRA","NAMA COMMERCIAL TOWER FUJAIRA","3.582124","2009","Completed","Leasing","Project Financing","Other Funds"
"Suriname","NIEUW NICKERIE PORT UPGRADING","The project objective is to help removing the constraints to the development of trade and exports, and to promote regional cooperation through rebuilding, renovating and equipping of physical infrastructure in the port and dredging the Nickerie River.","4.09272","2009","Completed","Istisna'a","Project Financing","IsDB OCR"
"Djibouti","COMMERCIAL AND RESIDENTIAL COMPLEX IN DJIBOUTI","CONSTRUCTION OF A COMMERCIAL AND RESIDENTIAL COMPLEX IN DJIBOUTI IN FAVOUR OF THE MINISTRY OF MUSLIM AFFAIRS AND AWQAF PROPERTIES","4.145","2009","Completed","Leasing","Project Financing","Other Funds"
"Uganda","Construction of Students Hostels in the Islamic University in Uganda Project","The project aims at providing students with decent and affordable housing on campus through constructing of hostels thereby to improve the learning and living environment of the university.","4.317062","2009","Completed","Loan","Project Financing","IsDB OCR"
"Bangladesh","SINGLE POINT MOORING (SPM)","The main objective of the project is to improve the efficiency of existing method of decanting crude oil and high speed diesel from vessels.","4.339226","2009","Completed","Istisna'a","Project Financing","IsDB OCR"
"Sudan","Micro-Finance Support Program","The project aims at improving the livelihoods of low-income people through improving their access to microfinance facilities, market oriented training, and business opportunities","5.2","2009","Completed","Loan","Project Financing","Other Funds"
"Djibouti","COMMERCIAL AND RESIDENTIAL COMPLEX IN DJIBOUTI","CONSTRUCTION OF A COMMERCIAL AND RESIDENTIAL COMPLEX IN DJIBOUTI IN FAVOUR OF THE MINISTRY OF MUSLIM AFFAIRS AND AWQAF PROPERTIES","5.92","2009","Completed","Leasing","Project Financing","IsDB OCR"
"Sudan","Development Project of the Faculty of Engineering of the University of Khartoum","The Objective of the project is to assist the Faculty of Engineering of the University of Khartoum in producing qualified engineering graduates, equipped with the needed skills to support community development, and increase productivity of economic sectors.","5.928972","2009","Completed","Loan","Project Financing","IsDB OCR"
"U.A.E.","NAMA COMMERCIAL TOWER FUJAIRA","NAMA COMMERCIAL TOWER FUJAIRA","6","2009","Completed","Leasing","Project Financing","IsDB OCR"
"Sri Lanka","MAKOLA TWIN TOWER COMPLEX IN COLOMBO IN FAVOUR OF MAKOLA MUSLIM ORPHANAGE","CONSTRUCTION OF MAKOLA TWIN TOWER COMPLEX IN COLOMBO IN FAVOUR OF MAKOLA MUSLIM ORPHANAGE","6.5","2009","Active","Leasing","Project Financing","IsDB OCR"
"Sudan","AL MAGZOUB COMMERCIAL & RESIDENTIAL COMP","AL MAGZOUB COMMERCIAL & RESIDENTIAL COMP","7.106669","2009","Completed","Leasing","Project Financing","IsDB OCR"
"Burkina Faso","Construction and Equipping of a Hostel for the Students of the University of Bobo-Dioulasso Project","The project aims at improving food security and alleviating poverty of the population in the Northwest Region through development of irrigated lands.","9.442339","2009","Completed","Loan","Project Financing","IsDB OCR"
"Sudan","Development Project of the Faculty of Engineering of the University of Khartoum","The Objective of the project is to assist the Faculty of Engineering of the University of Khartoum in producing qualified engineering graduates, equipped with the needed skills to support community development, and increase productivity of economic sectors.","10.289","2009","Completed","Instalment Sale","Project Financing","IsDB OCR"
"Bangladesh","Enhancement of Quality Seeds Supply Project","The project aims at food security. It will enhance capacity of three agricultural institutions, (i) Bangladesh Rice Research Institute, (ii) Bangladesh Agriculture Research Institute, and (iii) Bangladesh Agricultural Development Corporation to increase the supply of quality seeds to farmers.","10.325827","2009","Completed","Loan","Project Financing","IsDB OCR"
"Uganda","Rural Income and Employment Enhancement Project","The project aims at contributing towards socio-economic development and transformation of Uganda's rural population through facilitating access to affordable, sustainable and convenient financial and business development services by active and productive Ugandans.","10.32843","2009","Completed","Loan","Project Financing","IsDB OCR"
"Egypt","Microfinance Support Program","The new project aims at improving the livelihoods of deprived families in the least developed communities in several Governorates through improving their access to microfinance facilities and special assistance services.","10.4895","2009","Completed","Loan","Project Financing","IsDB OCR"
"Mozambique","Nissa Province Rural Electrification Project","The project aims at contributing to improving the living conditions of the population and supporting the economic development of Nissa Province by supplying low cost affordable clean electricity to rural communities in three main localities: Marrpura, Nipepe, and Lago.","10.586036","2009","Completed","Loan","Project Financing","IsDB OCR"
"Mali","Tien-Konou / Tamani Rural Development Support Project","The project objective is to contribute to the country food security and income increase of the concerned rural population in a perspective of a sustainable management of natural resources with special focus on women and youth.","10.8367","2009","Completed","Loan","Project Financing","IsDB OCR"
"Cameroon","Construction of Sangmelima-Ouesso Road Project (Sangmelima-Djoum Road Section in Cameroon)","The project aims at construction of a 103 km road linking Sangmelima to Djoum in order to improve transportation of goods and services between rural areas and economic centres to ensure national integration.","10.8703","2009","Completed","Loan","Project Financing","IsDB OCR"
"Morocco","Expansion of Water Supply Project for Fes City and the Rural Communities in Taza Province","The project aims at satisfying the water demand for the urban population in the Southern districts of Fes city from the existing Ain Nokbi Water Treatment Plant.","10.8703","2009","Completed","Loan","Project Financing","IsDB OCR"
"Suriname","NIEUW NICKERIE PORT UPGRADING","The project objective is to help removing the constraints to the development of trade and exports, and to promote regional cooperation through rebuilding, renovating and equipping of physical infrastructure in the port and dredging the Nickerie River.","11.04","2009","Completed","Istisna'a","Project Financing","IsDB OCR"
"Albania","Reconstruction of Secondary and Local Roads Project","The project aims at improving the living conditions of the population in the hinterland and to alleviate poverty, by providing them with access to the essential services and economic opportunities.","11.1461","2009","Completed","Loan","Project Financing","IsDB OCR"
"Yemen","Abyan Agricultural Development Project","The project aims, through ensuring sustainable water resources, at improving agriculture productivity and smallholder income in Abyan Governorate.","11.426384","2009","Active","Loan","Project Financing","IsDB OCR"
"Togo","Construction of Bassar-Katchamba Road Project","The project aims at upgrading and surfacing 90.5 km of existing earth road linking the localities of Bassar to Katchamba for economic and social development of the agricultural area.","11.61075","2009","Completed","Loan","Project Financing","IsDB OCR"
"Sudan","Micro-Finance Support Program","The project aims at improving the livelihoods of low-income people through improving their access to microfinance facilities, market oriented training, and business opportunities","11.665622","2009","Completed","Loan","Project Financing","IsDB OCR"
"Tunisia","Interconnection of El-Houareb and Sidi Saad Dams for the Irrigation Development Project in Kairouan","The project aims at increasing the agricultural  productivity and consequently the farmers' income in the irrigated agriculture in Kairouan Governorate","12.3","2009","Completed","Istisna'a","Project Financing","IsDB OCR"
"Mali","Tien-Konou / Tamani Rural Development Support Project","The project objective is to contribute to the country food security and income increase of the concerned rural population in a perspective of a sustainable management of natural resources with special focus on women and youth.","13.703017","2009","Completed","Istisna'a","Project Financing","IsDB OCR"
"Indonesia","PNPM-INTEGRATED COMMUNITY DRIVEN DEVELOPMENT (ICDD)","The overall objective of the projectare to improve the socio-economic conditions of communities in the targeted areas.","14.083026","2009","Completed","Loan","Project Financing","IsDB OCR"
"Lebanon","Development of Mkalles Roadway Interchange Project","The Project aims at improving the operational efficiency of the urban transport system in Greater Beirut area and improving its level of service.","15.5","2009","Completed","Istisna'a","Project Financing","IsDB OCR"
"Niger","Special Program for Food Security (Phase II)","The overall objective of this project is to contribute to strengthening food security by increasing the production and the productivity of agriculture, livestock and fishing through intensification and diversification of productions.","16.693675","2009","Completed","Loan","Project Financing","IsDB OCR"
"Kyrgyz Republic","Reconstruction of Bishkek-Torugart Road Project","The project aims at providing year-round, reliable and direct land transport service between Bishkek and Kachi between Kazakhstan and China","16.893666","2009","Completed","Loan","Project Financing","IsDB OCR"
"Nigeria","Construction and Equipping of Four Science Secondary Schools in Kaduna State","The objective of the project is to increase the number of science graduates from senior secondary schools in Kaduna State so as to produce the manpower required for the development of the state.","17.935995","2009","Completed","Loan","Project Financing","IsDB OCR"
"Jordan","Construction of New AL-Zarqa Hospital Project (Supplementary Financing)","The project aims to improve the health services in Al-Zarqa Governorate and to contribute to achieve the Millennium Development Goals on health at the national level.","18.666","2009","Completed","Instalment Sale","Project Financing","IsDB OCR"
"Sudan","Cotton Ginning Plants Project","The project aims at enhancing productivity and competitiveness of cotton in Sudan by improving ginning through replacement of obsolete machines, old buildings.","19.5","2009","Completed","Leasing","Project Financing","IsDB OCR"
"Mali","Construction of Taoussa Dam Project","The project aims at alleviating poverty in Northern Mali through the reinforcement of food security and energy needs coverage and the restoration of the ecosystem deteriorated by long and recurrent droughts, rainfall deficit and desertification.","20","2009","Active","Instalment Sale","Project Financing","IsDB OCR"
"Benin","Construction of Kandi-Segbana-Nigeria Border Road Project","The project aims at improving the access to the Northern part of Benin (agriculture area), facilitating goods and passengers transport, contributing to the regional integration among Benin, Nigeria and Burkina Faso","20.117118","2009","Completed","Loan","Project Financing","IsDB OCR"
"Tajikistan","Construction of Kulyab-Kalaikhum Road Project","The project aims at providing year-round, reliable and direct land transport service between the Western part of Tajikistan, including the capital Dushanbe, and the Eastern Region of Gorno-Badakhshan.","20.584862","2009","Completed","Loan","Project Financing","IsDB OCR"
"Yemen","Rural Electrification Project","The project aims at improving electricity access of rural population in a financially sustainable manner as well as supporting the Government in raising electricity coverage from the grid and off grid in rural areas, to include 27 rural areas in three phases.","21.647205","2009","Completed","Loan","Project Financing","IsDB OCR"
"Bangladesh","Enhancement of Quality Seeds Supply Project","The project aims at food security. It will enhance capacity of three agricultural institutions, (i) Bangladesh Rice Research Institute, (ii) Bangladesh Agriculture Research Institute, and (iii) Bangladesh Agricultural Development Corporation to increase the supply of quality seeds to farmers.","25","2009","Completed","Istisna'a","Project Financing","IsDB OCR"
"Nigeria","Construction and Equipping of a New 300-Bed Specialized Hospital in Kaduna State","To provide comprehensive and qualitative tertiary health services that effectively handle referrals from primary and secondary health facilities inside Nigeria and from neighbouring countries.","25.15","2009","Completed","Instalment Sale","Project Financing","IsDB OCR"
"Benin","Health System Development Support Project","The project aims at constructing and equipping of three rural hospitals in order to achieve health_related Millennium Development Goals in Benin, reduce child mortality, improve maternal health and combat STI/HIV/AIDS, Malaria, etc.","27.303811","2009","Completed","Loan","Project Financing","IsDB OCR"
"Mauritania","SNIM - Railway Modernization Project","The project will enable SNIM to produce  export an additional 6 million tons per year of high grade magnetic concentrat e, an increase of about 50% of its existing capacity.","27.986995","2009","Completed","Leasing","Project Financing","IsDB OCR"
"Albania","Reconstruction of Secondary and Local Roads Project","The project aims at improving the living conditions of the population in the hinterland and to alleviate poverty, by providing them with access to the essential services and economic opportunities.","30","2009","Completed","Istisna'a","Project Financing","IsDB OCR"
"Turkmenistan","PROCUREMENT OF TWO NEW OIL TANKERS","The main objective of the project is to enhance the country's capacity inexporting its energy resources to regional and international markets.","31","2009","Completed","Instalment Sale","Project Financing","IsDB OCR"
"Indonesia","Development of Medical Education and Research Center and Two University Hospitals Project","The development of a medical education and research centre for the faculty of medicine at University of Indonesia(UI), and two university hospitals at University of Andalas(UNAD) and University of Sebelas Maret(UNS)","31.255","2009","Completed","Istisna'a","Project Financing","IsDB OCR"
"Mali","Construction of Taoussa Dam Project","The project aims at alleviating poverty in Northern Mali through the reinforcement of food security and energy needs coverage and the restoration of the ecosystem deteriorated by long and recurrent droughts, rainfall deficit and desertification.","31.393131","2009","Active","Loan","Project Financing","IsDB OCR"
"Indonesia","Development of Medical Education and Research Center and Two University Hospitals Project","The development of a medical education and research centre for the faculty of medicine at University of Indonesia(UI), and two university hospitals at University of Andalas(UNAD) and University of Sebelas Maret(UNS)","32.711","2009","Completed","Instalment Sale","Project Financing","IsDB OCR"
"Uzbekistan","Tashkent Sewerage Project","The project aims at improving the environmental conditions, as well as the reliability, efficiency and sustainability of wastewater management in Tashkent City through  rehabilitation of wastewater treatment infrastructure, limited expansion of the sewerage network, provision of wastewater quality monitoring equipment, and  acquisition of infrastructure maintenance equipment.","35.37","2009","Completed","Istisna'a","Project Financing","IsDB OCR"
"Morocco","Expansion of Water Supply Project for Fes City and the Rural Communities in Taza Province","The project aims at satisfying the water demand for the urban population in the Southern districts of Fes city from the existing Ain Nokbi Water Treatment Plant.","39.81","2009","Completed","Istisna'a","Project Financing","IsDB OCR"
"Tunisia","Gafsa Gas Pipeline Project","The project aims at expanding the Gas Transport Network in Gafsa basin to cater for energy needs of the loca l industries, particularly Phosphate Treatment Plants, Cement Industry, Chemical Industry, as well as residential connections in Gafsa City.","46.791818","2009","Completed","Istisna'a","Project Financing","IsDB OCR"
"Lebanon","Sahel Akkar Water Supply and Sanitation Project","The main objective of the project is to contribute to the improvement of the population's livelihood, and the overall health conditions in the project area through the provision of safe drinking water and sewage system. Accordingly, the project will contribute positively to the alleviation of poverty in the target zone as well as improving the environmental conditions in the area","52.728","2009","Completed","Istisna'a","Project Financing","IsDB OCR"
"Jordan","QATRANA ELECTRIC POWER COMPANY","The objective of the project is the construction and operation of a 373 MW Combined Cycle Gas Turbine Independent Power Plant in Amman, Jordan.","53.784755","2009","Completed","Leasing","Project Financing","IsDB OCR"
"Cameroon","Construction of Sangmelima-Ouesso Road Project (Sangmelima-Djoum Road Section in Cameroon)","The project aims at construction of a 103 km road linking Sangmelima to Djoum in order to improve transportation of goods and services between rural areas and economic centres to ensure national integration.","55.598593","2009","Completed","Istisna'a","Project Financing","IsDB OCR"
"Mauritania","Guelb II Expansion Project (Tranche 1)","Modernizing SNIM's existing facilities as well as increasing its production capacity","64.999993","2009","Completed","Leasing","Project Financing","IsDB OCR"
"Indonesia","PNPM-INTEGRATED COMMUNITY DRIVEN DEVELOPMENT (ICDD)","The overall objective of the projectare to improve the socio-economic conditions of communities in the targeted areas.","68","2009","Completed","Istisna'a","Project Financing","IsDB OCR"
"Indonesia","Development of Belawan Port (Phase I) Project","To increase the capacity of the container terminal in Belawan port in order to accommodate a larger number of container vessels with a higher loading capacity","87.55","2009","Completed","Istisna'a","Project Financing","IsDB OCR"
"Iran","Kahir Storage Dam Project","The project aims at providing the people of Chahbahar and Konarak cities with a dependable and sustainable source of potable water for domestic and industrial use and providing water for irrigation","97.532779","2009","Completed","Istisna'a","Project Financing","IsDB OCR"
"Iran","Qom Sewage Project","The project aims at improving the quality of life in Qom by significantly increasing coverage of sanitation services, improving health, hygiene and environment conditions, reducing ground and surface water pollution, and treating and using effluent for irrigation.","103.896104","2009","Completed","Istisna'a","Project Financing","IsDB OCR"
"Iran","Kashan Sewage Project","The project aims at improving the quality of life in the city of Kashan by increasing coverage of sanitation services and improving health, hygiene and environment conditions. The project will also help reduce ground and surface water pollution.","109.942631","2009","Completed","Istisna'a","Project Financing","IsDB OCR"
"Iran","Qom Water Supply Project","The objective of the proposed project is to improve the quality of life by improving safe drinking water to Qom and its neighbouring villages","128.803586","2009","Completed","Istisna'a","Project Financing","IsDB OCR"
"Pakistan","Neelum-Jhelum Hydropower Plant Project","The proposed project is an essential part of Government of Pakistan's (GoP) strategy to meet the presently existing generation capacity deficit of over 4,000 MW, as well as to increase the ration of cheap.","137.64","2009","Completed","Istisna'a","Project Financing","IsDB OCR"
"Pakistan","Pakistan Railways Development (Phase III) Project","The main objective of the project is to contribute towards the overall effort of the Government of Pakistan to improve Railways services.","140","2009","Completed","Instalment Sale","Project Financing","IsDB OCR"
"Turkmenistan","Construction of Bereket-Etrek Railway Project (Tranche 2)","To contribute to the socio-economic development of Turkmenistan and enhance regional economic integration.","148.519435","2009","Completed","Istisna'a","Project Financing","IsDB OCR"
"Kazakhstan","Reconstruction of Road Section Border of South Kazakhstan Oblast-Taraz Project","The project aims to upgrade and improve the road corridor linking Western Europe to Western China through Kazakhstan with the objective of improving transport efficiency and safety, and promote development along one of Kazakhstan's main strategic road transport corridors as a part of Government's plan","170","2009","Completed","Istisna'a","Project Financing","IsDB OCR"
"Bahrain","220/66 kV Electrical Transmission Development (Phase IV) Project","The project aims at meeting the increasing demand for electricity by reinforcing the 220/66 kV Transmission Network within the national grid in order to absorb the newly generated power capacity from the new generation plants to the load centres.","180","2009","Completed","Leasing","Project Financing","IsDB OCR"
"Turkmenistan","Construction of Bereket-Etrek Railway Project (Tranche 1)","The objective of the project is to contribute to the socio-economic development of Turkmenistan and enhanceregional economic integration through better transport infrastructure.","189.9","2009","Completed","Istisna'a","Project Financing","IsDB OCR"
"Azerbaijan","JANUB POWER PLANT","The project aims at replacing of turbines, generators, substations and control room equipment of the existing Mingechaur Hydro Power Project in order to increase reliability on electricity supply.","191.075682","2009","Completed","Istisna'a","Project Financing","IsDB OCR"
"Morocco","KENITRA POWER PLANT","The project aims to help build transport capacities between Fes and Oujda cities improve the living standard of the inhabitants.","223.344854","2009","Completed","Instalment Sale","Project Financing","IsDB OCR"
"Türkiye","Electric Locomotives Project","The main objective of the project is to increase the competitiveness of the railway transportation sector among other transportation modes in Turkey.","278.9","2009","Completed","Istisna'a","Project Financing","IsDB OCR"
"Iran","F.S. AND DETAILED ENG. DESIGN, MASHHAD URBAN RAILWAY NETWORK","The objective of the T.A Loan is to undertake the preparation of a feasibility study and detailed design and tender documents for the expansion of the Light Rail Transport system totalling 46 km  in the Mashhad urban area.","0.095359","2008","Completed","Loan","Project Financing","IsDB OCR"
"Sudan","F.S. OF THE ABU HUJAR PRIVATE INVESTMENT AGRICULTURE","The project aims at encouraging joint ventures of Saudi and Sudanese businessmen to invest in the agricultural sector in Sudan.","0.164243","2008","Completed","Loan","Project Financing","IsDB OCR"
"Mozambique","Lower Secondary Education Project","The project aims at supporting the Education and Culture Strategic Plan of the Government by contributing to the expansion of secondary education as well as to the improvement of its quality and relevance","0.215803","2008","Completed","Technical Assistance","Technical Assistance Operations","Other Funds"
"Chad","Microfinance Project","The project aims at increasing the access to sustainable and cost-effective microfinance services for women and youth microentrepreneurs in Chad.","0.305093","2008","Completed","Technical Assistance","Technical Assistance Operations","Other Funds"
"Jordan","Microfinance Support Program","The program aims at improving the livelihoods and life conditions of unemployed active poor through access to Microfinance services, market oriented training, and business networking with active operators of the private sector","0.35","2008","Completed","Technical Assistance","Technical Assistance Operations","Other Funds"
"Côte d'Ivoire","Support to the Post-Conflict Reconstruction Program for Center-North-West Zones","The project aims at increasing access to and improving the quality of urban infrastructure and services in the road, water and education sectors in four main cities in the Center_North_West Regions.","0.37","2008","Completed","Technical Assistance","Technical Assistance Operations","Other Funds"
"Mauritania","Integrated Agricultural Development Project","Re-vitalizing the agriculture sector at the level of three communes by focusing on raising agricultural production and enhancing food security","1.900125","2008","Completed","Loan","Project Financing","Other Funds"
"Indonesia","Development and Upgrading of the State University of Jakarta Project","To upgrade the status and role of UNJ as a provider of high quality education services and better place for lifelong learning","3.42616","2008","Completed","Loan","Project Financing","IsDB OCR"
"Lebanon","Upgrading of Shebaa Road Project","This project aims at the construction and upgrading of 23 km long road sections that link a number of villages in South Lebanon, namely Zaghla, Shoueya, Shebaa, and Hebbariye.","5.153826","2008","Completed","Loan","Project Financing","IsDB OCR"
"Burkina Faso","Soum Hydro-Agricultural Development (Phase I) Project","The project aims at reducing food shortage and improving the food security by developing 1,008 ha of the fertile land around the Saum village.","5.308751","2008","Completed","Loan","Project Financing","IsDB OCR"
"Chad","Microfinance Project","The project aims at increasing the access to sustainable and cost-effective microfinance services for women and youth microentrepreneurs in Chad.","6.6435","2008","Completed","Loan","Project Financing","IsDB OCR"
"Mauritania","Integrated Agricultural Development Project","Re-vitalizing the agriculture sector at the level of three communes by focusing on raising agricultural production and enhancing food security","9.500625","2008","Completed","Loan","Project Financing","IsDB OCR"
"Togo","CONSTRUCTION OF THE DAPAONG PONIO - BURKINA BORDER ROAD","The project aims at improving access to northern part of Togo, Facilitating good s and passengers transport and contributing to regional integration between Togo and the neighbouring landlocked countries of Burkina Faso and Niger","10.347321","2008","Completed","Loan","Project Financing","IsDB OCR"
"Jordan","Microfinance Support Program","The program aims at improving the livelihoods and life conditions of unemployed active poor through access to Microfinance services, market oriented training, and business networking with active operators of the private sector","10.36695","2008","Completed","Loan","Project Financing","IsDB OCR"
"Afghanistan","Rehabilitation and Upgrading of Irrigation and Water Resources Management Project in Pashtun Zarqun District","The project aims at rehabilitation and upgrading of primary irrigation canals and intake network located in the intensively irrigated plain of Pashtun Zarqun District of Herat Province.","10.45938","2008","Completed","Loan","Project Financing","IsDB OCR"
"Kyrgyz Republic","TARAZ-TALAS-SUSAMYR ROAD (PHASE II)","The overall project objective is to reconstruct anexisting road that will allow faster access to the border areas and provide an important link with the neighbouring country of Kazakhstan.","10.783699","2008","Completed","Loan","Project Financing","IsDB OCR"
"Egypt","Avian Influenza Control Project","The objective of the project is to support actions that are further spreading of the Avian Influenza Virus (AIV) in the country to either animals or humans and finally control the disease.","10.810069","2008","Completed","Loan","Project Financing","IsDB OCR"
"Chad","Arboutchatak-Bitkine Road Project","The project aims at upgrading the existing road Arboutchatak_Bitkine (76 km) from an earth road to a modern paved road.","10.815","2008","Completed","Loan","Project Financing","IsDB OCR"
"Senegal","Livestock Development Project in Eastern Senegal and Upper Casamance Region","The objective of the project is to contribute in improving food security, alleviating poverty and improving living standards of the population of Eastern Senegal and Upper Casamance Regions.","11.0698","2008","Completed","Loan","Project Financing","IsDB OCR"
"Sudan","Gezira University Upgrading and Development Project","The objective of the project is to assist Gezira University in producing qualified graduates with the skills needed for increased productivity and to drive the community development.","11.3449","2008","Completed","Loan","Project Financing","IsDB OCR"
"Guinea","Rehabilitation and Extension of Conakry Electricity Distribution Grid Project","The main objective of the project is to improve the quality of electricity service delivery and alleviate the acuteelectricity shortage within the capital city Conakry.","11.4443","2008","Completed","Loan","Project Financing","IsDB OCR"
"Senegal","Vocational Literacy Program for Poverty Reduction (VOLIP)","The Program aims at reducing poverty, particularly among women and the rural populations by equipping them with relevant functional literacy competencies & notional skills and by giving them access to microfinance schemes improve self sufficiency.","12.2055","2008","Completed","Loan","Project Financing","IsDB OCR"
"Albania","Water Supply and Sanitation Project in Orikum","The project aims at providing uninterrupted safe drinking water and enhancing the environmental conditions through construction of water supply network and sanitation facilities in the project area.","13.96071","2008","Completed","Loan","Project Financing","IsDB OCR"
"Mozambique","Lower Secondary Education Project","The project aims at supporting the Education and Culture Strategic Plan of the Government by contributing to the expansion of secondary education as well as to the improvement of its quality and relevance","14.403529","2008","Completed","Loan","Project Financing","IsDB OCR"
"Burkina Faso","Construction of Koudougou-Dedougou Road Project","The project aims at improving accessibility to a large production area with considerable agricultural potential.","15.622645","2008","Completed","Loan","Project Financing","IsDB OCR"
"Tajikistan","Dangara Valley Irrigation Network Project (Phase II)","The project aims at alleviating poverty by increasing the household income of the rural population through contributing to increase the regional gross production of cotton and grain and generating employment in the agriculture and livestock sectors through the development of 1,750 ha of irrigated and in the Dangara Valley.","15.796533","2008","Completed","Loan","Project Financing","IsDB OCR"
"Bangladesh","IMPROVING RURAL HOUSEHOLDS LIVELIHOOD THROU SOLAR ENERGY","The project's aim is to support Bangladesh's efforts to raise levels of social development and improve rural households' livelihood.","16.576507","2008","Completed","Loan","Project Financing","IsDB OCR"
"Niger","Construction of Kandadji Dam Project","The project aims at regenerating fluvial ecosystems and developing the Niger Valley","20.872567","2008","Completed","Instalment Sale","Project Financing","IsDB OCR"
"Indonesia","Development and Upgrading of the State University of Jakarta Project","To upgrade the status and role of UNJ as a provider of high quality education services and better place for lifelong learning","21.591","2008","Completed","Istisna'a","Project Financing","IsDB OCR"
"Côte d'Ivoire","Support to the Post-Conflict Reconstruction Program for Center-North-West Zones","The project aims at increasing access to and improving the quality of urban infrastructure and services in the road, water and education sectors in four main cities in the Center_North_West Regions.","30.674175","2008","Completed","Loan","Project Financing","IsDB OCR"
"Niger","Construction of Kandadji Dam Project","The project aims at regenerating fluvial ecosystems and developing the Niger Valley","30.89961","2008","Completed","Loan","Project Financing","IsDB OCR"
"Côte d'Ivoire","Upgrading and Expansion of Abidjan Int’l Airport Freight Terminal Project","The project aims at increasing the capacity improving quality of service at the freight terminal of Abidjan International Airport.","37.225361","2008","Completed","Istisna'a","Project Financing","IsDB OCR"
"Uzbekistan","500 KV GUZAR-SURKHAN TRANSMISSION LINE SUBSTATIONS","The main objective is to strengthen the existing electricity transmission infrastructure in the south of Uzbekistan thus meeting the demand within the country as well as for future export of surplus power to Afghanistan.","37.994921","2008","Completed","Instalment Sale","Project Financing","IsDB OCR"
"Chad","Arboutchatak-Bitkine Road Project","The project aims at upgrading the existing road Arboutchatak_Bitkine (76 km) from an earth road to a modern paved road.","49.377439","2008","Completed","Istisna'a","Project Financing","IsDB OCR"
"Uzbekistan","Reconstruction of Irrigation and Drainage Networks in Djizzakh and Syrdaria Regions","The objective e of the project is to increase agricultural productivity mainly of cotton, cereals , fruits and vegetables, thus contributing to food security and increasing the per capita income and living standards of the target population.","52.649","2008","Completed","Istisna'a","Project Financing","IsDB OCR"
"Qatar","RAS ABU FONTAS WATER DESALINATION (RAF-A1)","THE PROJECT AIMS TO RESPOND TO THE GROWING WATER DEMAND IN QATAR. THE RAF A1 PROJECT FACILITIES COMPRISE THREE MULTI STAGE FLASH_SYSTEM (MSF) DESALINATION DISTILLERS FOR THE PRODUCTION OF 45 MIGD (MILLION IMPERIAL GALLONS PER DAY) OF POTABLE WATER. THE FACILITIES WILL BE BUILT USING DESIGN, MATERIALS  EQUIPMENT.","65.826938","2008","Completed","Leasing","Project Financing","IsDB OCR"
"Iran","Mashhad Sewage Project","The project aims at enhancing the quality of life in Mashhad through significantly increasing coverage of sanitation services through the provision of satisfactory wastewater collection and treatment facilities","77.393716","2008","Completed","Istisna'a","Project Financing","IsDB OCR"
"Sudan","Heightening of Roseires Dam Project","The project aims at alleviating the water shortage in the existing irrigation schemes and intensifying the agriculture in about 1.7 million hectares by increasing storage capacity of Roseires Dam.","91.195","2008","Completed","Istisna'a","Project Financing","IsDB OCR"
"Pakistan","Reconstruction of Rural Infrastructure for Victims of the Earthquake in Shangla and Kohistan Districts - Under IDB Earthquake Assistance Package to Pakistan","The project aims at improving the socio-economic development of the two least developed districts in the North West Frontier Province (NWFP) of Pakistan","93.125308","2008","Completed","Istisna'a","Project Financing","IsDB OCR"
"Saudi Arabia","MA'ADEN PHOSPHORIC FERTILIZER COMPLEX","The Project will substantially increase the export of phosphate fertilizers and chemicals from KSA. The MWASP Project will produce phosphate fertilizers and ammonia in quantities similar to the existing MPC project. Moreover, it will introduce new phosphate based chemical products such as DCP/MCP and STPP and bring best practices through partnership with global leaders such as Mosaic.At commissioning, the Project will employ about 1,900 staff members, of which 65% will be KSA nationals, increasing to about 85% by the fifth anniversary of operation. Ma’aden or the Project will also help to setup and operate for five years a specialized training center for KSA nationals located in the Northern Province.The key expected benefits of the Project include (i) increasing the diversification of export; (ii) expansion of the industrial capacity of the Northern region as well as the Eastern region; (iii) value adding to the mineral resources of Saudi Arabia and (iv) creating significant direct and indirect employment opportunities for Saudi citizens and develop their expertize.","100","2008","Completed","Leasing","Project Financing","IsDB OCR"
"Gabon","Construction of Akieni-Okondja Road Project","The objective of the project is to improve the transfer of goods and services between rural areas and economic centres","104.504769","2008","Completed","Istisna'a","Project Financing","IsDB OCR"
"Malaysia","KUALALUMPUR TO SELANGOR TOLL EXPRESSWAY (KLS)","The project aims to ease traffic outside Kuala Lumpur by constructing a new infrastructure called the KL Outer Ring Road.","107.46946","2008","Completed","Istisna'a","Project Financing","IsDB OCR"
"Tunisia","TUNISIAN INDIAN FERTILIZERS (TIFERT SA)","The project aims at the construction of a phosphoric acid (phocid) production facility with higher capacity.","120","2008","Completed","Leasing","Project Financing","IsDB OCR"
"Iran","ABADAN COMBINED CYCLE POWER PLANT","The objective of the project is to increase the power generation capacity of the existing Abadan Gas Turbine Power Plant .","120.119851","2008","Completed","Instalment Sale","Project Financing","IsDB OCR"
"Türkiye","RAILWAY TRACKS","The project objective is to increase the competitiveness of railway transportation in Turkey in terms of speed, safety and comfort; thereby positively contributing to overall transportation cost and quality.","134.112215","2008","Completed","Instalment Sale","Project Financing","IsDB OCR"
"Pakistan","KHWAR HYDROPOWER PLANT","The objective of the project is to increase Pakistan's power generation capacity to partially meet the electricity need of consumers in northern and central regions of the country.","141.084776","2008","Completed","Istisna'a","Project Financing","IsDB OCR"
"Morocco","CONST. OF TAZA-OUJDA SEGMENT WITHIN FES-OUJDA HIGHWAY","The project will contribute to the fulfilment of the national goals in terms of improvement of road safety, and reduction of travel times and transport costs.","144.902383","2008","Completed","Istisna'a","Project Financing","IsDB OCR"
"Qatar","RAS LAFFAN C INDEPENDENT WATER AND POWER PLANT (IWPP)","The project entails the development, financing, construction, and operation of a new power generation and potable water production facility.","150","2008","Completed","Leasing","Project Financing","IsDB OCR"
"Tunisia","EXTENSION OF FERIANA THYNA POWER PLANTS","The project aims at satisfying the demand for electricity in the unified power system in Tunisia by installing a new gas turbine power generation units at the existing Feriana and Thyna Power Plants.","185.170492","2008","Completed","Istisna'a","Project Financing","IsDB OCR"
"Malaysia","Construction of Shariah Courthouses Selangor - Malaysia","Construction of Shariah Courthouse for the benefit of Islamic Religious Council of Selangor","0.146807","2007","Completed","Instalment Sale","Project Financing","Other Funds"
"Malaysia","Construction of Shariah Courthouses Selangor - Malaysia","Construction of Shariah Courthouse for the benefit of Islamic Religious Council of Selangor","0.146807","2007","Completed","Instalment Sale","Project Financing","Other Funds"
"Malaysia","Construction of Shariah Courthouses Selangor - Malaysia","Construction of Shariah Courthouse for the benefit of Islamic Religious Council of Selangor","0.146807","2007","Completed","Instalment Sale","Project Financing","Other Funds"
"Malaysia","Construction of Shariah Courthouses Selangor - Malaysia","Construction of Shariah Courthouse for the benefit of Islamic Religious Council of Selangor","0.146807","2007","Completed","Instalment Sale","Project Financing","Other Funds"
"Malaysia","Construction of Shariah Courthouses Selangor - Malaysia","Construction of Shariah Courthouse for the benefit of Islamic Religious Council of Selangor","0.146807","2007","Completed","Instalment Sale","Project Financing","Other Funds"
"Malaysia","Construction of Shariah Courthouses Selangor - Malaysia","Construction of Shariah Courthouse for the benefit of Islamic Religious Council of Selangor","0.146807","2007","Completed","Instalment Sale","Project Financing","Other Funds"
"Malaysia","Construction of Shariah Courthouses Selangor - Malaysia","Construction of Shariah Courthouse for the benefit of Islamic Religious Council of Selangor","0.146807","2007","Completed","Instalment Sale","Project Financing","Other Funds"
"Djibouti","BASIC EDUCATION SUPPORT","The aim is to increase access to the intermediate basic education and reduce schooling disparities in favour of disadvantaged urban areas.","0.14927","2007","Completed","Loan","Project Financing","IsDB OCR"
"Malaysia","Construction of Shariah Courthouses Selangor - Malaysia","Construction of Shariah Courthouse for the benefit of Islamic Religious Council of Selangor","0.168346","2007","Completed","Instalment Sale","Project Financing","Other Funds"
"Malaysia","Construction of Shariah Courthouses Selangor - Malaysia","Construction of Shariah Courthouse for the benefit of Islamic Religious Council of Selangor","0.168346","2007","Completed","Instalment Sale","Project Financing","Other Funds"
"Sudan","CENTRAL ZONE MALARIA FREE INITIATIVE","The project is to support the efforts of the Government of Sudan in achieving the Millennium Development Goals through a significant reduction of malaria morbidity and mortality.","0.2022","2007","Completed","Technical Assistance","Technical Assistance Operations","Other Funds"
"Sierra Leone","Technical and Vocational Education and Training Project","The objective is to mitigate the general shortage of skilled manpower by improving access to and quality of Technical and Vocational Education and Training (TVET).","0.308305","2007","Completed","Technical Assistance","Technical Assistance Operations","Other Funds"
"Malaysia","Construction of Shariah Courthouses Selangor - Malaysia","Construction of Shariah Courthouse for the benefit of Islamic Religious Council of Selangor","0.456179","2007","Completed","Instalment Sale","Project Financing","Other Funds"
"Bangladesh","REHABILIT. OF RURAL INFRA. DAM AGED IN GAILBANDHA KURIGRAM","The main objective of the project is to help alleviate the i mpact of flood 2007 by supporting the government's efforts t o rehabilitate essential rural infrastructure in gailbandha  kurigram districts.","1.324636","2007","Completed","Loan","Project Financing","IsDB OCR"
"Mauritania","Reconstruction of Small and Medium Scale Irrigation Perimters in Brakna Governate Project","The main objective is to increase agricultural production and consequently farmers' income and improve living conditions thereof.","1.571797","2007","Completed","Loan","Project Financing","IsDB OCR"
"Malaysia","Construction of Shariah Courthouses Selangor - Malaysia","Construction of Shariah Courthouse for the benefit of Islamic Religious Council of Selangor","1.790076","2007","Completed","Instalment Sale","Project Financing","IsDB OCR"
"Malaysia","Construction of Shariah Courthouses Selangor - Malaysia","Construction of Shariah Courthouse for the benefit of Islamic Religious Council of Selangor","1.790076","2007","Completed","Instalment Sale","Project Financing","IsDB OCR"
"Malaysia","Construction of Shariah Courthouses Selangor - Malaysia","Construction of Shariah Courthouse for the benefit of Islamic Religious Council of Selangor","1.790076","2007","Completed","Instalment Sale","Project Financing","IsDB OCR"
"Malaysia","Construction of Shariah Courthouses Selangor - Malaysia","Construction of Shariah Courthouse for the benefit of Islamic Religious Council of Selangor","1.790076","2007","Completed","Instalment Sale","Project Financing","IsDB OCR"
"Malaysia","Construction of Shariah Courthouses Selangor - Malaysia","Construction of Shariah Courthouse for the benefit of Islamic Religious Council of Selangor","1.790076","2007","Completed","Instalment Sale","Project Financing","IsDB OCR"
"Malaysia","Construction of Shariah Courthouses Selangor - Malaysia","Construction of Shariah Courthouse for the benefit of Islamic Religious Council of Selangor","1.790076","2007","Completed","Instalment Sale","Project Financing","IsDB OCR"
"Malaysia","Construction of Shariah Courthouses Selangor - Malaysia","Construction of Shariah Courthouse for the benefit of Islamic Religious Council of Selangor","1.790076","2007","Completed","Instalment Sale","Project Financing","IsDB OCR"
"Malaysia","Construction of Shariah Courthouses Selangor - Malaysia","Construction of Shariah Courthouse for the benefit of Islamic Religious Council of Selangor","2.052713","2007","Completed","Instalment Sale","Project Financing","IsDB OCR"
"Malaysia","Construction of Shariah Courthouses Selangor - Malaysia","Construction of Shariah Courthouse for the benefit of Islamic Religious Council of Selangor","2.052713","2007","Completed","Instalment Sale","Project Financing","IsDB OCR"
"Palestine","TEXTBOOKS FOR THE ACADEMIC YEAR 2006 - 2007","THE PURPOSE OF THE PROJECT IS TO SUPPORT THE MINISTRY OF EDUCATION AND HIGHER EDUCATION BY PROVIDING QUALITATY TEXTBOOKS BY THE BEGINNING OF THE ACADEMIC YEAR 2006 _ 2007.","3.514748","2007","Completed","Loan","Project Financing","IsDB OCR"
"Kyrgyz Republic","RECONSTRUCTION OF TARAZ-TALAS SUUSAMYR ROAD","The primary objective of the proposed project is to reconstruct 52 km of the Taraz-TalasSuusamyrroad (total length of 199 km).","3.635591","2007","Completed","Loan","Project Financing","IsDB OCR"
"Indonesia","Upgrading and Development of the State Islamic University of Sunan Gunung Djati, Bandung Project","The project aims to prepare the University to deliver quality modern and Islamic education to its graduates to take their place in the demanding job market of rapidly growing economy of Indonesia.","5.19","2007","Completed","Instalment Sale","Project Financing","IsDB OCR"
"Malaysia","Construction of Shariah Courthouses Selangor - Malaysia","Construction of Shariah Courthouse for the benefit of Islamic Religious Council of Selangor","5.562367","2007","Completed","Instalment Sale","Project Financing","IsDB OCR"
"Mauritania","Nouakchot Water Supply Project","The major objective of the project is to satisfy the water demand in the capital Nouakchott for domestic and industrial purposes up to the horizon of 2030.","6.405177","2007","Completed","Loan","Project Financing","IsDB OCR"
"Maldives","RECONSTRUCTION OF HOUSING UNITS FOR THE TSUNAMI VICTIMS","The objective of the project is to resettle the population of five islands displaced by the 2004 tsunami through reconstruction and repair of housing units.","6.500873","2007","Completed","Loan","Project Financing","IsDB OCR"
"Gabon","SUPPORT TO THE PREPARATION OF INFRASTRUCTURE PROJECTS","The project consists of assisting Gabon by partially financing the important studies and advisoryservices that are needed for the preparation and structuring of the Libreville new internationalairport and the Mayumba deep water sea port projects","6.612243","2007","Completed","Loan","Project Financing","IsDB OCR"
"Sudan","CENTRAL ZONE MALARIA FREE INITIATIVE","The project is to support the efforts of the Government of Sudan in achieving the Millennium Development Goals through a significant reduction of malaria morbidity and mortality.","6.810439","2007","Completed","Loan","Project Financing","IsDB OCR"
"Senegal","SUPPORT MALARIA PREVENTION AND CONTROL IN SENEGAL","The project objective is to support the efforts of the Government of Senegal to achieve health related  Millennium Development Goals through the reduction of Malaria Morbidity Rate","7.90652","2007","Completed","Loan","Project Financing","IsDB OCR"
"Sierra Leone","Technical and Vocational Education and Training Project","The objective is to mitigate the general shortage of skilled manpower by improving access to and quality of Technical and Vocational Education and Training (TVET).","8.147418","2007","Completed","Loan","Project Financing","IsDB OCR"
"Maldives","CONSTRUCTION OF HARBOURS","The project aims to provide harbour facilities on the islands to facilitate inter-island travel and to support fishing and other economic activities.","8.175614","2007","Completed","Istisna'a","Project Financing","IsDB OCR"
"Bangladesh","Greater Rangpur Agriculture and Rural Development Project","The project aims at improving the socio-economic wellbeing of small-scale and marginal farmers.","8.581357","2007","Completed","Loan","Project Financing","IsDB OCR"
"Mali","POWER GENERATION EXPANSION","The main objective of the project is to urgently alleviate the acute electricity shortage within the cities powered through the interconnected power plants serving Bamako and its suburbs, through the expansion of the power generation capacity.","9.2717","2007","Completed","Loan","Project Financing","IsDB OCR"
"Indonesia","REHABILITATION OF AGRI. INFRA. IN NANGGROE ACEH(TSUNAMI FIN.)","The main objective of the project is to help in the renovation and reconstruction efforts of ninedistricts within the Nanggroe Aceh Darussalam (NAO) Province.","9.424091","2007","Completed","Loan","Project Financing","IsDB OCR"
"Gambia","WESTFIELD-SUKUTA ROAD","The principal objectives for the project could be summarized as follows: (i) The provision of the road aspart of a network of access roads linking the Free Zones to economic outlets in the Greater Banjul Area (GBA)for the increased productive capacity of economic activities and (ii) Providing access and the ease of movementof people, goods, and services","9.431438","2007","Completed","Loan","Project Financing","IsDB OCR"
"Senegal","TOUBA WATER SUPPLY (PHASE 1) PROJECT","The objective of the project is to improve the delivery of  water and sanitation services in the city of Touba in Senegal on a rapid and sustainable basis.","9.662169","2007","Completed","Loan","Project Financing","IsDB OCR"
"Jordan","Supporting the Electricity Transmission System Project","The project aims at helping in satisfying the increasing demand for electricity, and increasing the reliability of the unified power system in Jordan through supporting the power transmission system.","9.673441","2007","Completed","Loan","Project Financing","IsDB OCR"
"Albania","DURRES-MORINE ROAD","The project aims at securing uninterrupted flow of traffic, reduce vehicle operating cost, save time and bring about overall economic improvements through enhanced accessibility and mobility.","9.77469","2007","Completed","Loan","Project Financing","IsDB OCR"
"Burkina Faso","YEGUERESSO-DIEBOUGOU ROAD PROJECT","THE PROJECT AIMS AT UPGRADING THE EXISTING ROAD SECTIONS YEGUERESSO_DIEBOUGOU (119 KM LONG) AND OUESSA_HAMELE(6 KM) FROM AN EARTH ROAD TO A MODERN PAVED ONE.","10.213502","2007","Completed","Loan","Project Financing","IsDB OCR"
"Togo","Health Project II - Construction and Equipping of Health Facilities","The project aims at improving health coverage and quality of health care for the population in five regions in Togo through construction of new, extension of existing and provision of equipment & furniture to health facilities.","10.4867","2007","Completed","Loan","Project Financing","IsDB OCR"
"Yemen","SOCIAL FUND FOR DEVELOPMENT (PHASE III)","The project aims at expanding and improving infrastructure of basic education, constructing basic health units, improving water for irrigation, environment, constructing feeder roads, and capacity building of Ministries of Education and Health.","10.580146","2007","Completed","Loan","Project Financing","IsDB OCR"
"Mali","BANDIAGARA BANKASS-KORO- BURKINA FASO ROAD","The objective of the project is to improve the transfer of goods and services between the concerned regions of Mali and the main ports located in Ghana, Togo and Benin.","10.591735","2007","Completed","Loan","Project Financing","IsDB OCR"
"Sierra Leone","Reinforcement and Extension of Medium and Low Voltage Distribution Networks in Freetown Area Project","The objective of the project is to provide improved quality of electricity supply in a co-coordinated manner to provide relief against acute shortage of power distribution in Freetown Area.","10.5924","2007","Completed","Loan","Project Financing","IsDB OCR"
"Mozambique","SECONDARY EDUCATION EXPANSION PROJECT","Improve access to and quality of secondary education in five schools located in five provinces of Mozambique","10.604996","2007","Completed","Loan","Project Financing","IsDB OCR"
"Cameroon","Chari/Logone Integrated Rural Development Project","The project aims at contributing to poverty reduction, improving food security and living conditions of the people.","10.6421","2007","Completed","Loan","Project Financing","IsDB OCR"
"Uganda","Construction of Small Bridges in North and North -East of Uganda Project","The project aims at contributing to the economic development of the country and to poverty alleviation through the improvement of the national and district road networks by the construction of small bridges in the Northern Uganda within the framework of the Poverty Eradication Action Plan","10.6421","2007","Completed","Loan","Project Financing","IsDB OCR"
"Uzbekistan","Construction and Equipping of Voicational Colleges Project","The project aims at enhancing the Government efforts in providing appropriate higher education standards for the population, to mitigate the shortage of skilled manpower by improving access to quality vocational education, and to mitigate the present geographical imbalance in the distribution of vocational education facilities.","10.846244","2007","Completed","Loan","Project Financing","IsDB OCR"
"Chad","Higher Education Support Project - Exapansion of the Universities of Mongo and Moundou","The project aims at mitigating the general shortage of skilled manpower in Chad by improving access to and quality of Higher Education and Training.","11.084372","2007","Completed","Loan","Project Financing","IsDB OCR"
"Kyrgyz Republic","110 KV AIGUL TASH TO SAMAT TRANSMISSION LINE SUBSTATION","The objective of the project is to provide a reliable andsustainable supply of electricity to the consumers in the Batken district.","11.508855","2007","Completed","Loan","Project Financing","IsDB OCR"
"Kyrgyz Republic","RECONSTRUC. OF OSH-IRKESHTAM ROAD","The main objective of the project is to reconstruct the road section of Osh-Irkeshtam road.","13.842839","2007","Completed","Loan","Project Financing","IsDB OCR"
"Tajikistan","REGIONAL POWER TRANSMISSION INTERCONNECTION PROJECT","The project objective to increase the reliability of supply of electrical energy and building the necessary infrastructure.","14.544999","2007","Completed","Loan","Project Financing","IsDB OCR"
"Côte d'Ivoire","Reinforcement of Abidjan Water Supply Project","The project aims at improving water supply through increase of water production, extension and reinforcement of water supply distribution network.","15.11","2007","Completed","Istisna'a","Project Financing","IsDB OCR"
"Mauritania","Construction of Atar-Tidjikja Road Project","facilitating the transport of passengers and goods between the towns of Atar, the capital of Adrar Province and Tidjikja, the capital of Tagant Province, opening up the land-locked villages situated in the project area","15.113","2007","Completed","Loan","Project Financing","IsDB OCR"
"Indonesia","Upgrading and Development of the State Islamic University of Sunan Gunung Djati, Bandung Project","The project aims to prepare the University to deliver quality modern and Islamic education to its graduates to take their place in the demanding job market of rapidly growing economy of Indonesia.","16.807","2007","Completed","Istisna'a","Project Financing","IsDB OCR"
"Afghanistan","Regional Power Transmission Interconnection Project","The project aims at providing electricity to Kundus and Baghlan provinces. It will also enhance cooperation through transmission interconnectivity in the power sector between Afghanistan and Tajikistan.","17.7331","2007","Completed","Loan","Project Financing","IsDB OCR"
"Benin","Coastal Erosion Protection Project","The project aims at stopping progression of the coastal erosion of the beaches of Cotonou and the adjacent commune of Seme Kopdji.","20.887097","2007","Completed","Istisna'a","Project Financing","IsDB OCR"
"Mauritania","SNIM-MINING PORT HANDLING EQUIPMENT UPGRADE PROJECT","The project aims to modernize SNIM's mining infrastructure at the Mining Nouadhibou Harbor.","26.970096","2007","Completed","Leasing","Project Financing","IsDB OCR"
"Albania","DURRES-MORINE ROAD","The project aims at securing uninterrupted flow of traffic, reduce vehicle operating cost, save time and bring about overall economic improvements through enhanced accessibility and mobility.","30","2007","Completed","Istisna'a","Project Financing","IsDB OCR"
"Iran","BAR DAM PROJECT","The project objective is to improve living and health conditions in the Bar river basin, while protecting the environment.","31.194726","2007","Completed","Istisna'a","Project Financing","IsDB OCR"
"Senegal","ACQUISITION OF A 60 MW POWER PLANT IN DAKAR","The project aims to meet the demand of electricity by 2008-2009 in the general interconnected grid of SENELEC.","31.216713","2007","Completed","Leasing","Project Financing","IsDB OCR"
"Côte d'Ivoire","Construction of Singrobo-Yamoussoukro Highway (Phase II) Project","The overall objective of the project is  to contribute to the food self-sufficiency of the country and the improvement of the living conditions of the concerned rural population.","39.430194","2007","Completed","Istisna'a","Project Financing","IsDB OCR"
"Malaysia","UPGRADING OF UNIVERSITY OF SCIENCE OF MALAYSIA","The project aims to enhance and expand the existing and future teaching and research programs and facilities at the USM.","43.44","2007","Completed","Instalment Sale","Project Financing","IsDB OCR"
"Djibouti","DORALEH CONTAINER SEA PORT TERMINAL","The objective of the project is to construct a new Container Terminal 8-kilometers from the existing Djibouti Port.","50","2007","Completed","Leasing","Project Financing","IsDB OCR"
"Jordan","Supporting the Electricity Transmission System Project","The project aims at helping in satisfying the increasing demand for electricity, and increasing the reliability of the unified power system in Jordan through supporting the power transmission system.","53.382381","2007","Completed","Leasing","Project Financing","IsDB OCR"
"Mali","POWER GENERATION EXPANSION","The main objective of the project is to urgently alleviate the acute electricity shortage within the cities powered through the interconnected power plants serving Bamako and its suburbs, through the expansion of the power generation capacity.","59.537729","2007","Completed","Leasing","Project Financing","IsDB OCR"
"Malaysia","Construction of South Klang Valley Expressway Project","The project aims at constructing a 51.2 km three_lane dual carriageway, to be upgraded gradually along with traffic growth. It will include nine interchanges and six toll plazas. It will be divided into 4 main sections.  Section lA was successfully completed in Year 2001 by Gadek_Perspec Consortium Sdn Bhd as the originator of the Expressway under Design & Build Contract with the Government of Malaysia. Therefore, only three sections are to be built as part of the proposed project. The Expressway is designed and will be constructed to meet international standards. The toll system will be a closed toll system.","60.124104","2007","Completed","Istisna'a","Project Financing","IsDB OCR"
"Côte d'Ivoire","Construction of Singrobo-Yamoussoukro Highway (Phase III) Project","The project main objective is to improve the level of the existing highway link between Abidjan, the economic capital of the country and its political and administrative capital Yamoussoukro.","60.960508","2007","Completed","Istisna'a","Project Financing","IsDB OCR"
"Iran","Tehran Power Transmission Project","The project objective is to increase the reliability of the supply of electrical energy to the industrial, commercial and residential areas located in Tehran region to support and sustain economic growth in the project area.","76.362746","2007","Completed","Leasing","Project Financing","IsDB OCR"
"Azerbaijan","Mingechaur Hydro Power (Phase II) Project","The project aims at replacing of turbines, generators, substations and control room equipment of the existing Mingechaur Hydro Power Project in order to increase reliability on electricity supply.","80","2007","Completed","Leasing","Project Financing","IsDB OCR"
"Iran","KHOUZESTAN STEEL EXPANSION PROEJCT (PHASE II)","The aim of the project is to increase annual production capacity from 2.4 million tonnes to 3.2 million tonnes.","84.523121","2007","Completed","Leasing","Project Financing","IsDB OCR"
"Jordan","QUEEN ALIA AIRPORT, REHABILITATION ,EXPANSION AND OPERATION","The objective of the project is to increase the capacity andimprove quality of service at Queen Alia International Airport (QAIA) in Amman, Jordan.","93.191614","2007","Completed","Leasing","Project Financing","IsDB OCR"
"Saudi Arabia","THE UPGRADE, EXPANSION OPERATION OF HAJJ TERMINAL","KAIA IS THE KINGDOM'S MAIN INTERNATIONAL GATEWAY AND HUB FOR SAUDIA, THE NATIONAL AIRLINE. KAIA IS LOCATED 19 KM NORTH OF JEDDAH. IN 2006, KAIA HANDLED 15.1 MILLION PASSENGERS AND ACCOUNTED FOR 40% OF ALL DOMESTIC AND 57% OF ALL INT'L SCHEDULED PASSENGERS IN THE KINGDOM.","105","2007","Completed","Leasing","Project Financing","IsDB OCR"
"Morocco","CONSTRUCT. OF FES-TAZA SEGMENT","The project aims to improve the living standard of people and create employment by supporting the country's economic development and, more particularly, the tourist and agro based industry sector.","106.646777","2007","Completed","Istisna'a","Project Financing","IsDB OCR"
"Pakistan","RECONSTRUCT. OF RURAL HOUSING FOR VICTIMS OF EARTHQUAKE","The overall project objective is to restore the earthquake victims' lives.","127","2007","Completed","Istisna'a","Project Financing","IsDB OCR"
"Egypt","ABU QIER POWER PROJECT","The project aim to build steam generation plant to support people in Egypt","164.632059","2007","Completed","Leasing","Project Financing","IsDB OCR"
"Morocco","MOHAMMEDIA GAS TURBINE POWER PLANT","THE PROJECT AIMS AT MEETING THE ELECTRICITY NEEDS OF THE COUNTRY IN AN ECONOMICALLY AND ENVIRONMENTALLY SUSTAINABLE MANNER TO CONTRIBUTE TO ECONOMIC GROWTH.","187.93316","2007","Completed","Instalment Sale","Project Financing","IsDB OCR"
"Cameroon","Basic Education Quality Improvement Pilot Project","The project aims at laying ground foundation for primary education quality enhancement leading to reduction of repetition rate from 28% to 20%, increasing exam pass rate from 80% to 95%.","0.16","2006","Completed","Technical Assistance","Technical Assistance Operations","Other Funds"
"Egypt","Microfinance Support Program","The new project aims at improving the livelihoods of deprived families in the least developed communities in several Governorates through improving their access to microfinance facilities and special assistance services.","0.243985","2006","Completed","Technical Assistance","Technical Assistance Operations","Other Funds"
"Bangladesh","Marine Fisheries Capacity Building Project Under C.B. Program in OIC MCs","The project aims at capacity building of the Department of Fisheries to monitor, control and undertake surveillance on Bangladesh’s marine fisheries resources.","0.29","2006","Completed","Technical Assistance","Technical Assistance Operations","Other Funds"
"Mauritania","C.B. FOR POVERTY REDUCTION THROUGH EFFECT. RESOURCE MNGMT","Help the Mauritanian government to fight poverty through an effective management of oil resources, reinforcement of the strategic planning function and readapting the vocational training system","0.291062","2006","Completed","Technical Assistance","Technical Assistance Operations","Other Funds"
"Sudan","BASIC EDUCATION DEVELOPMENT IN DARFUR STATES","The main objective of this project is to increase access to Basic Education and to improve its quality in Drafur States.","0.957681","2006","Completed","Loan","Project Financing","Other Funds"
"Togo","CONSTRUCTION EQUIPMENT OF HEALTH CENTERS (SUPPLEMENTARY)","The project objective is to assist the government of Togo in implementing its strategy in the health sector.","0.99278","2006","Completed","Loan","Project Financing","IsDB OCR"
"Gambia","LOWLAND DEVELOPMENT PROJECT","The project aims to contribute in the food security and alleviating poverty of thepopulation in the Western Division.","1.617431","2006","Completed","Loan","Project Financing","Other Funds"
"Bangladesh","IIU CHITTAGONG TOWER PROJECT","IIU CHITTAGONG TOWER PROJECT","1.989613","2006","Completed","Leasing","Project Financing","Other Funds"
"Bangladesh","IIU CHITTAGONG TOWER PROJECT","IIU CHITTAGONG TOWER PROJECT","2","2006","Completed","Leasing","Project Financing","IsDB OCR"
"Burkina Faso","Agricultural Development Project Downstream Small Dams in the Eastern Region","The project aims at contributing to land development and increased food crop production, downstream small dams, preserve the natural resources.","3.006738","2006","Completed","Loan","Project Financing","Other Funds"
"Mauritania","C.B. FOR POVERTY REDUCTION THROUGH EFFECT. RESOURCE MNGMT","Help the Mauritanian government to fight poverty through an effective management of oil resources, reinforcement of the strategic planning function and readapting the vocational training system","3.24639","2006","Completed","Loan","Project Financing","IsDB OCR"
"Djibouti","BOULAOS THERMAL POWER PLANT UPGRADE (PHASE III)","The project aims at meeting increasing demand for electricity in city of Djibouti and its suburbs by replacing aging diesel fired generator unit, in operation since 1976, by 7.45 mg watt new unit.","3.313086","2006","Completed","Loan","Project Financing","IsDB OCR"
"Niger","Reconstruction of Goure-Djajari Road Project","The project aims at reducing the transport costs and improving the level of service as well as the road safety through the reconstruction of the existing Goure-Diajiri road.","3.59029","2006","Completed","Loan","Project Financing","IsDB OCR"
"Burkina Faso","Samendeni Dam Project","The project aims at alleviating poverty in the country through the regulation of the watercourse and the augmentation of electrical and agricultural production.","3.78165","2006","Completed","Loan","Project Financing","Other Funds"
"Sudan","Omdurman Islamic University's Faculty of Engineering Project","The development objective of the project is to help the Government of Sudan in its efforts of producing well-trained entrepreneurship-minded engineers and high technicians with the skills needed for the development of the country's economy.","4.01893","2006","Completed","Loan","Project Financing","Other Funds"
"Benin","AKPRO MISSERETE-BONOU-KPEDEKPO ROAD - SUPPLEMENTARY","The objective of the project is to improve the accessibility to the fertile land in Oueme and Zou Provinces.","4.151548","2006","Completed","Loan","Project Financing","IsDB OCR"
"Niger","FRANCO-ARABIC LOWER SECONDARY EDUCATION DEVELOPMENT","The project aims to increase access to and quality of lower secondary education through construction of schools, acquisition of teaching material & equipment and improvement of school services.","4.3371","2006","Completed","Loan","Project Financing","Other Funds"
"Tunisia","SIDI BOUZID HIGHER INSTITUTE FOR TECHNOLOGICAL STUDIES","The project aims at expanding scientific and technological education and enhancing its quality and relevance in order to produce qualified technicians and middle level managers to respond more efficiently to the demand of the labor market.","4.397725","2006","Completed","Loan","Project Financing","IsDB OCR"
"Mali","RURAL ELECTRIFICATION PROJECT","The objective of the project is to improve the overall living conditions of the populations of the country by the construction of public light systems in towns and villages of the country having more than 5,000 inhabitants.","5.291208","2006","Completed","Loan","Project Financing","IsDB OCR"
"Djibouti","BOULAOS THERMAL POWER PLANT UPGRADE (PHASE III)","The project aims at meeting increasing demand for electricity in city of Djibouti and its suburbs by replacing aging diesel fired generator unit, in operation since 1976, by 7.45 mg watt new unit.","6.102469","2006","Completed","Instalment Sale","Project Financing","IsDB OCR"
"Jordan","Construction of the New AL-Zarqa Hospital Project","The primary objective of the project is to contribute to achieve the Millennium Development Goals on health at the national level through construction of a 400 bed hospital in AI-Zarqa Directorate","6.19759","2006","Completed","Loan","Project Financing","IsDB OCR"
"Mauritania","THE NOUAKCHOTT POWER PLANT EXPANSION","Meeting the increasing demand of electricity through the expansion of the existing power generation","7.666579","2006","Completed","Loan","Project Financing","IsDB OCR"
"Indonesia","ISLAMIC UNIVERSITY OF ALAUDDIN MAKASSAR.","The objective of proposed project is to upgrade andexpand the academic and research facilities as well as curricula of Islamic University ofAlauddin Makassar.","7.720223","2006","Completed","Instalment Sale","Project Financing","IsDB OCR"
"Indonesia","INTEGRATED DIPONEGORO UNIVERSITY DEVELOPMENT","The objective of the project is to enhance theacademic and the research facilities, scientific capability and curricula of DiponegoroUniversity (UNDIP).","7.81","2006","Completed","Instalment Sale","Project Financing","IsDB OCR"
"Albania","CONSTRUCTION OF BUNA BRIDGE","The project aims at securing uninterrupted flow of traffic, reduce vehicle operating cost, save time and bring about overall economic improvements through enhanced accessibility and mobility.","7.9305","2006","Completed","Loan","Project Financing","IsDB OCR"
"Indonesia","Reconstruction of Iain Ar-Raniry University Project in Aceh (Tsunami Emergency)","To help restore andupgrade the academic facilities of the higher education in Banda Aceh","8.06","2006","Completed","Instalment Sale","Project Financing","IsDB OCR"
"Lebanon","EIGHT SCHOOLS IN BEKAA","The project aims to contribute to the poverty alleviation and the social inclusion of displaced population.","8.076901","2006","Completed","Loan","Project Financing","IsDB OCR"
"Togo","RURAL WATER SUPPLY IN THE REGIONS OF KARA AND SAVANES.","The objective of the project is to increase the access to quality water and sanitation to rural population in Kara and Savanes regions and then contribute to alleviate poverty in the country.","8.682795","2006","Completed","Loan","Project Financing","IsDB OCR"
"Gambia","LOWLAND DEVELOPMENT PROJECT","The project aims to contribute in the food security and alleviating poverty of thepopulation in the Western Division.","8.750598","2006","Completed","Loan","Project Financing","IsDB OCR"
"Albania","Construction of Durres Fishing Port Project","The project aims at providing a separate strategically located and fully operational new fishing port enabling the fishing vessels berth safely and discharge their catch.","8.933862","2006","Completed","Loan","Project Financing","IsDB OCR"
"Tunisia","SIDI BOUZID HIGHER INSTITUTE FOR TECHNOLOGICAL STUDIES","The project aims at expanding scientific and technological education and enhancing its quality and relevance in order to produce qualified technicians and middle level managers to respond more efficiently to the demand of the labor market.","9.433122","2006","Completed","Istisna'a","Project Financing","IsDB OCR"
"Senegal","Construction and Equipping of Dalal Jamm Hospital Project","The project aims to contribute to the 10-year National Social Development Plan of Senegal by modernizing and reinforcing existing health facilities.","9.478926","2006","Completed","Loan","Project Financing","IsDB OCR"
"Bangladesh","Marine Fisheries Capacity Building Project Under C.B. Program in OIC MCs","The project aims at capacity building of the Department of Fisheries to monitor, control and undertake surveillance on Bangladesh’s marine fisheries resources.","9.504988","2006","Completed","Loan","Project Financing","IsDB OCR"
"Bangladesh","INTEGRATED VILLAGE INFRASTRUCTURE DEVELOPMENT","The main objective of the proposed project is to help in the efforts to alleviate poverty of the rural population of the project area.","9.719461","2006","Completed","Loan","Project Financing","IsDB OCR"
"Sudan","BASIC EDUCATION DEVELOPMENT IN DARFUR STATES","The main objective of this project is to increase access to Basic Education and to improve its quality in Drafur States.","9.874274","2006","Completed","Loan","Project Financing","IsDB OCR"
"Burkina Faso","Agricultural Development Project Downstream Small Dams in the Eastern Region","The project aims at contributing to land development and increased food crop production, downstream small dams, preserve the natural resources.","9.923728","2006","Completed","Loan","Project Financing","IsDB OCR"
"Mozambique","THE NORTH OF CABO DELGADO PROVINCE RURAL ELECTRIFICATION","Contribute to the economic and social development of the north Cabo Delgado province by supplying economic and non-polluting hydroelectricity to rural communities in the northern part of the country","9.98319","2006","Completed","Loan","Project Financing","IsDB OCR"
"Burkina Faso","Samendeni Dam Project","The project aims at alleviating poverty in the country through the regulation of the watercourse and the augmentation of electrical and agricultural production.","10.02508","2006","Completed","Loan","Project Financing","IsDB OCR"
"Palestine","Education Sector Support Project (Phase II)","The immediate objective of the project is to improve the educational facilities and to provide increased and equitable access to primary and secondary education.","10.0597","2006","Completed","Loan","Project Financing","IsDB OCR"
"Morocco","RURAL ELECTRIFICATION FOR THIRTEEN PROVINCES","The objective of the project is to improve the standards of living of the rural population in Morocco through delivering electrical energy from the national grid.","10.064852","2006","Completed","Loan","Project Financing","IsDB OCR"
"Niger","FRANCO-ARABIC LOWER SECONDARY EDUCATION DEVELOPMENT","The project aims to increase access to and quality of lower secondary education through construction of schools, acquisition of teaching material & equipment and improvement of school services.","10.120508","2006","Completed","Loan","Project Financing","IsDB OCR"
"Burkina Faso","Soum Hydro Agricultural Development Project","The project aims at improving the food security, poverty alleviation and raising the living standard of the population.","10.2018","2006","Completed","Loan","Project Financing","IsDB OCR"
"Chad","MASSAGUET-MASSAKORY ROAD PROJECT.","The objective of the project is updating of 68 km road into a paved road ensuring access of the poor to basic social services.","10.380924","2006","Completed","Loan","Project Financing","IsDB OCR"
"Sudan","Omdurman Islamic University's Faculty of Engineering Project","The development objective of the project is to help the Government of Sudan in its efforts of producing well-trained entrepreneurship-minded engineers and high technicians with the skills needed for the development of the country's economy.","10.381","2006","Completed","Loan","Project Financing","IsDB OCR"
"Cameroon","Basic Education Quality Improvement Pilot Project","The project aims at laying ground foundation for primary education quality enhancement leading to reduction of repetition rate from 28% to 20%, increasing exam pass rate from 80% to 95%.","10.3838","2006","Completed","Loan","Project Financing","IsDB OCR"
"Mali","CONSTRUCTION OF FOUR ACCESS ROADS","The objective of the project is to improve the transfer of goods and services between major population centres and the other regions of Mali","10.3838","2006","Completed","Loan","Project Financing","IsDB OCR"
"Togo","REHABILITATION AND UPGRADING OF AFLAO-HILLACONDJI ROAD","The project aims at facilitating good and passengers transport and contributing to regional integration between Togo and its neighbouring countries through rehabilitation of the coastal Aflao-Hillacondji road linking the east and the west borders of the country.","10.908141","2006","Completed","Loan","Project Financing","IsDB OCR"
"Mozambique","Gurue-Magige Road Project","The project aims at upgrading the existing road section Gurue Magige from an earth road to a modern paved road","10.941738","2006","Completed","Loan","Project Financing","IsDB OCR"
"Indonesia","North Sumatra University Hospital Project","To improve the quality of healthcare services in Medan and North Sumatra, while also meeting the educational requirements of medical students at the University of North Sumatra and throughout the province.","11.017","2006","Completed","Instalment Sale","Project Financing","IsDB OCR"
"Guinea","Construction of Labe-Kourmangui Road Project","The main objective of the project is to stimulate economic growth and contribute directly to the objectives of the Government's Poverty Reduction Strategy Program, which focuses on reducing poverty by, notably, ensuring access of the poor to basic social services including health, education, and water.","11.066164","2006","Completed","Loan","Project Financing","IsDB OCR"
"Yemen","POWER SECTOR PROJECT","The project aims at addressing the increasing demand for electricity and raising electricity coverage from grid to 18 governorates to support economic growth.","12.86824","2006","Completed","Loan","Project Financing","IsDB OCR"
"Indonesia","REHABILI. RECONSTRACT. OF SIMEULUE ISLAND TSUNAMI.","The main objective of the project is to improve the livelihood conditions of the islandinhabitants by providing basic and reliable medical, education, transport, and fisheriesservices.","13.006884","2006","Completed","Loan","Project Financing","IsDB OCR"
"Mauritania","THE NOUAKCHOTT POWER PLANT EXPANSION","Meeting the increasing demand of electricity through the expansion of the existing power generation","16.136943","2006","Completed","Leasing","Project Financing","IsDB OCR"
"Indonesia","North Sumatra University Hospital Project","To improve the quality of healthcare services in Medan and North Sumatra, while also meeting the educational requirements of medical students at the University of North Sumatra and throughout the province.","21.583","2006","Completed","Istisna'a","Project Financing","IsDB OCR"
"Indonesia","INTEGRATED DIPONEGORO UNIVERSITY DEVELOPMENT","The objective of the project is to enhance theacademic and the research facilities, scientific capability and curricula of DiponegoroUniversity (UNDIP).","25.19","2006","Completed","Istisna'a","Project Financing","IsDB OCR"
"Morocco","Mohammedia Thermal Power Plant Upgrade Project","The project aims satisfying the increasing demand of electrical energy by enhancing the Mohammedia Thermal Power Plant's performance and improving its environmental impact","25.862368","2006","Completed","Istisna'a","Project Financing","IsDB OCR"
"Indonesia","ISLAMIC UNIVERSITY OF ALAUDDIN MAKASSAR.","The objective of proposed project is to upgrade andexpand the academic and research facilities as well as curricula of Islamic University ofAlauddin Makassar.","26.188914","2006","Completed","Istisna'a","Project Financing","IsDB OCR"
"Indonesia","Reconstruction of Iain Ar-Raniry University Project in Aceh (Tsunami Emergency)","To help restore andupgrade the academic facilities of the higher education in Banda Aceh","27.52","2006","Completed","Istisna'a","Project Financing","IsDB OCR"
"Nigeria","National Program for Food Security Expansion Phase Support Project","to improve food security and to reduce poverty on an economically and environmentally sustainable way.","30.6981","2006","Completed","Loan","Project Financing","IsDB OCR"
"Jordan","Construction of the New AL-Zarqa Hospital Project","The primary objective of the project is to contribute to achieve the Millennium Development Goals on health at the national level through construction of a 400 bed hospital in AI-Zarqa Directorate","33","2006","Completed","Instalment Sale","Project Financing","IsDB OCR"
"Iran","Research Facilities Expansion Project for the Faculty of Engineering, University of Tehran","The objective of project is to enhance the research facilities and scientific capabilities of the Faculty of Engineering, University of Tehran to carry out various research activities.","37.178447","2006","Completed","Instalment Sale","Project Financing","IsDB OCR"
"Pakistan","NEW BONG ESCAPE HYDROPOWER PROJECT","The main objective of the project is construction and operation of a run-of-the-river, low-head , 79 MW hydro electric power generating complex at the new Bong Escape.","37.3","2006","Completed","Leasing","Project Financing","IsDB OCR"
"Pakistan","RAILWAYS DEVELOPMENT PHASE II","The objective of the proposed project is to help correct the structural imbalance in the freight transportation sector through Railway.","39.07","2006","Completed","Instalment Sale","Project Financing","IsDB OCR"
"Iran","POWER TRANSM. AND DISTRIBUTION SYSTEM IN FARS PROVINCE","The project aim is to develop and optimize the power transmission and distribution system of Fars province to ensure optimal delivery of electricity to the demand centres in an efficient and effective way.","43.093","2006","Completed","Leasing","Project Financing","IsDB OCR"
"Gabon","Construction of Lalara-Koumameyong-Ovan Road (Phase 2)","Construction of Lalara_Koumameyong_Ovan Road (Phase 2)","44.127","2006","Completed","Istisna'a","Project Financing","IsDB OCR"
"Morocco","RURAL ELECTRIFICATION FOR THIRTEEN PROVINCES","The objective of the project is to improve the standards of living of the rural population in Morocco through delivering electrical energy from the national grid.","46.21","2006","Completed","Istisna'a","Project Financing","IsDB OCR"
"Syria","THE ARAB GAS PIPELINE PROJECT.","The project aims at promoting the use of cheaper and environmentally cleaner gas for power generation and other industrial, and commercial sectors to improve the competitiveness of the energy sector.","52.123061","2006","Completed","Instalment Sale","Project Financing","IsDB OCR"
"Iran","IRAN-KHODRO COMPANY(PHASE-II)","MANUFACTURING OF MODERN, FUEL_EFFICIENT, LOW_EMISSION AUTOMOBILE ENGINES AT INITIAL RATE OF 250,000 ENGINES AND GOING UP TO 500,000 ENGINES ANNUALLY.","63.323202","2006","Completed","Leasing","Project Financing","IsDB OCR"
"Sudan","THE WHITE NILE SUGAR PROJECT","The project objectives is to promote agricultural development to respond domestic sugar demand, to export of sugar to key international markets.","63.597991","2006","Completed","Leasing","Project Financing","IsDB OCR"
"Lebanon","Lebanese University Tripoli Campus Project","The main objective of the project is to contribute to the improvement of the population's livelihood and the overall quality of learning environment in the technical faculties.","66","2006","Completed","Istisna'a","Project Financing","IsDB OCR"
"Bahrain","REPLACEMENT OF SITRA CAUSEWAY BRIDGE","The project aims at enhancing the transport infrastructure network in Bahrain through construction of a modern link between Manama and Sitra Island.","67.42","2006","Completed","Istisna'a","Project Financing","IsDB OCR"
"Gabon","Construction of Lalara-Koumameyong-Ovan Road (Phase 3)","Construction of Lalara_Koumameyong_Ovan Road (Phase 3)","77.8575","2006","Completed","Istisna'a","Project Financing","IsDB OCR"
"Pakistan","RECONSTRUCTION OF HOUSING FOR THE VICTIMS OF 2005 EARTHQUAKE","The overall project objective is to reconstruct houses for victims of the earthquake in the selected union councils of Bagh District in Pakistan-administered Kashmir.","82.241919","2006","Completed","Loan","Project Financing","IsDB OCR"
"Saudi Arabia","SABIC-YANSAB PETRICHEMICAL PROJECT","The project aims to establish a state-of-the-art art world scale complex that captures the high-value sectors of Polyethylene, Polypropylene, and Ethylene Glycol markets in Europe and Asia","150","2006","Completed","Leasing","Project Financing","IsDB OCR"
"Niger","DIFFA-NGUIGUMI-CHAD BORDER ROAD","THE OBJECTIVE OF THE PRESENT TA IS TO ASSIST THE GOVERNMENT TO CARRY OUT THE PROPOSED FEASIBILITY STUDY AND ENGINEERING DESIGN INCLUDING, ECONOMIC ANALYSIS, ENVIRONMENTAL STUDY,AND PREPARATION OF THE TENDER DOCUMENTS FOR THE DIFFA_NGUIGMI_ CHAD BORDER ROAD PROJECT (185 KM).","0.131618","2005","Completed","Technical Assistance","Technical Assistance Operations","Other Funds"
"Niger","DIFFA-NGUIGUMI-CHAD BORDER ROAD","THE OBJECTIVE OF THE PRESENT TA IS TO ASSIST THE GOVERNMENT TO CARRY OUT THE PROPOSED FEASIBILITY STUDY AND ENGINEERING DESIGN INCLUDING, ECONOMIC ANALYSIS, ENVIRONMENTAL STUDY,AND PREPARATION OF THE TENDER DOCUMENTS FOR THE DIFFA_NGUIGMI_ CHAD BORDER ROAD PROJECT (185 KM).","0.184494","2005","Completed","Loan","Project Financing","IsDB OCR"
"Burkina Faso","INTEGRATED RURAL DEVELOPMENT OF DEBE PLAIN","TO HELP THE BENEFICIARY POPULATIONS REACH FOOD SECURITY AND IMPROVE THEIR LIVING CONDITIONS BY DEVELOPING SUSTAINABLE PRODUCTION SYSTEMS THROUGH IRRIGATION, CROP INTENSIFICATION AND INFRSTRUCTURE DEVELOPMENT","0.7232","2005","Completed","Loan","Project Financing","IsDB OCR"
"Mozambique","Rehabilitation of Secondary and Tertiary Canals in the Rio Hydraulic Sector of Chokwe Irrigated Perimeter","Contribute to national food security, poverty alleviation, increased earning by farmers, development of agribusiness, improvement of the national import/export balance, sustainable economic growth and reduction of unemployment rate","0.993234","2005","Completed","Loan","Project Financing","Other Funds"
"Cameroon","MOKOLO-MORA WATER SUPPLY","THE PROJECT OBJECTIVE IS TO SUPPORT THE GOVERNMENT POLICY TO PROVIDE LOCAL POPULATIONS IN THE EXTREME NORTH OF THE COUNTRY WITH BASIC SERVICES SUCH AS WATER SUPPLY. THIS WILL IMPROVE HEALTH CONDITIONS THROUGH BETTER WATER SUPPLY INCREA SE THE POPULATION""S ACCESS TO SAFE AND CLEAN DRINKING WATER AND TO SALVAGE AN IMPORTANT INFRASTRUCTURE.","1.20216","2005","Completed","Loan","Project Financing","IsDB OCR"
"Guinea","Acquisition of Diesel Engine Generators Project (Phase II)","The objective is to alleviate on urgent basis, the acute electricity shortagein the capital city and all main cities in the country.","1.279857","2005","Completed","Leasing","Project Financing","IsDB OCR"
"Gambia","Expansion of Health Facilities Project","The project aims at improving access to health services for rural population through extension of eight health centres and construction of a new one, upgrading of Faraffeni General Hospital, extension of a State Enrolled Nurses Training School and training of technicians in maintenance of medical equipment.","1.613253","2005","Completed","Loan","Project Financing","Other Funds"
"Palestine","SUPPORT FOR GAZA STRIP","IT AIMS AT ALLEVIATING THE PALESTINIAN POPULATION SUFFERING FROM OCCUPYING FORCES VICIOUS ATTACK ON THEIR PROPERTIES AND HOUSES. THIS WILL BE ACHIEVED THROUGH REHABILITATING AND RECONSTRUCTING THE DAMAGED PROPERTIES, BUILDINGS, HOUSES AND WORKSHOPS. THE PROJECT WILL ALSO REHABILITATE ESSENTIAL PHY. AND SOCIAL INFRASTRUCTURE SERVICES IN THE AFFECTED AREAS.","1.631027","2005","Completed","Loan","Project Financing","IsDB OCR"
"Burkina Faso","D.E.D. OF SAMENDENI DAM AND HYDRO-AGRICULTURE DEVELOPMENT","The objective of the project is to help prepare a project to improve food security alleviate poverty through development of hydro agriculture, water supply, electricity fisheries.","1.854557","2005","Completed","Loan","Project Financing","IsDB OCR"
"Yemen","Faculty of Veterinary Medicine and Attached Teaching Hospital Buildings Project","The project aims at developing the veterinary medicine education in Yemen through the construction of necessary buildings and facilitate for the faculty of Veterinary Medicine and attached Veterinary Hospital at the University of Thamar.","2.076762","2005","Completed","Loan","Project Financing","Other Funds"
"Benin","Construction of Dormitories at the University of Cotonou Project","The project aims at increasing the capacity of lodging of the university campus from 695 to 2,039 beds in order to partly compensate the lodging deficit and meet the increasing demand for boarding.","2.3","2005","Completed","Istisna'a","Project Financing","IsDB OCR"
"Guinea","Acquisition of Diesel Engine Generators Project","The objective is to alleviate on urgent basis, the acute electricity shortage in the capital city and all main cities in the country, through the acquisition ofdiesel engine generator sets.","2.977317","2005","Completed","Leasing","Project Financing","IsDB OCR"
"Mali","Construction of the Gao Bridge Project","The objective of the project is the construction of a bridge over the Niger River in Gao thereby linking the transaharian network to the national road network and roads coming from the neighbouring Republic of Niger and Burkina Faso.","3.48772","2005","Completed","Loan","Project Financing","IsDB OCR"
"Mauritania","REHABILIT. OF THE IRRIGATION IN MAGHAMA-III","The main objective of the project is to contribute to the lowering of the rural poverty, and specifically to increase the durability of the crop production and the agricultural productivity in the controlled irrigated area.","3.738806","2005","Completed","Loan","Project Financing","IsDB OCR"
"Burkina Faso","HYDRO-AGRICULTURAL DEVELOPMENT PROJECT IN NORTHERN REGION","The objective of the project is to contribute to the improvement of the food security and poverty alleviation of the populations living within the project area where 3 dams are to be constructed at Andekanda Liptougou and Pensa.","4.139131","2005","Completed","Loan","Project Financing","Other Funds"
"Mauritania","THE MINING SECTOR STUDY (PHASE-II)","The development of the proposed project would be to build up and consolidate the Government's long term institutional and technical capacity to manage the country's mineral resources.","4.154936","2005","Completed","Loan","Project Financing","IsDB OCR"
"Niger","FRANCO-ARABIC BASIC EDUCATION DEVELOPMENT","The main objective of the project aims at contributing to achieve qualitative Franco Arab basic Education","4.4256","2005","Completed","Loan","Project Financing","Other Funds"
"Benin","Primary Education Development Project III","The project aims at supporting the National Action Plan For Education For All and more specifically to contribute to the qualitative and quantitative development of primary education.","4.441743","2005","Completed","Loan","Project Financing","Other Funds"
"Chad","Bilingual Primary Education Development Project","The project aims at improving quantitatively and qualitatively basic education by (a) enlarging access through the construction and rehabilitation of school infrastructure, and (b) enhancing the quality of teaching.","4.4631","2005","Completed","Loan","Project Financing","Other Funds"
"Iran","SEMNAN RESIDENTIAL & COMMERCIA L BUILDIN","SEMNAN RESIDENTIAL & COMMERCIA L BUILDIN","4.466713","2005","Completed","Leasing","Project Financing","Other Funds"
"Iran","MASHHAD RESIDENTIAL & COMMERCI AL COMPLE","MASHHAD RESIDENTIAL & COMMERCI AL COMPLE","4.578067","2005","Completed","Leasing","Project Financing","Other Funds"
"Iran","SEMNAN RESIDENTIAL & COMMERCIA L BUILDIN","SEMNAN RESIDENTIAL & COMMERCIA L BUILDIN","4.666667","2005","Completed","Leasing","Project Financing","IsDB OCR"
"Mauritania","AGRICULTURAL DEVELOPMENT PROJECT IN WEST BRAKNA","The objective of the project aims to contribute in the reduction of poverty in the rural areas, and specifically to increase the durability of crop production and the agricultural productivity.","5.20345","2005","Completed","Loan","Project Financing","IsDB OCR"
"Senegal","SENELEC 60 MW DIESEL POWER STATION","The immediate  objective of the project is to meet the demand of electricity by 2005-2006 in the general interconnected grid of SENELEC.","5.45904","2005","Completed","Loan","Project Financing","IsDB OCR"
"Indonesia","DEVELOPMENT AND UPGRADING OF UNIVERSITY OF HALUOLEO","The objective of the project is to upgrade the University through construction of different facilitiesand procurement of appropriate equipment, to upgrade the curriculum, and provide state-of the-arttraining for the staff and students of the University of Haluoloe (Unhalu).","5.665","2005","Completed","Instalment Sale","Project Financing","IsDB OCR"
"Gambia","BRIKAMA POWER STATION","The project aims to provide relief against the acute shortage of electricity in the Greater Banjul Area.","5.903161","2005","Completed","Loan","Project Financing","IsDB OCR"
"Guinea","Acquisition of Diesel Engine Generators Project (Phase II)","The objective is to alleviate on urgent basis, the acute electricity shortagein the capital city and all main cities in the country.","6.2","2005","Completed","Leasing","Project Financing","IsDB OCR"
"Türkiye","YALOVA AND BOLU SEWERAGE","The project objective is to improve the quality of life in the cities of Yalova and Bolu, particularly in poor areas by increasing coverage of sanitation services and improving environmental conditions.","6.681756","2005","Completed","Loan","Project Financing","IsDB OCR"
"Iran","MASHHAD RESIDENTIAL & COMMERCI AL COMPLE","MASHHAD RESIDENTIAL & COMMERCI AL COMPLE","7","2005","Completed","Leasing","Project Financing","IsDB OCR"
"Sudan","IRRIGATION DEVELOPMENT PROJECT IN 3 REGIONS","THE MAIN OBJECTIVES OF THE PROJECT ARE TO IMPROVE FARMERS' INCOME AND REDUCE RURAL MIGRATION THROUGH THE IMPROVEMENT OF THE PERFORMANCE OF THE EXISTING IRRIGATION FACILITIES  THE INTENSIFICATION AND DIVERSIFICATION OF THE CROP PRODUCTION.","8.398325","2005","Completed","Loan","Project Financing","IsDB OCR"
"Jordan","PEDIATRIC HOSPITAL","The primary objective of the project is to reduce children mortality rate ( currently 28/1000) by two third by the year 2015 to be in line with Health Millennium Development Goals.","8.820486","2005","Completed","Loan","Project Financing","IsDB OCR"
"Gambia","Expansion of Health Facilities Project","The project aims at improving access to health services for rural population through extension of eight health centres and construction of a new one, upgrading of Faraffeni General Hospital, extension of a State Enrolled Nurses Training School and training of technicians in maintenance of medical equipment.","8.921047","2005","Completed","Loan","Project Financing","IsDB OCR"
"Burkina Faso","HYDRO-AGRICULTURAL DEVELOPMENT PROJECT IN NORTHERN REGION","The objective of the project is to contribute to the improvement of the food security and poverty alleviation of the populations living within the project area where 3 dams are to be constructed at Andekanda Liptougou and Pensa.","9.021053","2005","Completed","Loan","Project Financing","IsDB OCR"
"Turkmenistan","ARCHMAN MEDICAL HYDROTHERAPY CENTER","The main objective of the project is to expand usage ofmedical hydro therapy for the treatment of chronic internal diseases.","9.108074","2005","Completed","Loan","Project Financing","IsDB OCR"
"Suriname","AIR NAVIGATION SYSTEM UPGRADING","The objective of the project is to improve the safety and operations of civil aviation through the procurement of modern air traffic navigation and control systems.","9.438","2005","Completed","Instalment Sale","Project Financing","IsDB OCR"
"Cameroon","Rural Land Development Project in the Mont Mbapit Region","The project aims at contributing to the reduction of rural poverty, improving food security and achievement of a sustainable management of the natural resources.","9.547566","2005","Completed","Loan","Project Financing","IsDB OCR"
"Cameroon","Rural Electrification Project","The project aims at improving the electricity coverage of rural areas under the ongoing rural electrification program.","9.643969","2005","Completed","Loan","Project Financing","IsDB OCR"
"Niger","SAY-TAPOA ROAD","The project aims at opening up the rural areas in the Say district which presents high agricultural potentialities","9.735288","2005","Completed","Loan","Project Financing","IsDB OCR"
"Morocco","WATER SUPPLY FOR BERRECHID AND TAZA RURAL COMMUNITIES","The project aims at raising the access rate to potable water within rural areas in Taza province","9.766636","2005","Completed","Loan","Project Financing","IsDB OCR"
"Uzbekistan","CONSTRUCTION AND EQUIPPING OF SECONDARY SCHOOLS","The main objective is to facilitate government initiative to improve the socio-economic standards in the rural areas through the construction of 13 new secondary schools which will have among other benefits an immediate tangible effect of providing quality modern educational facilities.","9.9575","2005","Completed","Loan","Project Financing","IsDB OCR"
"Azerbaijan","Construction of Yevlakh-Ganja Road Project","The project is to improve the quality of transport on the Yevlakh_Ganja road by reducing the vehicle operating cost, and travel time.","10.10491","2005","Completed","Loan","Project Financing","IsDB OCR"
"Chad","Natural Resources Development and Management Project in the Southern Region","The project aims at sustaining the food security and poverty alleviation through preservation of the natural resources with focus on the development of the agricultural production in the Southern Region.","10.2662","2005","Completed","Loan","Project Financing","IsDB OCR"
"Azerbaijan","Construction of Social Infrastructure Facilities Project for IDPs","The project aims at improving the living standards of lDPs through contributing to the construction of the education and health facilities as well as a drinking water supply system for the new settlements being constructed by Government in Bilesuvar and Fizuli regions.","10.2921","2005","Completed","Loan","Project Financing","IsDB OCR"
"Sierra Leone","Diversified Food Production Project","The project objective is to improve food security and alleviating poverty of the rural population through improvement of crop and animal production.","10.3264","2005","Completed","Loan","Project Financing","IsDB OCR"
"Tajikistan","RECONSTRUCTION OF SECONDARY SCHOOLS PHASE II","The objective of the project is to contribute towards the improvement of the education sector through reconstruction of seven secondary schools in 7 selected districts in Tajikistan and facilitation for direct employment of 1,000 teachers and staff.","10.326717","2005","Completed","Loan","Project Financing","IsDB OCR"
"Niger","FRANCO-ARABIC BASIC EDUCATION DEVELOPMENT","The main objective of the project aims at contributing to achieve qualitative Franco Arab basic Education","10.414728","2005","Completed","Loan","Project Financing","IsDB OCR"
"Benin","Primary Education Development Project III","The project aims at supporting the National Action Plan For Education For All and more specifically to contribute to the qualitative and quantitative development of primary education.","10.533009","2005","Completed","Loan","Project Financing","IsDB OCR"
"Cameroon","Foumban-Mamki Road Project","The project aims at upgrading the existing road section Fouban_Mamki (40 km) from an earth road to a modern paved one.","10.5343","2005","Completed","Loan","Project Financing","IsDB OCR"
"Mozambique","Rehabilitation of Secondary and Tertiary Canals in the Rio Hydraulic Sector of Chokwe Irrigated Perimeter","Contribute to national food security, poverty alleviation, increased earning by farmers, development of agribusiness, improvement of the national import/export balance, sustainable economic growth and reduction of unemployment rate","10.5343","2005","Completed","Loan","Project Financing","IsDB OCR"
"Yemen","Faculty of Veterinary Medicine and Attached Teaching Hospital Buildings Project","The project aims at developing the veterinary medicine education in Yemen through the construction of necessary buildings and facilitate for the faculty of Veterinary Medicine and attached Veterinary Hospital at the University of Thamar.","10.5343","2005","Completed","Loan","Project Financing","IsDB OCR"
"Chad","BOKORO-AROUTCHATAK ROAD","The main objective of the project is to improve the level of service on the existing earth road and reduce cost of transport.","10.614513","2005","Completed","Loan","Project Financing","IsDB OCR"
"Chad","Bilingual Primary Education Development Project","The project aims at improving quantitatively and qualitatively basic education by (a) enlarging access through the construction and rehabilitation of school infrastructure, and (b) enhancing the quality of teaching.","10.6148","2005","Completed","Loan","Project Financing","IsDB OCR"
"Gambia","BRIKAMA POWER STATION","The project aims to provide relief against the acute shortage of electricity in the Greater Banjul Area.","10.89","2005","Completed","Leasing","Project Financing","IsDB OCR"
"Tajikistan","CONSTRUCTION AND EQUIPPING OF DANGARA GENERAL HOSPITAL","Project objective is to provide adequate health services to the population. of Khatlon and other neighbouring regions through the construction of a new hospital and provision of modern medical equipment for the necessary medical services","12.291846","2005","Completed","Loan","Project Financing","IsDB OCR"
"Lebanon","JABAL AMEL WATER SUPPLY","The main objective of the project is to provide water supply system with sufficient water resources to meet the water demands up to year 2030.","14.573","2005","Completed","Istisna'a","Project Financing","IsDB OCR"
"Indonesia","DEVELOPMENT AND UPGRADING OF UNIVERSITY OF HALUOLEO","The objective of the project is to upgrade the University through construction of different facilitiesand procurement of appropriate equipment, to upgrade the curriculum, and provide state-of the-arttraining for the staff and students of the University of Haluoloe (Unhalu).","14.614","2005","Completed","Istisna'a","Project Financing","IsDB OCR"
"Senegal","SENELEC 60 MW POWER PLANT PHASE-II","The immediate  objective of the project is to meet the demand of electricity by 2005-2006 in the general interconnected grid of SENELEC.","14.813477","2005","Completed","Leasing","Project Financing","IsDB OCR"
"Afghanistan","Construction of Andkhoy to Aquina Road Project","The project aims at construction of 34_km long road from Andkhoy to Aquina to provide smooth and all year round traffic operation which will promote regional economic integration and facilitate trade, commerce and delivery of aid.","19.379826","2005","Completed","Loan","Project Financing","IsDB OCR"
"Morocco","WATER SUPPLY FOR BERRECHID AND TAZA RURAL COMMUNITIES","The project aims at raising the access rate to potable water within rural areas in Taza province","20.14","2005","Completed","Istisna'a","Project Financing","IsDB OCR"
"Malaysia","EXPANSION OF UNIVERSITY MALAYSIA SABAH (UMS) PH-2","To develop the existing University into a full-fledged multi-discipline Modern University and enhance its capacity","23.069","2005","Completed","Instalment Sale","Project Financing","IsDB OCR"
"Sudan","KHARTOUM NORTH POWER STATION AUTOMATION PROJECT","The project aims at increasing the reliability efficiency of the Khartoum north power station and extending its service life through the installation of a new instrument and control system, upgrading the firefighting system and installation of desulphurization unit to minimize the negative environmental effects.","23.968061","2005","Completed","Instalment Sale","Project Financing","IsDB OCR"
"Senegal","SENELEC 60 MW DIESEL POWER STATION","The immediate  objective of the project is to meet the demand of electricity by 2005-2006 in the general interconnected grid of SENELEC.","27.144","2005","Completed","Leasing","Project Financing","IsDB OCR"
"Malaysia","EXPANSION OF THE INT'L ISLAMIC UNIVERSITY MALAYSIA(IIUM) PH-2","The project aims to develop and expand the existing International Islamic University Malaysia (HUM) into a full-fledged multidisciplineModern University","28.471","2005","Completed","Instalment Sale","Project Financing","IsDB OCR"
"Iran","Expansion of the Bandar Abbas Shipyard Project","The project objective is to reduce Iran's reliance on foreign countries for the provision of the required vessels to export its oil and gas.","38.644647","2005","Completed","Istisna'a","Project Financing","IsDB OCR"
"Gabon","CONST. OF THE FRANCEVILLE- LECONI-KABALA ROAD (Supplementary Financing)","To improve the transfer of goods and services and rural areas and economic centres of Gabon and the Congo","41.537","2005","Completed","Istisna'a","Project Financing","IsDB OCR"
"Lebanon","Tripoli Infrastructure Project","The project aims at addressing the compelling need to improve the deteriorated Tripoli's infrastructure as the city is currently suffering from crumbling infrastructure and road superstructure services.","43.21","2005","Completed","Istisna'a","Project Financing","IsDB OCR"
"Türkiye","YALOVA AND BOLU SEWERAGE","The project objective is to improve the quality of life in the cities of Yalova and Bolu, particularly in poor areas by increasing coverage of sanitation services and improving environmental conditions.","45.07","2005","Completed","Istisna'a","Project Financing","IsDB OCR"
"Bahrain","WATER TRANSMISSION PROJECT OF AL-HIDD STATION (PHASE-III)","The project aims at satisfying the growing demand for portable water in Bahrain by transmitting the production of Al Hidd Power and Water Station to the consumers.","55.679157","2005","Completed","Leasing","Project Financing","IsDB OCR"
"Morocco","Mohammedia Thermal Power Plant Upgrade Project","The project aims satisfying the increasing demand of electrical energy by enhancing the Mohammedia Thermal Power Plant's performance and improving its environmental impact","64.76347","2005","Completed","Istisna'a","Project Financing","IsDB OCR"
"Morocco","CONSTRUCTION OF MARRAKECH AGADIR HIGHWAY","The objective is  linking two significant tourist poles of Morocco and will ensure the connection with the large economic pole of Casablanca.","106.277","2005","Completed","Istisna'a","Project Financing","IsDB OCR"
"Syria","Dier Ali Combined Cycle Power Plant","The project aims to satisfy the increasing demand for electricity by helping to install a new Combined Cycle Power Plant in the Eastern Part of the Country.","115.526556","2005","Completed","Leasing","Project Financing","IsDB OCR"
"Saudi Arabia","RABIGH REFINERY AND PERTOCHEMICAL PROJECT","The project aims at the development and diversification of the Rabigh site into a leading global refinery and petrochemical complex and industrial city.","141.7","2005","Completed","Leasing","Project Financing","IsDB OCR"
"Djibouti","ALI SABIEH REGIONAL HOSPITAL","The project aims at expanding the coverage of basic health service in Djibouti and improving the physical and human capacity of health.","0.068768","2004","Completed","Loan","Project Financing","Other Funds"
"Burkina Faso","F.S. and Prelim. Engg. Design for the Two Roads and Railway Links between Ouagadougou and the Projected New Int'l Airport Project","The project objective is to carry out a Feasibility Study and Preliminary Engineering Design of two roads and railway links from the city of Ouagadougou to the envisaged new International Airport.","0.105762","2004","Completed","Technical Assistance","Technical Assistance Operations","Other Funds"
"Chad","Equipment for a Brick Factory Project","The project aims at producing 27,300 tons of good quality clay brick products per year through the construction and equipment of a modern brick factory that will use locally available raw materials.","0.174492","2004","Completed","Instalment Sale","Project Financing","IsDB OCR"
"Djibouti","ALI SABIEH REGIONAL HOSPITAL","The project aims at expanding the coverage of basic health service in Djibouti and improving the physical and human capacity of health.","0.190686","2004","Completed","Loan","Project Financing","IsDB OCR"
"Niger","D.E.D. and Environment Study of the Kandadji Dam Project","The objective is to undertake the detailed engineering design including the tender documents for the multipurpose Kandadji dam project on the Niger River.","0.195456","2004","Completed","Special Assistance","Special Assistance Operations","Other Funds"
"Togo","F.S. and D.E.D. of the Rural Roads Project","The objective of the present T.A. is to prepare a bankable project of the reconstruction of the priority rural roads network.","0.20966","2004","Completed","Loan","Project Financing","IsDB OCR"
"Togo","F.S. and D.E.D. of the Rural Roads Project","The objective of the present T.A. is to prepare a bankable project of the reconstruction of the priority rural roads network.","0.248962","2004","Completed","Technical Assistance","Technical Assistance Operations","Other Funds"
"Burkina Faso","F.S. and Prelim. Engg. Design for the Two Roads and Railway Links between Ouagadougou and the Projected New Int'l Airport Project","The project objective is to carry out a Feasibility Study and Preliminary Engineering Design of two roads and railway links from the city of Ouagadougou to the envisaged new International Airport.","0.342279","2004","Completed","Loan","Project Financing","IsDB OCR"
"Mali","Construction of the Kayes-Bafoulabe Road Project","The objective of the project is to improve the transfer of goods and servicesbetween the Kayes Region and the other regions of Mali.","0.382742","2004","Completed","Loan","Project Financing","IsDB OCR"
"Saudi Arabia","WAQF BUILDING FOR WAMY, MAKKAH","WAQF BUILDING FOR WAMY, MAKKAH","1","2004","Completed","Leasing","Project Financing","IsDB OCR"
"Palestine","Supporting Four Universities - Al-Quds/Abu Dies (Al-Quds University) Project","The project aims at enabling four universities _ Al_Quds/Abu Dies (Al_Quds University being one of them,  to increase capacity to meet the increasing demand of places.  The project includes civil works, detailed engineering design and construction supervision, etc.","1.2","2004","Completed","Loan","Project Financing","IsDB OCR"
"Palestine","Supporting Four Universities - Islamic University Gaza Project","The main objective of the project is to enable the universities to increase their capacities to meet the increasing demand of places in the existing universities. The project entails, basically, the construction and finishing works of additional buildings for the four universities.","1.2","2004","Completed","Loan","Project Financing","IsDB OCR"
"Palestine","Supporting Four Universities - Palestine Polytechnic University, West Bank Project","The project aims at enabling four universities _ Engineering Building in Palestine Polytechnic University, West Bank, being one of them,  to increase capacity to meet the increasing demand of places.  The project includes civil works, detailed engineering design and construction supervision, etc.","1.2","2004","Completed","Loan","Project Financing","IsDB OCR"
"Lebanon","Construction, Equipping and Furnishing of Hospitals and Health Centers Project","The project aims at increasing the accessibility to quality health and medical services through the completion, equipping and furnishing of three governmental hospitals,","1.606006","2004","Completed","Loan","Project Financing","IsDB OCR"
"Niger","D.E.D. and Environment Study of the Kandadji Dam Project","The objective is to undertake the detailed engineering design including the tender documents for the multipurpose Kandadji dam project on the Niger River.","1.623038","2004","Completed","Loan","Project Financing","IsDB OCR"
"Sierra Leone","Rural Infrastructure Development Project","The overall objective of the project is to help improve the quality of life in the four concerned districts which are located in newly accessible areas of the country and assist the beneficiary communities to re-establish themselves through activities designed to stimulate the rural economy.","2.390792","2004","Completed","Loan","Project Financing","Other Funds"
"Benin","Construction of Vocational Training Schools Project in Adjahonme, Bankikoara and Bopa","The project aims at constructing and equipping of three vocational training schools with a capacity of 720 trainees – 600 will be training in agriculture and 120 in electro mechanical techniques.","2.627758","2004","Completed","Loan","Project Financing","Other Funds"
"Mali","D.E.D. and Environmental Study of the Taoussa Dam Project","The objective of the TA is to undertake the detailed engineeringdesign (DED) including the tender documents and the environmentalimpact assessment study (EIAS) for the multipurpose Taoussa damon the Niger River and for the access road to the Dam.","2.94138","2004","Completed","Loan","Project Financing","IsDB OCR"
"Saudi Arabia","WAQF BUILDING FOR WAMY, MAKKAH","WAQF BUILDING FOR WAMY, MAKKAH","3","2004","Completed","Leasing","Project Financing","Other Funds"
"Iran","BANDAR ABBAS RESIDENTIAL & COM MERIAL CO","BANDAR ABBAS RESIDENTIAL & COM MERIAL CO","3.015848","2004","Completed","Leasing","Project Financing","Other Funds"
"Mauritania","New Nouakchott University Campus Project","The project aims to assist the Government in implementing its long-term higher education sector development strategy for producing qualified graduates.","3.139985","2004","Completed","Loan","Project Financing","Other Funds"
"Iran","BANDAR ABBAS RESIDENTIAL & COM MERIAL CO","BANDAR ABBAS RESIDENTIAL & COM MERIAL CO","5.026413","2004","Completed","Leasing","Project Financing","IsDB OCR"
"Benin","Construction of Vocational Training Schools Project in Adjahonme, Bankikoara and Bopa","The project aims at constructing and equipping of three vocational training schools with a capacity of 720 trainees – 600 will be training in agriculture and 120 in electro mechanical techniques.","5.052264","2004","Completed","Loan","Project Financing","IsDB OCR"
"Albania","Kavaja General Hospital Project","The project aims at providing adequate health services to the population of the city of Kavaja and its suburbs through upgrading of the facilities.","5.19305","2004","Completed","Loan","Project Financing","IsDB OCR"
"Indonesia","Development and Upgrading of the Islamic University of Sultan Syarif Kasim Project","The objective of the project is to upgrade the physical and technicalfacilities of Suska (Riau) University.","6.061","2004","Completed","Instalment Sale","Project Financing","IsDB OCR"
"Senegal","Procurement of Public Works Equipment for the Compagnie Sahelienne D'Entreprises Project","The project aims at enhancing the operational capacity of CSE through the purchase of public works equipment.","6.48","2004","Completed","Instalment Sale","Project Financing","IsDB OCR"
"Senegal","Ndiosmone Palmarin Water Supply Project","The project aims to increase the access to quality water and sanitation by the rural population in Kara and Savanes regions and contribute to alleviating poverty in the country.","6.76945","2004","Completed","Loan","Project Financing","IsDB OCR"
"Togo","Basic Education Development Project","The objective of the project is to contribute to quantitatively develop basic education.","6.771327","2004","Completed","Loan","Project Financing","IsDB OCR"
"Indonesia","Development and Upgrading of Indonesia University of Education Project","The project aims to construct new buildings for different faculties and upgrade the academic curriculum to provide state of the art training facilities for staff and students","7.786","2004","Completed","Instalment Sale","Project Financing","IsDB OCR"
"Sierra Leone","Rural Infrastructure Development Project","The overall objective of the project is to help improve the quality of life in the four concerned districts which are located in newly accessible areas of the country and assist the beneficiary communities to re-establish themselves through activities designed to stimulate the rural economy.","7.813808","2004","Completed","Loan","Project Financing","IsDB OCR"
"Bangladesh","Establihsmnet of Union Health Centers Project","The main objective of the project is to provide quality primary health care services to the un-served and underserved rural population at the union level through construction of union health centres.","8.062078","2004","Completed","Loan","Project Financing","IsDB OCR"
"Benin","Construction of Vocational Training Schools Project in Adjahonme, Bankikoara and Bopa","The project aims at constructing and equipping of three vocational training schools with a capacity of 720 trainees – 600 will be training in agriculture and 120 in electro mechanical techniques.","8.45","2004","Completed","Istisna'a","Project Financing","IsDB OCR"
"Côte d'Ivoire","Hydro-Agricultural Land Development Project in Upper Sassandra and Fromager Regions","The project aims at contributing to food self-sufficiency and improving living conditions of the rural population by constructing 8 water retention dams, developing net 854 ha lowland and strengthening the production and farmers self management capacity.","8.50454","2004","Completed","Loan","Project Financing","IsDB OCR"
"Burkina Faso","Ouagadougou Access Roads Project","The project aims at increasing the mobility of people and goods in the city of Ouagadougou, improving traffic safety in the urban area and developing trade exchange between Burkina Faso and its neighbouring countries.","8.74533","2004","Completed","Istisna'a","Project Financing","IsDB OCR"
"Morocco","Rural Electrification Project for Eight Provinces","The project aims to contribute to improve the standard of living of the rural population through availing electrical energy from the national grid.","8.832871","2004","Completed","Loan","Project Financing","IsDB OCR"
"Uzbekistan","500 kV Syrdarya to Sogdiana Transmission Line Project","The project aims at ensuring a reliable and efficient transmission of electricity from Syrdarya power station to Sogdiana substation so as to cover the growing deficit of power in Samarkand _ Bukhara region,","9.235","2004","Completed","Leasing","Project Financing","IsDB OCR"
"Côte d'Ivoire","Hydro-Agricultural Land Development Project in Upper Sassandra and Fromager Regions","The project aims at contributing to food self-sufficiency and improving living conditions of the rural population by constructing 8 water retention dams, developing net 854 ha lowland and strengthening the production and farmers self management capacity.","9.339156","2004","Completed","Istisna'a","Project Financing","IsDB OCR"
"Yemen","Hajjah-Kushar Road Project","The project aims at connecting the cities of Hajjah, Al-Mahabishah and Kushar at the Governorate of Hajjah by constructing a main road and three branches.","9.587776","2004","Completed","Loan","Project Financing","IsDB OCR"
"Oman","Contruction of IBRI Technical College Project","The project constitutes part of the government efforts in expanding the technical education and vocational training.","9.930716","2004","Completed","Loan","Project Financing","IsDB OCR"
"Niger","Reconstruction of Goure-Djajari Road Project","The project aims at reducing the transport costs and improving the level of service as well as the road safety through the reconstruction of the existing Goure-Diajiri road.","10.110459","2004","Completed","Loan","Project Financing","IsDB OCR"
"Côte d'Ivoire","Basic Education Development (Phase I) Project","The project aims at supporting the National Plan for the Development of Education and Training 1998_2015 and in particular qualitatively and quantitatively develop basic education in the regions.","10.1626","2004","Completed","Loan","Project Financing","IsDB OCR"
"Burkina Faso","Ouagadougou Access Roads Project","The project aims at increasing the mobility of people and goods in the city of Ouagadougou, improving traffic safety in the urban area and developing trade exchange between Burkina Faso and its neighbouring countries.","10.203761","2004","Completed","Loan","Project Financing","IsDB OCR"
"Chad","Transmission Lines Project","The project aims at improving the standards of living of the population in different districts of the capital city N'djamena through availing electrical energy from the national grid.","10.2046","2004","Completed","Loan","Project Financing","IsDB OCR"
"Azerbaijan","Samur Absheron Irrigation Project (Velvelichary-Takhtakorpu Canal)","The project aims at contributing to poverty alleviation by improving the availability of water for the development of irrigation and water supply to rural and urban population.","10.2459","2004","Completed","Loan","Project Financing","IsDB OCR"
"Iran","Construction of Schools Project - Post-2003 Earthquake Assistance for Bam, Iran","The main objective is to contribute to restoration of the education system at all schooling levels in the Bam area.","10.2459","2004","Completed","Loan","Project Financing","IsDB OCR"
"Senegal","Construction of Tendieme-Tionk Essil Road Project","The project aims to open up the rural areas in the Ziguinchor region and improve the socio-economic situation of its inhabitants through the construction of the ""Boucle du Blouf' road.","10.600937","2004","Completed","Loan","Project Financing","IsDB OCR"
"Bangladesh","Sylhat Feeder Roads Upgrading (Phase V) Project","The project aims at providing better road communication network and expanding the economic and commercial activities through development of markets identified as growth centres.","10.7219","2004","Completed","Loan","Project Financing","IsDB OCR"
"Lebanon","Construction, Equipping and Furnishing of Hospitals and Health Centers Project","The project aims at increasing the accessibility to quality health and medical services through the completion, equipping and furnishing of three governmental hospitals,","11","2004","Completed","Instalment Sale","Project Financing","IsDB OCR"
"Uzbekistan","Yadem Tekstil Company - Sukuk Financing","The Sukuk_based funding for the project is to be through two operations: (i) The Purchase and Leaseback of part of Yadem's existing plant equipment, which was inspected and identified by the due diligence mission during the visit to Yadem's manufacturing facilities; and (ii) Direct Lease financing for the purchase and installation of a new Spinning Mill.","11.09122","2004","Completed","Leasing","Project Financing","IsDB OCR"
"Tajikistan","Mini Hydropower Plants in the Rural Areas Project","The project is to provide a reliable supply of electricity in rural areas of Tajikistan where supply is limited during summer, and, especially, in winter periods owing to a combination of generating capacity problems during peak periods of demand, energy availability constraints and transmission system supply constraints.","11.96749","2004","Completed","Loan","Project Financing","IsDB OCR"
"Uzbekistan","Yadem Tekstil Company - Sukuk Financing","The Sukuk_based funding for the project is to be through two operations: (i) The Purchase and Leaseback of part of Yadem's existing plant equipment, which was inspected and identified by the due diligence mission during the visit to Yadem's manufacturing facilities; and (ii) Direct Lease financing for the purchase and installation of a new Spinning Mill.","12","2004","Completed","Leasing","Project Financing","IsDB OCR"
"Lebanon","Reconstruction of Sour-Naqoura Road Project","The proposed project aims at facilitating transport of passengers andgoods through the reconstruction and upgrading of the existing roadconnecting Sour to Naqoura near the southern borders of Lebanon.","12.2","2004","Completed","Istisna'a","Project Financing","IsDB OCR"
"Uzbekistan","Road Construction and Maintenance Equipment Project","The overall objective of the project is to facilitate the construction and regular maintenance and upkeep of municipal roads of Tashkent City.","12.557","2004","Completed","Instalment Sale","Project Financing","IsDB OCR"
"Tajikistan","Shagon-Zigar Road (Phase II) Project","The project aims at  enhancing the territorial integrity of Tajikistan by providing reliable and direct access for East West traffic between the Western parts of the country including the capital Dushanbe, and the Eastern region of Gorno-Badakhshan.","13.3653","2004","Completed","Loan","Project Financing","IsDB OCR"
"Azerbaijan","Khachmaz Electric Substations and Transmission Line Project","The project is to provide quality and reliable power supply to Northeastern region of Azerbaijan at the lowest financial cost.","13.508","2004","Completed","Instalment Sale","Project Financing","IsDB OCR"
"Uzbekistan","500 kV Syrdarya to Sogdiana Transmission Line Project","The project aims at ensuring a reliable and efficient transmission of electricity from Syrdarya power station to Sogdiana substation so as to cover the growing deficit of power in Samarkand _ Bukhara region,","15.852","2004","Completed","Instalment Sale","Project Financing","IsDB OCR"
"Indonesia","Development and Upgrading of the Islamic University of Sultan Syarif Kasim Project","The objective of the project is to upgrade the physical and technicalfacilities of Suska (Riau) University.","15.881","2004","Completed","Istisna'a","Project Financing","IsDB OCR"
"Tunisia","Ben-Ghayadha Sebkha Development Project","The project aims at primarily alleviating the environmental risks to which the Sebkha is exposed, and at its integration into the urban development plan of the city.","19.179","2004","Completed","Istisna'a","Project Financing","IsDB OCR"
"Mauritania","New Nouakchott University Campus Project","The project aims to assist the Government in implementing its long-term higher education sector development strategy for producing qualified graduates.","20.0471","2004","Completed","Loan","Project Financing","IsDB OCR"
"Afghanistan","Construction of Doshi to Pol-e-Khumri Road Project","The project aims at restoring the road connection between Kabul and the northern provinces and with countries along Afghanistan’s northern border, like Tajikistan, Uzbekistan and Turkmenistan.","20.74918","2004","Completed","Loan","Project Financing","IsDB OCR"
"Indonesia","Metrology, Standardization, Testing and Quality Assurance Project","The project aims at enhancing the capability of the Indonesian National Metrology Institute by modernizing metrology, standardization, testing and calibration","20.787","2004","Completed","Instalment Sale","Project Financing","IsDB OCR"
"Uzbekistan","State Medical Emergency Hospitals Equipment Project","The project aims at enhancing the developmental efforts of the Government in maintaining appropriate health standards of the population through the provision of modern medical equipment to 12 Emergency Medical Hospitals at different locations in Uzbekistan","23.799","2004","Completed","Instalment Sale","Project Financing","IsDB OCR"
"Tunisia","National and Regional Dispatching Centers Project","The project aims at reducing the duration of power outages of the electricity distribution network, and thus resulting in improvement of reliability for users' supply, reduction of system losses and increase of energy sales.","25.304","2004","Completed","Instalment Sale","Project Financing","IsDB OCR"
"Türkiye","Gunkol Expansion Project","The project aims at expanding the production capacity as well as broaden the product mix of the Gunkol Plant which is engaged in manufacturing of cooking appliances. The project envisages investment in powder paint, enameling facilities and new product moulds (for sheet metal forming), in addition to the required working capital increase. The investment is targeted to increase the annual capacity of Gunkol from 850,000 to 1.20 million ovens/year by 2005.Gunkol is part of the Teba Group of companies.  IDB agreed to purchase from the Company the equipment specified and to lease_back the equipment to the Company pursuant to leaseback agreement under Sukuk Agreement.","25.658454","2004","Completed","Leasing","Project Financing","IsDB OCR"
"Indonesia","Development and Upgrading of Indonesia University of Education Project","The project aims to construct new buildings for different faculties and upgrade the academic curriculum to provide state of the art training facilities for staff and students","28.706","2004","Completed","Istisna'a","Project Financing","IsDB OCR"
"Gabon","Construction of Lalara-Koumameyong-Ovan Road (Phase 1) Project","The project aims to improve the transfer of goods and services between rural areas and economic centres thereby ensuring national integration","29.001","2004","Completed","Istisna'a","Project Financing","IsDB OCR"
"Iran","Medical Procurement Organization (Soha-2) Project","The project aims at increasing the domestic manufacturing capabilityof a large number of drugs/medicines including antibiotics to meet thelocal demand and through the substitution of imports. The project scope includes civil works, production equipment for solids, liquids and antibiotics. Upon completion, SOHA_2 will produce 313 medicines. Another important objective of the project is to establish a center for pharmaceutical research and analytical studies. The project will be located in Karaj _ Kanal Shahr Industrial Zone some 52 KM from Tehran adjacent to the existing Plant (SOHA_l) which is producing 39 families of products of disposable, ""one_time_use"" type. The technology tor antibiotic and R&D center including the required laboratories will be provided by Sagepharm Co., Geneva, Switzerland.","32.483157","2004","Completed","Leasing","Project Financing","IsDB OCR"
"Indonesia","Strengthening of the Customs Capability Project","The main objective of the project is to enhance the capability ofthe Directorate General of Customs and Excise (DGCE) infighting against smuggling and illegal activities.","33.517","2004","Completed","Istisna'a","Project Financing","IsDB OCR"
"Iran","West Railway Line Project","The project aims at providing safe and efficient passenger and freight railway transport services between the Markazi and Kemanshah provinces.","36.393693","2004","Completed","Instalment Sale","Project Financing","IsDB OCR"
"Morocco","Rural Electrification Project for Eight Provinces","The project aims to contribute to improve the standard of living of the rural population through availing electrical energy from the national grid.","41.55","2004","Completed","Istisna'a","Project Financing","IsDB OCR"
"Chad","FARCHA POWER PLANT PROJECT","THE MAIN OBJECTIVE OF THE PROJECT IS TO ALLEVIATE ON URGENT BASIS, THE ACUTE ELECTRICITY SHORTAGE IN THE CAPITAL CITY, THROUGH ACQUISITION  INSTALLATION OF NEW DIESEL ENGINE GENERATORS, ALLOWING TO BRING AN ADDITIONAL PRODUCTION CAPAVITY OF ABOUT 33MEGAWATTS (MW) TO THE EXISTING 8_9 MW CURRENTLY PRODUCED BY THE N'DJAMENA POWER PLANT.","42.38649","2004","Completed","Leasing","Project Financing","IsDB OCR"
"Bahrain","220 kV Electrical Transmission Development (2005-09 Phase II) Project","The project aims at satisfying the present and future demand for electricity through reinforcing the 220 kV transmission network at a number of points within the national grid.","43.3","2004","Completed","Leasing","Project Financing","IsDB OCR"
"Iran","Dasht-e-Abbas Irrigation Project (Eynkhosh and Fakeh Irrigation Networks)","The main objective of the project is to  help improve the food security and alleviate poverty.","45.885595","2004","Completed","Istisna'a","Project Financing","IsDB OCR"
"Bahrain","66 kV Transmission Development Project","The project aims at satisfying the present and future demands for electricity through reinforcing the 66 kV transmission network at a number of points within the national grid.","46.86","2004","Completed","Leasing","Project Financing","IsDB OCR"
"Oman","Expansion of Salalh Seaport Project","The project aims at satisfying the increasing traffic demand and growth.","49.5","2004","Completed","Istisna'a","Project Financing","IsDB OCR"
"Iran","Construction of Glevard Dam and Neka Irrigation Network Project","The aim of the project is to alleviate poverty by increasing the household income of the rural population of the region.","49.500264","2004","Completed","Istisna'a","Project Financing","IsDB OCR"
"Bangladesh","Submarine Cable Telecommunications Project","The project aims at improving overseas voice and data communication, and meeting the ever_increasing demand for international traffic by using high quality fiber optic circuits. This will improve the quality of speech and reduce international call charges, replacing current high_cost, low_quality satellite system. The delay factor involved in satellite communication shall be eliminated in this Submarine FOC (Fiber Optic Cable) system. The location of the optic fiber link that will connect Bangladesh with the internationaltelecommunications network is from Zhilanja, Cox's Bazar to a branching point on the SEA_MEWE 4 Consortium cable undersea the Bay Of Bengal/Indian Ocean Region. The SEA_ME_WE 4Consortium cable will be started from Singapore and ended to Marseilles of France. Location of other components of the project is between Cox's Bazar and Chittagong, and then from Chittagongand Dhaka.","63.534","2004","Completed","Leasing","Project Financing","IsDB OCR"
"Iran","Iran Khodro Co (IKCO) Project","The project will enable IKCO to annually produce up to 90,000 Peugeot 206 Notchback cars that was designed and engineered in_house by IKCO. This will help IKCO to increase its market share and sales volume at the same time provide it an access to international markets where it will be able to show a strong performance.  The Peugeot 206 Notchback is planned to be manufactured using existing Peugeot 206's platform. The main components of the project include: • Modification of the existing Body Shop, • Construction of a new Press Shop with an area of 22000 m2, • Modification of the existing Assembly Shop, • Construction of a new Paint Shop with a capacity of 50 automobiles per hour, • Construction of a body transport area between Paint Shop and the modified Assembly Shop,• Procurement of equipment and machinery for the press shop,body shop, painting shop and other related accessories. • Designing and supervision work, • Training of operators tor start up and operation will be arranged by IKCO for a period of 6 months at site during installation and start up.","74.08322","2004","Completed","Leasing","Project Financing","IsDB OCR"
"Guinea","Primary Education Development Project III","The aim of the project is to Improve access to primary education by improving the quality of primary education and Capacity building to the MEPU/EC, support toPMU and Audit.","0.136366","2003","Completed","Loan","Project Financing","Other Funds"
"Multi-National Projects","Pre-F.S. for Establishing a Natural Gas Transmission and Distribution Network Between GCC Countries","The pre_feasibility study aims at identifying the viability of conducting a detailed feasibility study prior to the project's promotion and execution. The study will benefit in the identification of those project components that require special focus, or the need for any supporting studies while conducting the detailed feasibility study. Once  completed, this pre_feasibility study will be used for the promotion and establishment of a private company that will execute the gas network project.","0.28768","2003","Completed","Loan","Project Financing","IsDB OCR"
"Senegal","Micro and Very Small Enterprises Support Project","The objective of the project is to support the actions of the Government in reducing poverty by increasing access to financial services for the unbankable rural and urban micro-and very small entrepreneurs in the country.","0.326144","2003","Completed","Technical Assistance","Technical Assistance Operations","Other Funds"
"Guinea","Primary Education Development Project III","The aim of the project is to Improve access to primary education by improving the quality of primary education and Capacity building to the MEPU/EC, support toPMU and Audit.","0.338156","2003","Completed","Loan","Project Financing","IsDB OCR"
"Mali","Liptko-Gourma Livestock Development Project in Burkina Faso, Mali and Niger","The overall goal of the project is to promote the economic development of thetargeted communities in an integrated and global approach, by increasing theirincome and also maintaining and guaranteeing their food security therebyreducing the level of poverty in the region.","0.395497","2003","Completed","Loan","Project Financing","Other Funds"
"Guinea","Rural Development Project in Kakossa","The project objective is to contribute to the food security and food self-sufficiency of the country and to improve living conditions of the population in Kakossa.","0.751509","2003","Completed","Loan","Project Financing","Other Funds"
"Senegal","Health Sector Improvement Project in Tambacounda Region","The project aims at improving accessibility to health services through the rehabilitation and construction of health facilities and the quality of health care through the acquisition of adequate equipment.","1.020375","2003","Completed","Loan","Project Financing","Other Funds"
"Niger","Liptko-Grourma Livestock Development Project in Burkina Faso, Mali and Niger","The overall goal of the project is to promote the economic development of the targeted communities in an integrated and global approach.","1.055466","2003","Completed","Loan","Project Financing","Other Funds"
"Suriname","Radiotherapeutic Center of the Academic Hospital of Paramaribo Project","The project aims at setting up an Integrated Radio Therapeutic Centre in the Oncology Department with modem equipment to provide local treatment, follow-up and assistance to patients with malignant cancer in Suriname.","1.45","2003","Completed","Istisna'a","Project Financing","IsDB OCR"
"Sierra Leone","Social Action Support Project","The objective of the project is to mitigate the risk of a renewed conflict by improving the livelihoods of members of targeted poor communities through increased access to basic infrastructure and services.","1.628641","2003","Completed","Loan","Project Financing","Other Funds"
"Burkina Faso","Liptko-Gourma Livestock Development Project (Burkina Faso, Mali, Niger)","The project aims at promoting the economic development of the targeted communities in an integrated and global approach, by increasing their income and also maintaining and guaranteeing food security.","1.69246","2003","Completed","Loan","Project Financing","Other Funds"
"Palestine","Printing of School Textbooks for the Academic Year 2003-04 Project","The project aims to support the ministry of education in fulfilment of printing the textbooks for the year 2003/2004 in order to provide the necessary books for around one million students in the Palestinian schools","1.725708","2003","Completed","Loan","Project Financing","IsDB OCR"
"Mali","Second Education Project","The project aims at supporting the implementation of the ten-year DevelopmentProgram for the Development of Education to contribute to improve quality ofeducation and expand access in the primary education.","1.911596","2003","Completed","Loan","Project Financing","Other Funds"
"Gambia","OMVG Agro-Pastoral Development Project in the Gambia, Guinea, Guinea-Bissau and Senegal","The project aims to improve in sustainable manner sociological, economicand ecologic balances of the project area and intensifying and nationalizing thedevelopment of natural resources.","2.03715","2003","Completed","Loan","Project Financing","IsDB OCR"
"Senegal","OMVG Agro-Pastoral Development Project in Gambia, Guinea, Guinea-Bissau and Senegal","The project aims to improve in a sustainable manner sociological, economic, and ecologic balances for the project area and intensifying and nationalizing the development of natural resources.","2.208453","2003","Completed","Loan","Project Financing","IsDB OCR"
"Djibouti","Health Project II","The project aims at expanding the coverage of basic health services; improving the physical and human capacity of health facilities; and strengthening the capacity of the Ministry of Health in the field of management of project implementation.","2.232063","2003","Completed","Loan","Project Financing","IsDB OCR"
"Djibouti","Health Project II","The project aims at expanding the coverage of basic health services; improving the physical and human capacity of health facilities; and strengthening the capacity of the Ministry of Health in the field of management of project implementation.","2.251639","2003","Completed","Loan","Project Financing","Other Funds"
"Guinea","OMVG Agro-Pastoral Development Project in the Gambia, Guinea, Guinea-Bissau and Senegal","The project aims at improving in sustainable manner sociological, economicand ecologic balances of the project area and intensifying and nationalizing thedevelopment of natural resources.","2.447295","2003","Completed","Loan","Project Financing","IsDB OCR"
"Mauritania","Reconstruction of Small and Medium Scale Irrigation Perimters in Brakna Governate Project","The main objective is to increase agricultural production and consequently farmers' income and improve living conditions thereof.","2.536264","2003","Completed","Loan","Project Financing","Other Funds"
"Senegal","Education Development Project (IV)","The project aims at supporting the Ten-year Education and Training Programme (2000-2010) and in particular Phase II of the programme.","2.539744","2003","Completed","Loan","Project Financing","Other Funds"
"Niger","Franco-Arabic Education Development Project (IV)","The proposed project aims at improving the development of education.","2.767899","2003","Completed","Loan","Project Financing","Other Funds"
"Senegal","Micro and Very Small Enterprises Support Project","The objective of the project is to support the actions of the Government in reducing poverty by increasing access to financial services for the unbankable rural and urban micro-and very small entrepreneurs in the country.","2.908415","2003","Completed","Loan","Project Financing","IsDB OCR"
"Palestine","Palestinian Communities Affected by the Construction of Separation Wall","The Program aims at alleviating social and economic hardships and improving the livelihoods of the Palestinians living in the locations most affected by the construction of the separation wall (from Emergency Program)","3.150833","2003","Completed","Loan","Project Financing","IsDB OCR"
"Sudan","PARLIAMENT STREET AWQAF TOWER","PARLIAMENT STREET AWQAF TOWER","3.402242","2003","Completed","Leasing","Project Financing","Other Funds"
"Guinea","Acquisition of Diesel Engine Generators Project","The objective is to alleviate on urgent basis, the acute electricity shortage in the capital city and all main cities in the country, through the acquisition ofdiesel engine generator sets.","3.500032","2003","Completed","Loan","Project Financing","IsDB OCR"
"Mauritania","Reconstruction of Small and Medium Scale Irrigation Perimters in Brakna Governate Project","The main objective is to increase agricultural production and consequently farmers' income and improve living conditions thereof.","3.542655","2003","Completed","Loan","Project Financing","IsDB OCR"
"Niger","Atlantique Telecom GSM Project, Benin, Gabon, Niger","The project aims at consolidating the 900 MHz GSM digital mobile telephony networks acquired recently by Atlantique Telecom (in three West and Central African Countries namely Benin, Niger and Gabon). More specifically, the project's objective is two_folds: on the one hand AT will purchase and lease back the equipment procured from its supplier Siemens. On the other hand, there is a strong need to install additional equipment to cope with the growing demand for mobile services and to extend the geographic radio coverage.","4.747689","2003","Completed","Leasing","Project Financing","IsDB OCR"
"Niger","Atlantique Telecom GSM Project, Benin, Gabon, Niger","The project aims at consolidating the 900 MHz GSM digital mobile telephony networks acquired recently by Atlantique Telecom (in three West and Central African Countries namely Benin, Niger and Gabon). More specifically, the project's objective is two_folds: on the one hand AT will purchase and lease back the equipment procured from its supplier Siemens. On the other hand, there is a strong need to install additional equipment to cope with the growing demand for mobile services and to extend the geographic radio coverage.","4.839787","2003","Completed","Leasing","Project Financing","IsDB OCR"
"Gabon","Atlantique Telecom GSM Project, Benin, Gabon, Niger","The project aims at consolidating the 900 MHz GSM digital mobile telephony networks acquired recently by Atlantique Telecom (in three West and Central African Countries namely Benin, Niger and Gabon). More specifically, the project's objective is two_folds: on the one hand AT will purchase and lease back the equipment procured from its supplier Siemens. On the other hand, there is a strong need to install additional equipment to cope with the growing demand for mobile services and to extend the geographic radio coverage.","4.965396","2003","Completed","Leasing","Project Financing","IsDB OCR"
"Bangladesh","Water Supply Facilities in Coastal Belt (Phase II) Project","The main objective of the project is to improve the environmental and public health conditions and to reduce the occurrence of water borne diseases and effects of Arsenic contamination.","5.048265","2003","Completed","Loan","Project Financing","IsDB OCR"
"Indonesia","Development and Upgrading of Stain Malang State College Project","The objective of the project is to upgrade the StateCollege of Islamic Studies (STAIN) in Malang into afull-fledged Modem Islamic University.","5.071","2003","Completed","Instalment Sale","Project Financing","IsDB OCR"
"Palestine","Rehabilitation and Reconstruction of the Damaged Buildings and Houses in the West Bank and Gaza Project","The project aims to alleviating the population suffering from occupying Israeli army vicious attack on their properties and houses.","5.139168","2003","Completed","Loan","Project Financing","IsDB OCR"
"Pakistan","Chagai Water Management and Agriculture Development Project","The project aims at improving and diversifying agricultural production and productivity through the improvement of water use efficiency and the development and diversification of irrigated agriculture and animal productions, as well as organizing and supporting farmers' organizations.","5.255503","2003","Completed","Loan","Project Financing","IsDB OCR"
"Sudan","PARLIAMENT STREET AWQAF TOWER","PARLIAMENT STREET AWQAF TOWER","5.7","2003","Completed","Leasing","Project Financing","IsDB OCR"
"Chad","Mamdi Polder Project","The project is a part of the Chad Government is overall plan to reclaim 100,000 ha of polder land from the Chad lake. The project will isolate and dry up a part of lake to reclaim 1,630 ha for irrigated agriculture. The lake Chad Polders have been evaluated as oneof the best agricultural lands in the world.","5.92205","2003","Completed","Loan","Project Financing","IsDB OCR"
"Mali","Liptko-Gourma Livestock Development Project in Burkina Faso, Mali and Niger","The overall goal of the project is to promote the economic development of thetargeted communities in an integrated and global approach, by increasing theirincome and also maintaining and guaranteeing their food security therebyreducing the level of poverty in the region.","6.009808","2003","Completed","Loan","Project Financing","IsDB OCR"
"Chad","Mamdi Polder Project","The project is a part of the Chad Government is overall plan to reclaim 100,000 ha of polder land from the Chad lake. The project will isolate and dry up a part of lake to reclaim 1,630 ha for irrigated agriculture. The lake Chad Polders have been evaluated as oneof the best agricultural lands in the world.","6.1335","2003","Completed","Loan","Project Financing","IsDB OCR"
"Brunei","Center for Islamic Banking, Finance and Management, University of Brunei Project","The project aims at establishing a Center for Islamic Banking, Finance and Management within the University of Brunei Darussalan1 to provide necessary support to create, propagate and maintain a unique Islamic foundation for banking, finance and management operations","6.200047","2003","Completed","Istisna'a","Project Financing","IsDB OCR"
"Senegal","Health Sector Improvement Project in Tambacounda Region","The project aims at improving accessibility to health services through the rehabilitation and construction of health facilities and the quality of health care through the acquisition of adequate equipment.","6.230126","2003","Completed","Loan","Project Financing","IsDB OCR"
"Benin","Atlanique Telecom GSM Communication Network Project, Benin, Gabon, Niger","The project aims at consolidating the 900 MHz GSM digital mobile telephony networks acquired recently by Atlantique Telecom (in three West and Central African Countries namely Benin, Niger and Gabon). More specifically, the project's objective is two folds: on the one hand AT wishes to purchase and lease back the equipment procured from its supplier Siemens. On the other hand there is a strong need to install additional equipment to cope with the growing demand for mobile services and to extend the geographic radio coverage.","6.300609","2003","Completed","Leasing","Project Financing","IsDB OCR"
"Senegal","Education Development Project (IV)","The project aims at supporting the Ten-year Education and Training Programme (2000-2010) and in particular Phase II of the programme.","6.526202","2003","Completed","Loan","Project Financing","IsDB OCR"
"Albania","Durres General Hospital (Phase II) Project","The project aims at providing adequate health care services to the population of the city of Durres and its suburbs through providing the facilities for additional 160 inpatient medical ward beds.","6.667119","2003","Completed","Loan","Project Financing","IsDB OCR"
"Niger","Franco-Arabic Education Development Project (IV)","The proposed project aims at improving the development of education.","6.710567","2003","Completed","Loan","Project Financing","IsDB OCR"
"Mozambique","Beira Fishing Port Reconstruction Project","The project aims at improving the welfare of the population of the country and alleviating poverty by boosting fish landings and processing at the Beira port","6.743361","2003","Completed","Loan","Project Financing","IsDB OCR"
"Palestine","Rehabilitation and Reconstruction of the Essential Physical and Social Infrastructure Services in Selected Municipalities Project","The primary objective of the project is to support municipal services that the Palestinian population cannot afford, due to the sharp increase in poverty and unemployment, which placed great strain on municipal budgets.","6.878645","2003","Completed","Loan","Project Financing","IsDB OCR"
"Mali","Second Education Project","The project aims at supporting the implementation of the ten-year DevelopmentProgram for the Development of Education to contribute to improve quality ofeducation and expand access in the primary education.","6.958501","2003","Completed","Loan","Project Financing","IsDB OCR"
"Niger","Liptko-Grourma Livestock Development Project in Burkina Faso, Mali and Niger","The overall goal of the project is to promote the economic development of the targeted communities in an integrated and global approach.","7.008855","2003","Completed","Loan","Project Financing","IsDB OCR"
"Morocco","SEWERAGE PROJECT FOR NINE CENTERS","The project aims at improving of the environmental and sanitary conditions of population living in the rural concerned centres, through strengthening the capacities of the wastewater collection and treatment and protection of vulnerable receiving streams.","7.79304","2003","Completed","Loan","Project Financing","IsDB OCR"
"Sierra Leone","Social Action Support Project","The objective of the project is to mitigate the risk of a renewed conflict by improving the livelihoods of members of targeted poor communities through increased access to basic infrastructure and services.","8.03184","2003","Completed","Loan","Project Financing","IsDB OCR"
"Morocco","Emergency Flood Relief Program","The project aims at the protection of the towns of Settat, Mohammadia, and Benahmed form floods through construction of water works and protection dams.","8.10144","2003","Completed","Loan","Project Financing","IsDB OCR"
"Indonesia","Development of Islamic University of IAIN Sunan Kalijaga Project","The project aims at developing and expanding of the Islamic University of IAIN Sunan Kalijaga in Yogyakarta to include modem science faculties in addition to the traditional existing faculties of Islamic Studies.","8.237","2003","Completed","Instalment Sale","Project Financing","IsDB OCR"
"Burkina Faso","Liptko-Gourma Livestock Development Project (Burkina Faso, Mali, Niger)","The project aims at promoting the economic development of the targeted communities in an integrated and global approach, by increasing their income and also maintaining and guaranteeing food security.","8.297002","2003","Completed","Loan","Project Financing","IsDB OCR"
"Guinea","Rural Development Project in Kakossa","The project objective is to contribute to the food security and food self-sufficiency of the country and to improve living conditions of the population in Kakossa.","8.309328","2003","Completed","Loan","Project Financing","IsDB OCR"
"Jordan","Construction and Equipping of Schools Project","The project aims at the construction of 26 schools ( I 2 schools in rural areas and14 school$ in urban areas) distributed in 8 Governorates Jordan.","8.58864","2003","Completed","Loan","Project Financing","IsDB OCR"
"Kazakhstan","Modernization of Postal Services Project","The project aims at restructuring of the mail services and postal savings system of Kazpost with a view to making it commercially oriented and competitive through introduction of new technology and effective management information system.","9","2003","Completed","Instalment Sale","Project Financing","IsDB OCR"
"Burkina Faso","Construction of Kaya-Dori Road Project","The project aims at upgrading the existing Kaya_Dori Road (170 kms) from an earth road to a modern paved road including reconstruction of two embankments at Tougouri and Yalgo used as small dams for agriculture irrigation purposes.","9.044955","2003","Completed","Loan","Project Financing","IsDB OCR"
"Lebanon","Constuction and Reconstruction of Akkar Roads Project","The project aims at constructing and reconstructing 42.6 km of the main roadsconnecting several towns in Akkar District in northern Lebanon.","9.440142","2003","Completed","Loan","Project Financing","IsDB OCR"
"Guinea","Feeder Roads Coonstruction Project","The project aims at improving, using a network approach, about 1960km of unpaved feeder roads of which 600 km are made up ofprefectorial roads and 1360 km community roads, distributed in thepoorest prefectures.","9.567897","2003","Completed","Loan","Project Financing","IsDB OCR"
"Bangladesh","Greater Noakhali and Chittagong Districts Feeder Road Project","The project aims at providing better transport facilities through construction/reconstruction of feeder Roads and Rural roads including bridges/culverts to facilitate increased socioeconomic activities in the rural areas and to enhance the economic and commercial importance of the Growth Centres, Rural markets through improvement of their physical facilities.","9.5963","2003","Completed","Loan","Project Financing","IsDB OCR"
"Kazakhstan","Rural Water Supply Project","The project aims at improving the health and quality of life of rural population of the Karaganda Oblast, through provision of safe and easy access to drinking water services.","9.5963","2003","Completed","Loan","Project Financing","IsDB OCR"
"Mauritania","Nouakchot Water Supply Project","The major objective of the project is to satisfy the water demand in the capital Nouakchott for domestic and industrial purposes up to the horizon of 2030.","9.657666","2003","Completed","Loan","Project Financing","IsDB OCR"
"Mali","Construction of Saraya-Kita Regional Road Project in Senegal and Mali","The objective of the project is to improve the transfer of goods and servicesbetween Mali and Senegal, thereby improving their economic situation.","9.743669","2003","Completed","Loan","Project Financing","IsDB OCR"
"Senegal","Construction of Saraya-Kita Regional Road Project in Senegal and Mali","The project aims to improve the transfer of goods and services between Mali and Senegal through the construction of the Saraya-Kita regional road.","9.907072","2003","Completed","Loan","Project Financing","IsDB OCR"
"Côte d'Ivoire","Singrobo-Yamoussoukro Highway (Phase I) Project","The project aims at upgrading the 12_km long road from a paved road (2 lanes single carriageway) to a highway (dual carriageway).","9.962372","2003","Completed","Loan","Project Financing","IsDB OCR"
"Yemen","Construction of Faculty of Engineering at the Universty of Aden Project","The project aims at fostering the engineering education in Yemen through the construction and development of necessary building and facilities for the Faculty of Engineering at the University of Aden.","9.989","2003","Completed","Loan","Project Financing","IsDB OCR"
"Mali","Agricultural Development Project in the Region of Kangaba","The project aims at improving agricultural production in the Kangaba Region to alleviate poverty and improve food security through the construction of 10 small dams which will provide supply of water to the local farmers for irrigation purposes during the dry season. A reinforcement of the social infrastructure in the Region will also take place through the provision of 7 schools, 6 adult literacy centers, 10 health centers, 17 boreholes and wells.","10.020805","2003","Completed","Loan","Project Financing","IsDB OCR"
"Burkina Faso","Soum Hydro-Agricultural Development (Phase I) Project","The project aims at reducing food shortage and improving the food security by developing 1,008 ha of the fertile land around the Saum village.","10.088221","2003","Completed","Loan","Project Financing","IsDB OCR"
"Gambia","Kotu Ring Rural Water Supply System Project","The project aims at improving access to clean water by the population of Kotu Ring in order to improve their living condition and promote better health care.","10.221953","2003","Completed","Loan","Project Financing","IsDB OCR"
"Indonesia","Search and Rescue Communication Systems for Flights and Shipping Accidents Project","The project aims at fulfilling the certification requirements laid out by the International Maritime Organization/lnternational Civil Aviation Organization in communications system through the procurement of modern SAR equipment.","11.263","2003","Completed","Instalment Sale","Project Financing","IsDB OCR"
"Sudan","Construction of 22 Basic Schools in Southern Sudan Project","The project objective is to support the Government efforts of accommodating the school-age population and providing them necessary education by establishing 22 primary schools in selected areas in the Sothern States of Sudan.","11.526006","2003","Completed","Loan","Project Financing","IsDB OCR"
"Tajikistan","Dushanbe Water Supply Project","The project aims at providing safe and reliable water supply services through reconstruction of two water treatment plants.","11.7838","2003","Completed","Loan","Project Financing","IsDB OCR"
"Guinea","Acquisition of Diesel Engine Generators Project","The objective is to alleviate on urgent basis, the acute electricity shortage in the capital city and all main cities in the country, through the acquisition ofdiesel engine generator sets.","12.385","2003","Completed","Leasing","Project Financing","IsDB OCR"
"Yemen","Al-Sharq Al-Daleel Road (Phase II) Project","Project aims at completing the connection between the two towns of Al-Sharq and Al-Daleel through the construction of Uttmah - Al - Daleel Road.","13.709","2003","Completed","Loan","Project Financing","IsDB OCR"
"Jordan","Construction and Equipping of Schools Project","The project aims at the construction of 26 schools ( I 2 schools in rural areas and14 school$ in urban areas) distributed in 8 Governorates Jordan.","14.79","2003","Completed","Istisna'a","Project Financing","IsDB OCR"
"Morocco","SEWERAGE PROJECT FOR NINE CENTERS","The project aims at improving of the environmental and sanitary conditions of population living in the rural concerned centres, through strengthening the capacities of the wastewater collection and treatment and protection of vulnerable receiving streams.","15","2003","Completed","Istisna'a","Project Financing","IsDB OCR"
"Gabon","Atlantique Telecom GSM Project, Benin, Gabon, Niger","The project aims at consolidating the 900 MHz GSM digital mobile telephony networks acquired recently by Atlantique Telecom (in three West and Central African Countries namely Benin, Niger and Gabon). More specifically, the project's objective is two_folds: on the one hand AT will purchase and lease back the equipment procured from its supplier Siemens. On the other hand, there is a strong need to install additional equipment to cope with the growing demand for mobile services and to extend the geographic radio coverage.","18.440808","2003","Completed","Leasing","Project Financing","IsDB OCR"
"Benin","Atlanique Telecom GSM Communication Network Project, Benin, Gabon, Niger","The project aims at consolidating the 900 MHz GSM digital mobile telephony networks acquired recently by Atlantique Telecom (in three West and Central African Countries namely Benin, Niger and Gabon). More specifically, the project's objective is two folds: on the one hand AT wishes to purchase and lease back the equipment procured from its supplier Siemens. On the other hand there is a strong need to install additional equipment to cope with the growing demand for mobile services and to extend the geographic radio coverage.","19.868384","2003","Completed","Leasing","Project Financing","IsDB OCR"
"Indonesia","Development and Upgrading of Stain Malang State College Project","The objective of the project is to upgrade the StateCollege of Islamic Studies (STAIN) in Malang into afull-fledged Modem Islamic University.","21.506","2003","Completed","Istisna'a","Project Financing","IsDB OCR"
"Azerbaijan","Reconstruction of Ujar-Yevlakh Road Project","The project aims at reconstruction of the severely deteriorated existing 40 years old single carriageway Ujar_Yevlakh road and installation of the required safety devices to improve the quality of transport on the road by reducing vehicle operating cost, travel time, accidents and negative environmental impacts (vehicle emissions).","22","2003","Completed","Istisna'a","Project Financing","IsDB OCR"
"Indonesia","Development of Islamic University of IAIN Sunan Kalijaga Project","The project aims at developing and expanding of the Islamic University of IAIN Sunan Kalijaga in Yogyakarta to include modem science faculties in addition to the traditional existing faculties of Islamic Studies.","22.814","2003","Completed","Istisna'a","Project Financing","IsDB OCR"
"Morocco","Emergency Flood Relief Program","The project aims at the protection of the towns of Settat, Mohammadia, and Benahmed form floods through construction of water works and protection dams.","29.3","2003","Completed","Istisna'a","Project Financing","IsDB OCR"
"Algeria","Constantine and Mila Water Supply Project","The specific objective of this project is to deliver potable water supply to someof the localities indicated above, namely, the Wilaya of Constantine and theSouthern parts of the Wilaya of Mila.","29.302441","2003","Completed","Istisna'a","Project Financing","IsDB OCR"
"Tunisia","Health Project","The project aims at contributing to the Government's efforts towards human resource development through enhancing the performance of the health care systems by promoting equitable access to preventive and curative health.","30","2003","Completed","Instalment Sale","Project Financing","IsDB OCR"
"Iran","Khouzestan Steel Company Project","The aim of the project is to increase the production capacity from 2.4 Million tonnes per annum to 3.2 Million tonnes per annum","30.027","2003","Completed","Leasing","Project Financing","IsDB OCR"
"Lebanon","Sothern Coastal Highway Project","The project generally aims at expanding and enhancing the roadwaynetwork and facilitating the transport of passengers and goods inLebanon.","32.385","2003","Completed","Istisna'a","Project Financing","IsDB OCR"
"Malaysia","University of Technology (Phase II) Project","The project aims to enhance the quality of teaching and research at the University of Technology Malaysia","36.93","2003","Completed","Instalment Sale","Project Financing","IsDB OCR"
"Lebanon","Southwestern Beirut Infrastructure (Hawdh Al-Ghadeer) Project","The project aims at upgrading and expanding sections of Municipal Beirutinfrastructure including sewer and drainage systems, road superstructure andpublic utilities.","37.505","2003","Completed","Istisna'a","Project Financing","IsDB OCR"
"Côte d'Ivoire","Singrobo-Yamoussoukro Highway (Phase I) Project","The project aims at upgrading the 12_km long road from a paved road (2 lanes single carriageway) to a highway (dual carriageway).","38.61","2003","Completed","Istisna'a","Project Financing","IsDB OCR"
"Iran","Idaghmoosh Dam and Irrigation Network Project","The main objective of the proposed project is to alleviate poverty by increasing the household income and to prevent migration from the surrounding region of Mianeh city.","41.468625","2003","Completed","Istisna'a","Project Financing","IsDB OCR"
"Bahrain","Khalifa Bin Salman Sea Port Project","The project aims at constructing a new seaport in order to handle vessels of 80,000 DWT and handle about 2,000 ships every year for the coming 25 years modern facility.","46","2003","Completed","Istisna'a","Project Financing","IsDB OCR"
"U.A.E.","Airbus A330-243 Aircraft for Emirates Airlines Project","The project aims at contributing to the expansion of Emirates Airlinesfleet by purchasing a new Airbus model A330_243.  The aircraft will be equipped with two Rolls Royce Trent 772B_60 Engines, together with maintenance and technical records in the English language.  It is a purchase and lease back operation under Sukuk.","60","2003","Completed","Leasing","Project Financing","IsDB OCR"
"Cameroon","Microfinance Project for Nothern Cameroon","The project aims at supporting the actions of the Government in reducing poverty by increasing access to financial services for the ""unbankable"" rural micro and very small entrepreneurs in the said region.","0.077144","2002","Completed","Technical Assistance","Technical Assistance Operations","Other Funds"
"Tunisia","Microfinance Support Project","The objective of the project is to support the Government on a comprehensive Micro and Small Finance Program for reducing poverty through promotion of employment.","0.082383","2002","Completed","Technical Assistance","Technical Assistance Operations","Other Funds"
"Burkina Faso","F.S. and D.E.D. of a 2,000 ha Land Development Project in Dangoumana Region","The objective of the project is to conduct a feasibility study in order to design an agricultural project of 2000 ha in the Dangoumana region.","0.40371","2002","Completed","Technical Assistance","Technical Assistance Operations","Other Funds"
"Burkina Faso","F.S. and D.E.D. of a 2,000 ha Land Development Project in Dangoumana Region","The objective of the project is to conduct a feasibility study in order to design an agricultural project of 2000 ha in the Dangoumana region.","0.481761","2002","Completed","Loan","Project Financing","IsDB OCR"
"Tajikistan","Microfinance Project","The project aims at contributing to the Government's efforts to achieve economic growth and poverty reduction, through supporting ongoing efforts to foster the microfinance industry via capacity building, and the provision of micro-financing to micro-entrepreneurs","0.679547","2002","Completed","Loan","Project Financing","IsDB OCR"
"Burkina Faso","Third Health Project in Rural Areas","The project aims at constructing a medical centre with surgery and 33 health and social development centres.","0.708829","2002","Completed","Loan","Project Financing","Other Funds"
"Chad","Construction of 20 Health Centers in Biltine Project","The project aims at improving health coverage for the local population of the Biltine which is one of the least endowed region.","0.772139","2002","Completed","Loan","Project Financing","Other Funds"
"Cameroon","Microfinance Project for Nothern Cameroon","The project aims at supporting the actions of the Government in reducing poverty by increasing access to financial services for the ""unbankable"" rural micro and very small entrepreneurs in the said region.","0.991764","2002","Completed","Loan","Project Financing","IsDB OCR"
"Sudan","Al-Ma'arig Education Complex Project in Khartoum","The project aims at improving and raising the standards of basic and secondary education through establishing AI-Ma'arig Education Complex in Khartoum.","1.066476","2002","Completed","Loan","Project Financing","Other Funds"
"U.A.E.","ALKHAN RESIDENTIAL BUILDING IN SHARJAH,","ALKHAN RESIDENTIAL BUILDING IN  SHARJAH,","1.079975","2002","Completed","Leasing","Project Financing","IsDB OCR"
"Saudi Arabia","MADINA RESEARCH & STUDIES CENT ER","MADINA RESEARCH & STUDIES CENT ER","1.7","2002","Completed","Leasing","Project Financing","IsDB OCR"
"Saudi Arabia","MADINA RESEARCH & STUDIES CENT ER","MADINA RESEARCH & STUDIES CENT ER","2","2002","Completed","Leasing","Project Financing","Other Funds"
"Chad","Chad Bilingual Education Support Project - IV","The objective of the project is to improve the access to primary education through the construction and equipping of 260 classrooms in 4 regions of the country.","2.004655","2002","Completed","Loan","Project Financing","Other Funds"
"Maldives","Gan-Hithadhoo Link Road of the First Regional Development Project","The project aims at developing the Southern Region centered on the Gan to Hithadhoo island chain in Seenu Atoll to reduce the in_migration to Male which is at constant pressure on its resources and associated demand for water, power, sewerage, solid waste and social services seriously threaten the environment and qualityof life. The Gan_Hithadhoo Link Road is a part of the infrastructure requirements to develop the region. The project comprises of: connstruction of 17 Km Road from Gan to Hithadhoo, social infrastructure, environmental improvement and institutional building for the project management.","2.113737","2002","Completed","Loan","Project Financing","IsDB OCR"
"U.A.E.","ALKHAN RESIDENTIAL BUILDING IN SHARJAH,","ALKHAN RESIDENTIAL BUILDING IN  SHARJAH,","2.139025","2002","Completed","Leasing","Project Financing","Other Funds"
"Iran","Shahid Madani Dam and Irrigation Network (Phase I) Project","The project aims to control salinity in AjiCahi river and provide agricultural water with proper quality to develop Tabriz Plain area.","2.2","2002","Completed","Instalment Sale","Project Financing","IsDB OCR"
"Sierra Leone","Construction and Reconstruction of Kissy Mental Hospital Project","The main objectives of the project are to improve the general physical condition of the hospital, to improve the standard of psychiatric care in the country and to train personnel in psychiatric discipline.","2.462348","2002","Completed","Loan","Project Financing","IsDB OCR"
"Sudan","Health Centers and Malaria and Turberclulosis Control Project","The project objective is to supplement the health services through establishing and equipping malaria control centres, strengthening and expanding the existing TB control centres and establishing a National Centre for Diagnosis and treatment of TB and AIDS in Khartum.","3.06685","2002","Completed","Loan","Project Financing","Other Funds"
"Palestine","Printing of School Textbooks for the Academic Year 2002-2003","The project aims at providing support for the Palestinian education process that is currently suffering difficulties to maintain quality education and provide school  materials.","3.29511","2002","Completed","Loan","Project Financing","IsDB OCR"
"Chad","Chad Bilingual Education Support Project - IV","The objective of the project is to improve the access to primary education through the construction and equipping of 260 classrooms in 4 regions of the country.","3.456236","2002","Completed","Loan","Project Financing","IsDB OCR"
"Maldives","Gan-Hithadhoo Link Road of the First Regional Development Project","The project aims at developing the Southern Region centered on the Gan to Hithadhoo island chain in Seenu Atoll to reduce the in_migration to Male which is at constant pressure on its resources and associated demand for water, power, sewerage, solid waste and social services seriously threaten the environment and qualityof life. The Gan_Hithadhoo Link Road is a part of the infrastructure requirements to develop the region. The project comprises of: connstruction of 17 Km Road from Gan to Hithadhoo, social infrastructure, environmental improvement and institutional building for the project management.","4.157421","2002","Completed","Loan","Project Financing","IsDB OCR"
"Syria","Tannery Waste Collection and Treatment Project in Damascus","The project aims at rehabilitating of the Barada River which is polluted due to the increased industrial activities mainly effluents from nearby tanneries","4.159845","2002","Completed","Loan","Project Financing","IsDB OCR"
"Palestine","HOUSING PROJECT FOR AL QUDS, AL KHALIL GAZA CITIES","The program aims at enabling the middle income Palestinian population of Al Quds, Al-Khalil and Gaza Cities to build or rehabilitate their houses for which they obtained the construction permit from the Israeli authorities.","4.87648","2002","Completed","Loan","Project Financing","IsDB OCR"
"Sudan","Al-Ma'arig Education Complex Project in Khartoum","The project aims at improving and raising the standards of basic and secondary education through establishing AI-Ma'arig Education Complex in Khartoum.","5.125616","2002","Completed","Loan","Project Financing","IsDB OCR"
"Tunisia","Microfinance Support Project","The objective of the project is to support the Government on a comprehensive Micro and Small Finance Program for reducing poverty through promotion of employment.","5.430985","2002","Completed","Loan","Project Financing","IsDB OCR"
"Turkmenistan","Mary Diagnostics Center Project","The main objective of the project is to strengthen thediagnostic capability of the medical system and tocontinue the improvement of the delivery of qualityhealth care at velayat (province) level.","5.5","2002","Completed","Instalment Sale","Project Financing","IsDB OCR"
"Chad","Construction of 20 Health Centers in Biltine Project","The project aims at improving health coverage for the local population of the Biltine which is one of the least endowed region.","5.577936","2002","Completed","Loan","Project Financing","IsDB OCR"
"Côte d'Ivoire","Rural Water Points Project in Fromager and Savannah Regions","The project aims at drilling 800 productive boreholes and equipping 1,000 pumps in order to secure 15_20 liters per capita per day potablewater to the population of some villages in the Fromager and Savannah regions and to raise the average coverage of rural water points from 61% to 86% and from 54% to 84% respectively in the Fromager and Savannah.","5.961378","2002","Completed","Loan","Project Financing","IsDB OCR"
"Gambia","Reconstruction of Serrekunda-Madinaba Road (Phase II) Project","The project aims to upgrade the entire urban section of the Serrekunda- Madinaba road to dual carriageway about 14 km long starting from Serrekunda at Westfield junction to the Banjul International Airport junction.","6.121323","2002","Completed","Loan","Project Financing","IsDB OCR"
"Sudan","Health Centers and Malaria and Turberclulosis Control Project","The project objective is to supplement the health services through establishing and equipping malaria control centres, strengthening and expanding the existing TB control centres and establishing a National Centre for Diagnosis and treatment of TB and AIDS in Khartum.","6.400149","2002","Completed","Loan","Project Financing","IsDB OCR"
"Senegal","Construction of the Senegalese Warehouses Project in Bamako, Mali","The project aims at constructing storage facilities in Bamako owned by Senegal for achieving the following objectives: Enabling the storage of goods arriving to Bamako from Dakar, Easing the promoting of goods produced in Senegal and promoting Malian products in Senegal.","6.517","2002","Completed","Istisna'a","Project Financing","IsDB OCR"
"Cameroon","Construction and Equipment of District Hospitals and Health Centers in Four Provinces Project","The project aims at improving health coverage and access for the local population of six districts in four Provinces.","7.030982","2002","Completed","Loan","Project Financing","IsDB OCR"
"Morocco","Rural Electrification Project for the Provinces of Tetouan, Ifrane and Safi","The project aims to contributing to improve the standards of living of the rural population through availing electrical energy from the national grid.","7.111928","2002","Completed","Loan","Project Financing","IsDB OCR"
"Guinea","Telimele Integrated Rural Development Project","The objective of the project is to improve the food security, alleviate poverty and improve living conditions of the rural populations of the Province of Telimele.","7.498399","2002","Completed","Loan","Project Financing","IsDB OCR"
"Mali","Segou Integrated Rural Development Project","The main objective of the project is to improve the living conditions of the rural population living in the project area.","7.726245","2002","Completed","Loan","Project Financing","IsDB OCR"
"Burkina Faso","Primary Education Project III","The project aims at supporting the Basic Education program will improve the quality and the effectiveness of Basic Education.","8.081248","2002","Completed","Loan","Project Financing","IsDB OCR"
"Cameroon","Construction of Ayos-Bonis Road Project","The project aims at constructing Ayos_Bonis Road for opening up the East Province of Cameroon to enhance the development of the various economic sectors, especially forestry and agriculture.","8.087566","2002","Completed","Loan","Project Financing","IsDB OCR"
"Burkina Faso","Third Health Project in Rural Areas","The project aims at constructing a medical centre with surgery and 33 health and social development centres.","8.162815","2002","Completed","Loan","Project Financing","IsDB OCR"
"Gambia","KEREWAN-FARAFENNI ROAD","The project aims to upgrade the NorthBank Trunk Road to an all-weather paved road whichwill be raised to facilitate better drainage.","8.27008","2002","Completed","Loan","Project Financing","IsDB OCR"
"Albania","Reconstruction and Upgrading of Vore-Rinas-Fushe Kruje Road Project","The project aims at reconstructing and upgrading the road sections between Vore-Rinas-Fushe Kruje. with a total length of 11.1 km to accommodate the existing and forecasted traffic.","8.424082","2002","Completed","Loan","Project Financing","IsDB OCR"
"Senegal","Rural Water Supply Project in the Gorom Lampsar Area","The project aims to improve the living and health conditions in selected rural communities, through the provision of basic water supply services.","8.482638","2002","Completed","Loan","Project Financing","IsDB OCR"
"Bangladesh","Greater Comilla Infrastructure Project","The project aims at construction of 200 km feeder roads including 1,200 m bridges and culverts and 12 growth centres, improvement of existing rural access roads, improvement of physical facilities of the growth centres in order to enhance their economic and commercial importance, development of an effective communication network by improving partially developed important rural roads.","8.7647","2002","Completed","Loan","Project Financing","IsDB OCR"
"Mauritania","Construction of Nouakchott-Nouadhibou Road Project","The project aims at  facilitating the transport of passengers and goods between the national capital Nouakchott and the industrial capital Nouadhibou.","8.7647","2002","Completed","Loan","Project Financing","IsDB OCR"
"Senegal","Anambe Basin Hydro-Agricultural Development Project (Phase III)","The project aims to alleviate poverty and to improve food security through a sustainable increase in agricultural production and revenues in the Anambe Basin.","8.7647","2002","Completed","Loan","Project Financing","IsDB OCR"
"Jordan","New Central Library Complex in the University of Science and Technology Project","The main objective of the project is to develop new facilities for JUST Library byupgrading the Library service performance and modernizing the Library to meetthe increase in the number of the Library users for the next 20 Years.","8.768974","2002","Completed","Loan","Project Financing","IsDB OCR"
"Burkina Faso","Construction of the Bobo Dioulasso-Dedoughou Road Project","The project aims at improving the accessibility of a very large production area of the country with considerable agricultural potential through upgrading to an all weather road of the existing earth road linking Bobo Dioulasso to Dedougou.","8.7941","2002","Completed","Loan","Project Financing","IsDB OCR"
"Togo","Construction of Sokode-Tchamba-Kambole-Benin Border Road Project","The objectives are to improve the access to the Central Eastern region of the country, to reduce the costs of transport and vehicle operating costs, to encourage agricultural production.","8.916621","2002","Completed","Loan","Project Financing","IsDB OCR"
"Azerbaijan","Improvement of Physical and Social Infrastructure Facilities Affected by the Earthquake of Nov 2000","The project aims at mitigating the effects of the earthquake by restoring the damaged facilities.","8.939","2002","Completed","Loan","Project Financing","IsDB OCR"
"Mali","Construction of the Gao Bridge Project","The objective of the project is the construction of a bridge over the Niger River in Gao thereby linking the transaharian network to the national road network and roads coming from the neighbouring Republic of Niger and Burkina Faso.","9.0454","2002","Completed","Loan","Project Financing","IsDB OCR"
"Bangladesh","Construction of Government Primary Schools Project","The project aims at constructing 310 Government primary schools 17 Districts of Bangladesh to minimize illiteracy in rural areas, to meet the targets of the Primary Education Development Program, and to ensure proper educational environment in the constructed schools of the project areas.","9.4199","2002","Completed","Loan","Project Financing","IsDB OCR"
"Oman","Ibra Hospital Project","The project aims at strengthening the access to health services.","10.5","2002","Completed","Instalment Sale","Project Financing","IsDB OCR"
"Iran","POST FLOOD ASSISTANCE FOR GOLESTAN WATER RESOURCES","The project aims to construct flood protection infrastructure in Golestan Province.","14.5","2002","Completed","Istisna'a","Project Financing","IsDB OCR"
"Iran","Shahid Madani Dam and Irrigation Network (Phase I) Project","The project aims to control salinity in AjiCahi river and provide agricultural water with proper quality to develop Tabriz Plain area.","23.81","2002","Completed","Istisna'a","Project Financing","IsDB OCR"
"Tunisia","Expansion of Waste Water Treatment Plants of Choutrana and Sud Meliane Project","The project aims at strengthening the capacity of wastewater treatment for a sizeable part of the capital city through construction of two treatment plants in the vicinity of the existing treatment stations in Choutrana and Sud Meliane.","25.119461","2002","Completed","Istisna'a","Project Financing","IsDB OCR"
"Oman","Tana'am-Ramlat-Khailah Road Project","The project aims at the construction of a Road that connects Oman and Saudi Arabia to improve and facilitate the traditional relationship in trade, economic and socio-religious affairs between the two countries.","25.39","2002","Completed","Istisna'a","Project Financing","IsDB OCR"
"Oman","Construction of Rustaq-Miskin Road Project","The project aims at the construction of a Road to serve as inter regional road between Batinah and Dhahira regions of the Sultanate.","26.13","2002","Completed","Istisna'a","Project Financing","IsDB OCR"
"Sudan","Load Dispatching Center Project","The project objective is to increase the network security and reliability of the national grid operation, via supporting grid control with highly developed software functions for higher efficiency of generation, transmission and distribution; promoting energy management functions and scheduling; and accelerating the information exchange for economic energy and plant management.","27.53","2002","Completed","Leasing","Project Financing","IsDB OCR"
"Malaysia","Ministry of Health Hospitals Project","The project aims to support the Government in its effort to improve thehealth services by upgrading diagnostic imaging andintensive care unit (ICU) facilities in designated hospitalslocated in various parts of the country.","27.88","2002","Completed","Instalment Sale","Project Financing","IsDB OCR"
"Tunisia","Load Dispatching Centers Project","The project aims at upgrading of Medium voltage power transmission networks throughout the country and improving management in order to help meeting Tunisia's growing electricity demand by considerably improving reliability for users and reducing system losses.","29.55","2002","Completed","Instalment Sale","Project Financing","IsDB OCR"
"Morocco","Tetouan-Fnideg Highway Project","The project aims at constructing a two-lane dual carriageway highway section linking Tetouane city to Fnideq city.","41.153","2002","Completed","Istisna'a","Project Financing","IsDB OCR"
"Libya","Expansion Project of the Misurata Steel Complex","The project aims at increasing Misurata Steel Company production capacity of steel billets/blooms from 0.63 to l.2 million tons per year.","51.35","2002","Completed","Leasing","Project Financing","IsDB OCR"
"Iran","THE NATIONAL IRANIAN COPPER INDUSTRIES CO.(NICICO)","NICICO WILL PURCHASE PART OF THE EQUIPMENT NEEDED FOR MIDUK COPPER CONCENTRATOR PLANT  SARCHESHMEH COOPER CONCENTRATOR PLANT.","69.8","2002","Completed","Leasing","Project Financing","IsDB OCR"